CustomerID,order_count,total_spend,avg_order_value
14646,73,280206.02,3838.4386301369864
18102,60,259657.30000000002,4327.621666666667
17450,46,194390.79,4225.886739130435
16446,2,168472.5,84236.25
14911,201,143711.17,714.980945273632
12415,21,124914.53,5948.310952380953
14156,55,117210.08,2131.0923636363636
17511,31,91062.38,2937.496129032258
16029,63,80850.84,1283.3466666666666
12346,1,77183.6,77183.6
16684,28,66653.56,2380.4842857142858
14096,17,65164.79,3833.2229411764706
13694,50,65039.62,1300.7924
15311,91,60632.75,666.2939560439561
13089,97,58762.08,605.7946391752578
17949,45,58510.48,1300.232888888889
15769,26,56252.72,2163.566153846154
15061,48,54534.14,1136.1279166666666
14298,44,51527.3,1171.075
14088,13,50491.81,3883.9853846153846
15749,3,44534.3,14844.766666666668
12931,15,42055.96,2803.730666666667
17841,124,40519.84,326.77290322580643
15098,3,39916.5,13305.5
13798,57,37153.85,651.8219298245614
16013,47,37130.6,790.0127659574467
16422,51,34684.4,680.086274509804
15838,19,33643.08,1770.6884210526316
12748,209,33053.19,158.14923444976077
17404,15,31906.82,2127.1213333333335
17389,34,31833.68,936.2847058823529
13098,28,28882.44,1031.5157142857142
14680,16,28754.11,1797.131875
13081,11,28337.38,2576.1254545454544
13408,62,28117.04,453.5006451612903
17857,23,26879.04,1168.6539130434783
16333,22,26626.8,1210.3090909090909
13777,33,25977.16,787.1866666666666
12753,6,21429.39,3571.565
12744,7,21279.29,3039.8985714285714
16210,18,21086.3,1171.461111111111
17675,31,20374.28,657.2348387096774
17381,29,20275.61,699.1589655172414
12471,30,19788.65,659.6216666666667
15039,47,19766.59,420.5657446808511
12731,12,18895.91,1574.6591666666666
15159,30,18641.010000000002,621.3670000000001
12901,28,17654.54,630.5192857142857
12678,12,17628.46,1469.0383333333332
14031,19,17286.86,909.8347368421053
17428,28,17256.850000000002,616.3160714285715
13767,37,17220.36,465.41513513513513
13881,20,17159.52,857.976
16839,34,16594.35,488.06911764705876
12921,37,16587.09,448.29972972972973
17677,30,16345.38,544.846
15189,41,16225.390000000001,395.74121951219513
14607,14,16209.5,1157.8214285714287
15856,27,16143.64,597.9125925925925
14051,23,15610.390000000001,678.7126086956522
15513,19,14758.220000000001,776.7484210526317
16133,33,14589.04,442.09212121212124
14866,12,14389.900000000001,1199.1583333333335
16705,20,14034.99,701.7495
12681,22,13787.54,626.7063636363637
12621,20,13689.67,684.4835
12540,17,13400.24,788.2494117647059
12433,7,13375.87,1910.8385714285716
15498,27,13316.4,493.2
12477,6,13219.74,2203.29
17735,19,13110.02,690.001052631579
16525,26,13027.45,501.0557692307693
14258,9,12669.98,1407.7755555555555
13078,26,12627.94,485.69
12536,3,12601.830000000002,4200.610000000001
15640,15,12416.11,827.7406666666667
16000,3,12393.7,4131.233333333334
17340,11,12353.29,1123.0263636363636
12682,31,12279.82,396.1232258064516
13113,24,12245.960000000001,510.2483333333334
14606,93,12076.15,129.8510752688172
12557,5,11990.960000000001,2398.192
12939,8,11581.8,1447.725
15125,15,11528.48,768.5653333333333
14194,21,11349.52,540.4533333333334
12971,86,11189.91,130.11523255813952
14895,20,11138.710000000001,556.9355
12409,3,11072.67,3690.89
17581,25,11025.24,441.0096
15482,12,10879.76,906.6466666666666
13319,26,10845.55,417.1365384615384
17107,6,10797.48,1799.58
13340,7,10736.48,1533.782857142857
17139,12,10650.77,887.5641666666667
16779,22,10611.72,482.35090909090906
17865,20,10526.32,526.316
17706,17,10504.49,617.9111764705882
15251,11,10484.99,953.180909090909
14062,12,10464.85,872.0708333333333
14769,8,10416.98,1302.1225
15615,23,10399.74,452.1626086956522
15502,12,10384.93,865.4108333333334
16180,8,10254.18,1281.7725
16843,16,10196.57,637.285625
12590,2,9864.26,4932.13
13199,38,9817.12,258.34526315789475
13001,13,9785.970000000001,752.7669230769231
15078,32,9743.11,304.4721875
12709,15,9706.52,647.1013333333334
13458,14,9646.57,689.0407142857142
14733,12,9585.91,798.8258333333333
16523,21,9418.470000000001,448.4985714285715
12567,10,9401.28,940.128
14367,16,9227.82,576.73875
14667,25,9175.04,367.00160000000005
18092,11,9068.26,824.3872727272727
12451,5,9035.52,1807.104
13969,18,9024.17,501.34277777777777
13488,13,8968.31,689.87
13090,14,8910.82,636.4871428571429
16033,20,8778.82,438.941
17017,20,8694.26,434.713
17306,19,8631.31,454.2794736842105
16656,15,8625.800000000001,575.0533333333334
17243,26,8540.05,328.4634615384615
14527,55,8507.13,154.6750909090909
12683,15,8476.57,565.1046666666666
18139,6,8438.34,1406.39
15358,22,8347.2,379.41818181818184
16558,20,8338.49,416.92449999999997
14056,23,8152.71,354.46565217391304
14936,8,8137.02,1017.1275
16672,20,8134.9400000000005,406.747
13854,25,8109.5199999999995,324.38079999999997
14952,11,8099.49,736.3172727272727
18109,26,8004.92,307.88153846153847
14796,17,7975.49,469.1464705882353
12428,9,7956.46,884.0511111111111
15290,18,7943.22,441.29
14849,25,7930.54,317.2216
12757,13,7834.650000000001,602.6653846153847
13093,8,7832.47,979.05875
12435,2,7829.890000000001,3914.9450000000006
13629,11,7792.36,708.3963636363636
17811,39,7761.82,199.02102564102563
15044,17,7634.7300000000005,449.1017647058824
15194,15,7616.53,507.76866666666666
18172,20,7561.68,378.084
13263,35,7436.93,212.48371428571429
12980,9,7374.900000000001,819.4333333333334
15465,18,7354.62,408.59
17396,8,7330.8,916.35
12474,18,7324.09,406.8938888888889
12583,15,7281.38,485.42533333333336
13018,28,7277.7,259.91785714285714
18229,20,7276.9,363.84499999999997
16729,21,7205.33,343.11095238095237
16745,17,7180.7,422.3941176470588
16873,6,7123.62,1187.27
13324,10,7121.95,712.1949999999999
16923,19,7069.08,372.0568421052632
13985,15,7060.13,470.67533333333336
14961,9,7044.68,782.7422222222223
12766,7,6989.63,998.5185714285715
12798,3,6977.04,2325.68
12989,15,6924.11,461.6073333333333
13027,6,6912.0,1152.0
16187,15,6911.4400000000005,460.7626666666667
16713,15,6910.78,460.71866666666665
17416,7,6893.42,984.7742857142857
12705,9,6868.29,763.1433333333333
12476,11,6816.42,619.6745454545454
12830,6,6814.64,1135.7733333333333
15601,14,6776.56,484.04
16652,7,6773.97,967.71
18055,10,6761.34,676.134
16532,3,6748.8,2249.6
15023,11,6720.41,610.9463636363636
13576,18,6717.34,373.18555555555554
15249,13,6688.46,514.496923076923
16746,18,6680.11,371.1172222222222
16353,23,6675.71,290.24826086956523
12626,9,6620.48,735.6088888888888
16182,4,6617.65,1654.4125
15144,17,6580.4400000000005,387.084705882353
12472,7,6572.110000000001,938.8728571428572
17338,8,6493.54,811.6925
18223,14,6484.54,463.18142857142857
15694,14,6479.4,462.8142857142857
13225,7,6463.84,923.4057142857143
13102,24,6424.09,267.67041666666665
12431,15,6419.95,427.99666666666667
16814,21,6416.7,305.5571428571428
13871,13,6403.25,492.5576923076923
12359,4,6310.030000000001,1577.5075000000002
13668,21,6309.83,300.46809523809526
13709,13,6307.65,485.20384615384614
15005,28,6295.37,224.83464285714285
16126,4,6287.77,1571.9425
17315,38,6281.2300000000005,165.2955263157895
14057,17,6211.66,365.39176470588234
12357,1,6207.67,6207.67
14060,19,6140.42,323.18
13418,18,6127.43,340.4127777777778
15939,15,6115.01,407.6673333333334
17509,8,6083.639999999999,760.4549999999999
14735,32,6065.6900000000005,189.55281250000002
13097,10,6003.22,600.322
12637,8,6002.900000000001,750.3625000000001
14101,6,5976.79,996.1316666666667
15382,6,5955.71,992.6183333333333
14944,12,5900.25,491.6875
13209,8,5891.61,736.45125
13534,25,5870.08,234.8032
14505,8,5859.43,732.42875
14415,13,5855.57,450.42846153846153
13050,17,5836.860000000001,343.34470588235297
12720,25,5781.73,231.26919999999998
15218,11,5756.89,523.3536363636364
17686,7,5739.46,819.9228571428572
13316,4,5732.93,1433.2325
13178,11,5725.47,520.4972727272727
16553,12,5719.82,476.65166666666664
13468,37,5704.97,154.1883783783784
14110,12,5683.150000000001,473.59583333333336
17716,11,5655.99,514.180909090909
13004,18,5655.91,314.21722222222223
17049,9,5655.03,628.3366666666666
18118,26,5625.08,216.34923076923076
17757,30,5593.39,186.44633333333334
12839,14,5591.42,399.38714285714286
12481,10,5579.82,557.982
14688,21,5579.1,265.6714285714286
14049,4,5578.72,1394.68
16767,11,5575.56,506.86909090909097
12539,4,5568.35,1392.0875
16161,19,5533.67,291.2457894736842
18225,12,5504.96,458.74666666666667
16609,7,5493.46,784.78
15805,17,5488.18,322.83411764705886
16985,10,5464.12,546.412
16265,9,5447.0,605.2222222222222
18198,17,5425.56,319.15058823529415
12490,10,5417.93,541.793
17809,12,5411.91,450.9925
16701,13,5398.3,415.25384615384615
17719,15,5396.04,359.736
17850,34,5391.21,158.565
16303,3,5360.63,1786.8766666666668
13269,15,5343.28,356.21866666666665
17730,13,5298.4800000000005,407.5753846153847
15150,10,5291.33,529.133
17061,11,5232.2300000000005,475.65727272727275
18226,11,5228.05,475.27727272727276
12362,10,5226.2300000000005,522.623
16258,5,5203.51,1040.702
13756,14,5189.52,370.68
16191,13,5180.52,398.5015384615385
15727,7,5159.06,737.0085714285715
13599,21,5149.92,245.2342857142857
17858,12,5140.66,428.3883333333333
15903,7,5126.76,732.3942857142857
13941,5,5112.96,1022.592
15046,15,5090.42,339.36133333333333
16700,13,5076.55,390.50384615384615
13139,7,5064.9400000000005,723.5628571428572
12432,5,5059.32,1011.8639999999999
17602,6,5054.42,842.4033333333333
15301,12,5049.95,420.82916666666665
17426,6,5037.26,839.5433333333334
15719,13,5030.07,386.92846153846153
14755,11,5010.28,455.47999999999996
14562,18,5006.77,278.1538888888889
12444,5,5005.46,1001.092
14329,7,4975.24,710.7485714285714
15032,3,4959.1,1653.0333333333335
12437,18,4951.41,275.0783333333333
12700,4,4939.99,1234.9975
14709,13,4921.04,378.54153846153844
15786,3,4919.0,1639.6666666666667
15547,14,4910.6,350.75714285714287
17133,7,4892.240000000001,698.8914285714287
12664,9,4881.88,542.4311111111111
12688,1,4873.81,4873.81
14292,9,4871.93,541.3255555555556
17652,12,4867.72,405.6433333333334
15738,16,4812.42,300.77625
13013,13,4810.9400000000005,370.07230769230773
15298,12,4799.9,399.9916666666666
15555,16,4794.86,299.67875
15187,16,4777.18,298.57375
17365,8,4767.36,595.92
12955,11,4757.16,432.4690909090909
14180,25,4748.52,189.94080000000002
15152,13,4745.6900000000005,365.05307692307696
16722,13,4730.8099999999995,363.9084615384615
17690,15,4726.8,315.12
12714,5,4708.86,941.7719999999999
14135,15,4690.31,312.68733333333336
14191,13,4684.76,360.36615384615385
15291,15,4668.3,311.22
14189,15,4654.08,310.272
14390,9,4642.57,515.8411111111111
14159,11,4630.35,420.94090909090914
14286,3,4628.75,1542.9166666666667
13802,3,4599.42,1533.14
15093,6,4597.02,766.1700000000001
14004,7,4582.64,654.6628571428572
16931,21,4554.87,216.89857142857142
17068,21,4552.14,216.76857142857145
17613,14,4544.55,324.6107142857143
12484,6,4527.32,754.5533333333333
13267,19,4521.49,237.97315789473683
15299,7,4507.01,643.8585714285715
12524,8,4485.72,560.715
17975,13,4483.26,344.86615384615385
14426,10,4481.67,448.16700000000003
12627,7,4478.53,639.79
17364,11,4462.68,405.69818181818187
16984,2,4459.52,2229.76
13069,24,4431.44,184.64333333333332
14085,18,4421.29,245.62722222222223
15955,14,4416.26,315.44714285714286
16626,17,4413.1,259.59411764705885
15874,7,4405.88,629.4114285714286
14534,18,4397.3,244.29444444444445
12712,13,4396.13,338.1638461538462
13505,4,4393.63,1098.4075
12752,1,4366.78,4366.78
16945,19,4345.5,228.71052631578948
14016,4,4341.21,1085.3025
14800,12,4331.79,360.9825
17567,8,4331.48,541.435
18251,1,4314.72,4314.72
12347,7,4310.0,615.7142857142857
17937,7,4301.22,614.46
15034,8,4274.16,534.27
14422,6,4263.64,710.6066666666667
12500,11,4257.82,387.07454545454544
17419,12,4226.57,352.21416666666664
14525,9,4215.9,468.4333333333333
15804,13,4206.39,323.5684615384616
15971,12,4199.85,349.9875
12747,11,4196.01,381.4554545454546
14146,5,4191.0,838.2
14277,3,4188.0,1396.0
12949,8,4167.22,520.9025
13384,7,4151.93,593.1328571428572
15570,12,4148.82,345.73499999999996
13988,6,4147.96,691.3266666666667
12569,32,4124.6900000000005,128.89656250000002
17920,17,4119.5,242.3235294117647
16592,16,4113.68,257.105
13555,4,4098.88,1024.72
16401,12,4098.32,341.52666666666664
18041,21,4097.37,195.11285714285714
16670,11,4095.9,372.3545454545455
12749,5,4090.88,818.176
14092,14,4076.9100000000003,291.20785714285716
12449,4,4067.29,1016.8225
17377,20,4058.32,202.916
18087,2,4055.7200000000003,2027.8600000000001
14401,13,4051.48,311.6523076923077
12656,5,4051.17,810.234
16549,10,4034.9,403.49
13815,4,4027.36,1006.84
15514,11,4023.7200000000003,365.7927272727273
17940,10,4020.04,402.004
12957,8,4017.54,502.1925
12867,7,4009.34,572.7628571428571
12378,1,4008.62,4008.62
16186,12,4006.94,333.9116666666667
12841,25,3991.58,159.6632
17001,11,3989.57,362.6881818181818
15416,4,3984.32,996.08
12779,8,3981.36,497.67
12727,7,3980.7,568.6714285714286
14547,8,3974.75,496.84375
14299,9,3965.62,440.6244444444444
13523,5,3964.88,792.976
15529,11,3962.6,360.23636363636365
17611,15,3961.12,264.07466666666664
13183,9,3957.78,439.75333333333333
17769,10,3957.4300000000003,395.74300000000005
17651,10,3945.0,394.5
12473,5,3928.05,785.61
17593,5,3923.86,784.772
14739,7,3902.28,557.4685714285714
13999,12,3901.8100000000004,325.15083333333337
14291,11,3883.25,353.02272727272725
15195,1,3861.0,3861.0
18073,12,3859.82,321.6516666666667
12662,11,3849.78,349.98
16717,6,3843.08,640.5133333333333
13266,12,3834.2599999999998,319.52166666666665
17091,9,3827.76,425.3066666666667
16327,6,3820.27,636.7116666666667
12755,2,3811.9500000000003,1905.9750000000001
12597,4,3811.22,952.805
15867,15,3810.14,254.00933333333333
13435,7,3809.89,544.27
12668,4,3807.15,951.7875
16145,11,3799.49,345.4081818181818
16655,6,3789.52,631.5866666666667
16168,27,3787.6,140.28148148148148
16019,9,3786.24,420.6933333333333
12562,7,3781.74,540.2485714285714
17173,8,3766.6000000000004,470.82500000000005
13124,3,3756.33,1252.11
12429,4,3750.4,937.6
14145,4,3742.2,935.55
13552,12,3740.07,311.6725
16570,10,3738.4,373.84000000000003
12502,5,3723.87,744.774
12647,12,3722.82,310.235
13680,4,3719.12,929.78
17238,17,3719.1,218.7705882352941
16240,2,3718.8,1859.4
14364,8,3717.35,464.66875
15845,8,3711.77,463.97125
15622,9,3709.56,412.17333333333335
17819,7,3704.87,529.2671428571429
15379,7,3703.29,529.0414285714286
14282,15,3701.44,246.76266666666666
12553,10,3692.28,369.228
16253,2,3683.86,1841.93
13148,12,3683.26,306.93833333333333
15581,13,3675.77,282.7515384615385
15296,6,3672.86,612.1433333333333
16904,16,3653.75,228.359375
15808,4,3651.2700000000004,912.8175000000001
12417,9,3649.1,405.4555555555555
13426,10,3641.32,364.132
12619,9,3641.24,404.5822222222222
16440,5,3640.67,728.134
13381,6,3639.31,606.5516666666666
17230,8,3638.41,454.80125
17528,8,3628.5,453.5625
13327,8,3627.77,453.47125
13520,6,3624.35,604.0583333333333
13082,9,3613.63,401.51444444444445
18079,4,3613.15,903.2875
16712,11,3611.31,328.3009090909091
15505,5,3610.96,722.192
13137,8,3603.29,450.41125
14543,16,3599.73,224.983125
15484,4,3590.41,897.6025
14132,11,3586.03,326.00272727272727
16242,7,3579.86,511.40857142857146
17576,19,3564.83,187.62263157894736
14040,12,3560.32,296.6933333333333
17203,6,3560.08,593.3466666666667
17491,10,3558.87,355.887
15544,9,3546.71,394.0788888888889
14503,6,3543.26,590.5433333333334
12370,4,3541.94,885.485
13448,6,3534.6900000000005,589.1150000000001
12454,1,3528.34,3528.34
17160,6,3518.0299999999997,586.3383333333333
13953,7,3515.68,502.23999999999995
15113,3,3509.4300000000003,1169.8100000000002
16131,6,3506.5400000000004,584.4233333333334
13334,3,3502.32,1167.44
14907,7,3501.1,500.15714285714284
16458,18,3482.7400000000002,193.48555555555558
14395,9,3479.9100000000003,386.6566666666667
13993,9,3466.36,385.1511111111111
13014,10,3466.2799999999997,346.628
15410,8,3450.84,431.355
16360,6,3450.41,575.0683333333333
15129,11,3447.4,313.40000000000003
13536,7,3444.39,492.05571428571426
15974,7,3442.15,491.7357142857143
17725,11,3439.08,312.64363636363635
15676,3,3435.7599999999998,1145.2533333333333
14221,9,3432.8,381.4222222222222
12406,2,3415.3,1707.65
15981,8,3408.48,426.06
17758,8,3408.2,426.025
13437,7,3408.0600000000004,486.8657142857143
17669,7,3406.7200000000003,486.67428571428576
13198,6,3401.2400000000002,566.8733333333333
15228,4,3386.71,846.6775
13842,9,3385.62,376.18
16011,16,3352.96,209.56
14227,10,3350.96,335.096
16818,11,3349.57,304.50636363636363
16607,14,3347.71,239.12214285714285
17183,6,3347.31,557.885
12643,6,3344.64,557.4399999999999
12613,5,3344.38,668.876
13015,5,3339.64,667.928
12594,10,3338.2200000000003,333.822
16556,7,3313.79,473.3985714285714
13373,3,3312.25,1104.0833333333333
14841,6,3295.76,549.2933333333334
15632,8,3285.31,410.66375
12480,4,3281.63,820.4075
15764,6,3279.9700000000003,546.6616666666667
17723,6,3276.4000000000005,546.0666666666667
14702,17,3251.79,191.28176470588235
13952,2,3251.071,1625.5355
13047,10,3237.54,323.754
15708,7,3235.25,462.17857142857144
14175,3,3222.2999999999997,1074.1
13880,13,3219.77,247.67461538461538
15443,7,3213.59,459.0842857142857
14388,8,3212.84,401.605
16107,7,3204.1600000000003,457.7371428571429
13868,2,3192.54,1596.27
13758,7,3190.55,455.79285714285714
14844,4,3189.81,797.4525
17220,14,3187.55,227.68214285714288
17050,6,3185.64,530.9399999999999
12456,3,3181.04,1060.3466666666666
17672,2,3178.17,1589.085
13268,11,3174.75,288.6136363636364
16837,11,3170.98,288.2709090909091
16041,3,3166.4,1055.4666666666667
17863,6,3160.0,526.6666666666666
15065,4,3158.13,789.5325
17685,7,3155.83,450.8328571428571
15861,8,3146.92,393.365
14235,5,3144.86,628.972
17231,10,3124.72,312.472
13685,7,3119.44,445.63428571428574
16678,12,3109.9900000000002,259.16583333333335
13742,12,3107.87,258.9891666666667
14099,11,3104.17,282.1972727272727
15491,6,3100.09,516.6816666666667
14257,5,3099.7200000000003,619.9440000000001
14565,4,3099.1200000000003,774.7800000000001
13135,1,3096.0,3096.0
16156,9,3092.04,343.56
13362,4,3090.7400000000002,772.6850000000001
16218,7,3084.68,440.6685714285714
13869,4,3083.65,770.9125
17059,5,3080.39,616.078
15998,5,3080.22,616.044
18272,6,3078.58,513.0966666666667
12910,8,3075.04,384.38
13631,11,3070.42,279.1290909090909
16940,3,3049.88,1016.6266666666667
16393,13,3040.96,233.92000000000002
16326,14,3039.22,217.08714285714285
17799,10,3039.17,303.91700000000003
16905,7,3037.6,433.9428571428571
16709,5,3029.87,605.9739999999999
12598,8,3023.08,377.885
12395,12,3018.63,251.5525
18094,7,3017.3,431.04285714285714
14456,9,3017.2799999999997,335.25333333333333
12754,3,3010.74,1003.5799999999999
15521,8,3000.2,375.025
17659,12,2999.46,249.955
17504,9,2997.03,333.00333333333333
12670,5,2996.05,599.21
14307,6,2995.72,499.28666666666663
15687,9,2993.1,332.56666666666666
14639,6,2984.49,497.41499999999996
14032,11,2975.59,270.5081818181818
15854,12,2969.12,247.42666666666665
16497,6,2965.69,494.2816666666667
17924,7,2962.5,423.2142857142857
16686,7,2959.88,422.84000000000003
14868,8,2953.59,369.19875
12916,4,2944.95,736.2375
17444,3,2940.04,980.0133333333333
16316,8,2938.91,367.36375
17512,10,2924.99,292.49899999999997
15606,9,2920.16,324.4622222222222
12906,5,2919.8100000000004,583.9620000000001
14112,7,2915.15,416.45
12438,2,2906.85,1453.425
13451,5,2898.2599999999998,579.6519999999999
17644,11,2895.64,263.24
18144,12,2888.75,240.72916666666666
12408,5,2888.5499999999997,577.7099999999999
13735,4,2883.54,720.885
16633,6,2883.1,480.51666666666665
14251,5,2879.7,575.9399999999999
17728,3,2876.01,958.6700000000001
14005,5,2874.72,574.944
15628,9,2870.2400000000002,318.91555555555556
13901,5,2867.2000000000003,573.44
12685,6,2863.08,477.18
14530,6,2862.11,477.0183333333334
18145,4,2861.55,715.3875
14535,3,2854.84,951.6133333333333
14711,11,2839.62,258.1472727272727
14852,6,2836.69,472.7816666666667
14842,4,2824.69,706.1725
16928,17,2814.7,165.5705882352941
16871,6,2812.34,468.72333333333336
12356,3,2811.43,937.1433333333333
18230,7,2810.2000000000003,401.4571428571429
17596,7,2806.69,400.9557142857143
14572,7,2804.54,400.6485714285714
16081,5,2799.42,559.884
13769,10,2796.51,279.651
14903,5,2795.33,559.066
12578,2,2794.51,1397.255
12758,2,2791.59,1395.795
17739,7,2791.35,398.7642857142857
14626,4,2791.27,697.8175
16764,13,2790.9500000000003,214.68846153846155
17213,7,2781.23,397.31857142857143
12388,6,2780.6600000000003,463.4433333333334
15984,10,2780.63,278.063
14121,4,2780.15,695.0375
15993,7,2777.67,396.81
13870,8,2770.94,346.3675
15114,10,2760.56,276.056
13971,8,2758.26,344.7825
13230,14,2755.63,196.8307142857143
15321,3,2748.31,916.1033333333334
17084,2,2747.99,1373.995
12669,3,2744.0299999999997,914.6766666666666
13174,3,2742.8199999999997,914.2733333333332
14854,7,2740.03,391.4328571428572
16003,5,2735.3700000000003,547.0740000000001
12840,4,2726.77,681.6925
15673,4,2726.23,681.5575
12380,4,2724.8100000000004,681.2025000000001
17838,5,2720.8,544.1600000000001
14125,3,2720.63,906.8766666666667
14808,8,2718.6,339.825
15356,10,2718.03,271.803
12708,10,2712.91,271.291
16938,4,2711.6800000000003,677.9200000000001
15696,8,2711.11,338.88875
17069,9,2709.7,301.0777777777778
13285,4,2709.12,677.28
15796,8,2708.61,338.57625
13654,6,2707.33,451.22166666666664
14107,7,2703.23,386.17571428571426
14732,8,2702.4900000000002,337.81125000000003
17386,6,2686.42,447.7366666666667
12625,2,2683.82,1341.91
13883,5,2674.48,534.896
18097,6,2662.4,443.73333333333335
14713,11,2662.2,242.0181818181818
12360,3,2662.06,887.3533333333334
14439,1,2661.2400000000002,2661.2400000000002
15671,7,2657.13,379.59000000000003
12721,6,2656.13,442.68833333333333
13851,3,2651.46,883.82
16618,5,2647.59,529.518
13658,5,2639.17,527.8340000000001
17655,7,2638.94,376.99142857142857
13771,4,2634.45,658.6125
12520,5,2634.2599999999998,526.852
17402,13,2633.85,202.60384615384615
18260,6,2628.35,438.05833333333334
15752,7,2626.6,375.2285714285714
13422,1,2626.3,2626.3
13644,4,2624.26,656.065
17346,15,2622.88,174.85866666666666
18210,6,2621.38,436.8966666666667
16255,8,2619.91,327.48875
14262,8,2618.23,327.27875
13021,9,2616.38,290.7088888888889
15782,3,2614.74,871.5799999999999
14397,19,2612.96,137.52421052631578
18075,10,2611.75,261.175
12836,4,2610.36,652.59
12726,7,2609.1,372.7285714285714
13136,5,2607.61,521.522
13983,12,2603.4300000000003,216.95250000000001
17317,3,2600.34,866.7800000000001
17965,14,2599.19,185.65642857142856
12600,10,2599.04,259.904
14408,7,2599.03,371.29
13895,4,2593.07,648.2675
16919,11,2592.25,235.6590909090909
16241,13,2590.31,199.2546153846154
14243,10,2588.77,258.877
13804,7,2588.39,369.77
18077,11,2584.41,234.94636363636363
13911,9,2580.91,286.7677777777778
14546,5,2573.93,514.786
18245,7,2567.06,366.72285714285715
15485,3,2564.5,854.8333333333334
16308,4,2560.0,640.0
15033,10,2557.18,255.718
16912,11,2555.58,232.32545454545453
14334,8,2552.21,319.02625
14676,6,2548.2400000000002,424.7066666666667
14776,11,2538.3,230.75454545454548
17700,4,2534.6400000000003,633.6600000000001
15572,7,2533.42,361.9171428571429
14659,9,2529.93,281.1033333333333
17314,8,2527.92,315.99
14701,9,2526.09,280.6766666666667
13394,8,2520.02,315.0025
17449,7,2519.21,359.88714285714286
15245,3,2515.84,838.6133333333333
13344,3,2511.69,837.23
12352,8,2506.04,313.255
13695,15,2504.13,166.942
13471,4,2501.84,625.46
15932,8,2495.87,311.98375
16477,7,2494.46,356.3514285714286
15271,15,2493.34,166.22266666666667
12483,8,2484.98,310.6225
12913,5,2483.63,496.726
12517,5,2481.6,496.32
14315,6,2481.13,413.5216666666667
13507,4,2479.1600000000003,619.7900000000001
13588,9,2478.95,275.43888888888887
17682,6,2474.33,412.3883333333333
17188,7,2474.23,353.4614285714286
14766,6,2473.37,412.2283333333333
16710,10,2467.9900000000002,246.79900000000004
17164,7,2467.35,352.4785714285714
12455,6,2466.86,411.1433333333334
17131,5,2463.17,492.634
15750,8,2463.05,307.88125
13784,11,2462.79,223.89
13975,6,2461.24,410.20666666666665
15674,5,2446.6,489.32
14163,4,2445.91,611.4775
14502,11,2429.83,220.89363636363635
17071,9,2429.03,269.89222222222224
15527,8,2428.53,303.56625
13949,6,2427.32,404.55333333333334
16143,6,2424.94,404.1566666666667
17722,4,2424.04,606.01
15089,6,2420.84,403.47333333333336
15373,12,2415.9100000000003,201.32583333333335
12397,2,2409.8999999999996,1204.9499999999998
17589,4,2404.17,601.0425
15980,3,2398.86,799.62
18065,14,2392.83,170.91642857142855
13141,5,2388.75,477.75
15370,7,2386.0499999999997,340.8642857142857
14493,5,2383.2400000000002,476.648
14239,11,2380.85,216.4409090909091
15270,7,2379.4900000000002,339.9271428571429
13722,3,2375.41,791.8033333333333
17434,7,2373.82,339.1171428571429
13908,4,2369.55,592.3875
17530,10,2367.12,236.712
15755,6,2364.25,394.0416666666667
12457,7,2363.23,337.6042857142857
14930,3,2362.96,787.6533333333333
14030,8,2358.84,294.855
17634,9,2358.59,262.0655555555556
14440,5,2357.6800000000003,471.53600000000006
15140,7,2354.25,336.32142857142856
14309,9,2352.53,261.39222222222224
12704,8,2340.84,292.605
18259,3,2338.6,779.5333333333333
12584,9,2338.15,259.7944444444445
18257,8,2337.63,292.20375
15281,9,2332.15,259.1277777777778
12782,5,2330.92,466.184
15785,5,2328.97,465.794
17313,1,2328.84,2328.84
17744,6,2322.4,387.06666666666666
17211,8,2317.22,289.6525
14290,5,2314.65,462.93
15365,7,2314.32,330.6171428571429
17954,12,2314.13,192.84416666666667
13704,9,2308.06,256.4511111111111
15288,5,2306.52,461.304
16550,5,2298.9700000000003,459.79400000000004
15105,7,2298.93,328.4185714285714
13115,4,2294.78,573.695
15704,4,2293.62,573.405
12615,4,2291.19,572.7975
17696,8,2285.71,285.71375
12684,7,2283.63,326.23285714285714
14554,4,2279.49,569.8725
13994,6,2274.14,379.0233333333333
13317,6,2273.6800000000003,378.9466666666667
14466,7,2272.4,324.62857142857143
16782,13,2267.9500000000003,174.45769230769233
16057,7,2263.12,323.30285714285714
16209,5,2262.62,452.524
16293,10,2248.9900000000002,224.89900000000003
13700,10,2248.63,224.863
17442,6,2248.56,374.76
14432,6,2248.5,374.75
15235,12,2247.51,187.29250000000002
16735,5,2247.4100000000003,449.4820000000001
16771,5,2242.61,448.52200000000005
13527,7,2242.36,320.33714285714285
14211,9,2241.1,249.0111111111111
14560,22,2237.77,101.71681818181818
16076,10,2234.73,223.473
18242,4,2232.49,558.1225
12783,6,2225.91,370.98499999999996
13365,2,2225.37,1112.685
15834,4,2225.15,556.2875
15665,2,2222.21,1111.105
14825,12,2221.01,185.08416666666668
15811,6,2218.62,369.77
12876,2,2218.02,1109.01
14226,5,2214.79,442.95799999999997
16743,7,2213.13,316.1614285714286
15722,5,2211.21,442.242
12653,2,2209.85,1104.925
13862,8,2209.36,276.17
15797,4,2207.4,551.85
15179,5,2206.9500000000003,441.39000000000004
17591,7,2203.67,314.81
15123,2,2199.31,1099.655
13831,6,2198.45,366.4083333333333
14700,3,2195.1,731.6999999999999
16628,5,2188.05,437.61
17406,3,2184.42,728.14
15394,4,2183.54,545.885
12909,5,2178.67,435.73400000000004
12856,6,2170.78,361.7966666666667
12501,1,2169.39,2169.39
14341,8,2166.98,270.8725
12633,4,2163.98,540.995
12935,7,2160.7,308.6714285714285
16456,5,2158.18,431.63599999999997
14407,6,2157.73,359.62166666666667
16379,4,2157.4,539.35
13224,2,2155.95,1077.975
16966,7,2154.97,307.8528571428571
17272,4,2148.63,537.1575
14828,3,2139.7599999999998,713.2533333333332
12560,3,2134.01,711.3366666666667
13517,3,2128.42,709.4733333333334
18061,10,2119.41,211.94099999999997
13632,5,2118.93,423.78599999999994
14360,4,2118.03,529.5075
18008,9,2116.19,235.13222222222223
14691,5,2114.33,422.866
13755,9,2108.06,234.2288888888889
14640,6,2107.38,351.23
18173,4,2106.84,526.71
18093,4,2106.52,526.63
14461,3,2103.06,701.02
15058,11,2102.54,191.14
15815,5,2100.6,420.12
13126,8,2099.64,262.455
12610,5,2099.54,419.908
17861,8,2097.88,262.235
17400,5,2097.84,419.56800000000004
16875,5,2095.53,419.10600000000005
17191,7,2093.68,299.09714285714284
14306,2,2093.32,1046.66
13265,5,2092.66,418.532
17490,7,2092.32,298.90285714285716
13297,4,2089.85,522.4625
13571,12,2088.94,174.07833333333335
18044,10,2088.6,208.85999999999999
14810,11,2085.33,189.57545454545453
16954,9,2085.08,231.67555555555555
17768,3,2081.9,693.9666666666667
16407,10,2079.68,207.968
14696,7,2078.95,296.99285714285713
14515,6,2076.8900000000003,346.14833333333337
14209,6,2073.4300000000003,345.5716666666667
18241,17,2073.09,121.9464705882353
18231,5,2071.77,414.354
18219,10,2069.77,206.977
12948,7,2064.9500000000003,294.9928571428572
12928,5,2062.7,412.53999999999996
16281,1,2062.06,2062.06
14409,6,2059.4500000000003,343.24166666666673
12518,5,2056.89,411.378
17667,5,2055.5099999999998,411.102
14188,6,2054.36,342.3933333333334
16150,5,2053.02,410.604
17086,6,2050.08,341.68
17612,6,2048.45,341.4083333333333
14232,5,2048.07,409.61400000000003
18283,16,2045.53,127.845625
13495,5,2044.87,408.974
17597,1,2044.3700000000001,2044.3700000000001
13450,6,2043.72,340.62
14001,3,2043.08,681.0266666666666
12585,2,2040.1,1020.05
17846,1,2033.1,2033.1
13630,7,2031.78,290.2542857142857
16358,4,2027.5000000000002,506.87500000000006
16409,5,2022.98,404.596
14482,6,2022.81,337.135
15341,1,2020.52,2020.52
17625,4,2020.4,505.1
13593,5,2011.88,402.37600000000003
18069,5,2009.24,401.848
15372,1,2007.4,2007.4
16098,7,2005.63,286.5185714285714
14217,17,2004.98,117.94
14544,2,2004.3,1002.15
17082,2,2003.8500000000001,1001.9250000000001
16754,1,2002.4,2002.4
18188,3,2001.04,667.0133333333333
13305,10,2000.86,200.08599999999998
16698,2,1998.0,999.0
17679,2,1992.1100000000001,996.0550000000001
17088,4,1991.01,497.7525
17827,5,1987.33,397.466
13590,6,1981.92,330.32
17337,4,1981.06,495.265
14462,11,1980.5700000000002,180.0518181818182
13725,8,1980.56,247.57
17422,6,1979.37,329.895
18204,3,1975.35,658.4499999999999
17090,7,1974.65,282.09285714285716
15531,2,1972.3899999999999,986.1949999999999
16341,4,1971.87,492.9675
12674,4,1970.6,492.65
17790,14,1964.3,140.30714285714285
17997,8,1962.46,245.3075
13246,6,1961.52,326.92
14506,5,1960.65,392.13
14498,5,1957.32,391.464
12853,6,1957.1000000000001,326.18333333333334
15493,5,1953.4099999999999,390.68199999999996
17554,5,1952.45,390.49
17218,10,1951.97,195.197
14533,7,1949.72,278.5314285714286
15814,4,1945.33,486.3325
14418,3,1937.25,645.75
15864,6,1936.32,322.71999999999997
15157,3,1936.07,645.3566666666667
15351,7,1934.66,276.38
12528,6,1933.48,322.24666666666667
14655,4,1932.23,483.0575
13094,12,1927.3200000000002,160.61
14653,7,1926.65,275.2357142857143
15518,8,1921.55,240.19375
14978,5,1921.37,384.274
14285,4,1910.01,477.5025
17228,8,1906.09,238.26125
16983,7,1905.87,272.26714285714286
14210,6,1905.8400000000001,317.64000000000004
15819,4,1905.45,476.3625
16942,9,1904.99,211.66555555555556
14250,3,1904.05,634.6833333333333
12762,2,1898.52,949.26
14730,8,1897.57,237.19625
14934,2,1890.94,945.47
12371,2,1887.96,943.98
15641,4,1887.2,471.8
16170,6,1885.05,314.175
13890,10,1883.81,188.381
16128,5,1880.22,376.044
17738,4,1879.05,469.7625
17368,8,1878.87,234.85875
15367,4,1877.5900000000001,469.39750000000004
17463,5,1875.8600000000001,375.172
16986,2,1873.2,936.6
13982,4,1871.81,467.9525
15021,9,1871.77,207.97444444444443
17469,5,1870.97,374.194
16841,6,1869.82,311.63666666666666
17870,12,1865.8899999999999,155.4908333333333
16426,10,1863.76,186.376
16201,4,1863.47,465.8675
14887,1,1862.0,1862.0
12423,8,1859.31,232.41375
14305,3,1858.96,619.6533333333333
12963,8,1856.63,232.07875
17293,9,1854.06,206.00666666666666
14472,8,1852.67,231.58375
16979,6,1852.0,308.6666666666667
12383,5,1850.56,370.11199999999997
17873,5,1848.96,369.79200000000003
12381,5,1845.31,369.062
17519,6,1844.02,307.33666666666664
14524,9,1843.83,204.87
18180,6,1843.75,307.2916666666667
12950,3,1843.0,614.3333333333334
16102,3,1842.14,614.0466666666667
16455,7,1841.1799999999998,263.0257142857143
14113,4,1840.42,460.105
14216,4,1839.3000000000002,459.82500000000005
13924,6,1838.8500000000001,306.475
17015,3,1838.61,612.87
14459,1,1837.92,1837.92
18287,3,1837.28,612.4266666666666
13650,6,1836.3400000000001,306.0566666666667
15827,14,1836.09,131.1492857142857
14665,5,1835.7,367.14
13421,2,1833.71,916.855
16152,1,1829.04,1829.04
15203,6,1827.8,304.6333333333333
17702,4,1824.37,456.0925
16153,5,1824.23,364.846
17705,9,1823.52,202.61333333333334
16169,4,1822.97,455.7425
17828,4,1820.09,455.0225
13048,4,1819.41,454.8525
17787,4,1817.54,454.385
17629,8,1814.12,226.765
15260,7,1810.77,258.68142857142857
16474,7,1810.65,258.6642857142857
13481,5,1804.56,360.912
17663,7,1802.91,257.55857142857144
15812,5,1801.14,360.228
16249,5,1800.0700000000002,360.014
13562,3,1799.33,599.7766666666666
13196,4,1797.78,449.445
17648,4,1797.5,449.375
12348,4,1797.24,449.31
18235,3,1796.48,598.8266666666667
13134,4,1793.5800000000002,448.39500000000004
18179,6,1793.17,298.8616666666667
18122,6,1793.06,298.8433333333333
13510,4,1791.56,447.89
12523,11,1789.77,162.70636363636365
14215,6,1789.72,298.2866666666667
14621,5,1788.3600000000001,357.672
13875,5,1786.79,357.358
14608,4,1785.15,446.2875
14935,1,1784.71,1784.71
15220,6,1778.96,296.49333333333334
12645,4,1775.18,443.795
17092,4,1774.03,443.5075
15594,5,1771.7800000000002,354.35600000000005
15473,7,1771.2,253.02857142857144
16681,6,1770.3400000000001,295.0566666666667
16719,7,1770.22,252.88857142857142
13456,6,1766.72,294.4533333333333
16751,1,1764.72,1764.72
12424,2,1760.96,880.48
12823,5,1759.5,351.9
12349,1,1757.55,1757.55
15241,8,1756.44,219.555
16359,9,1750.92,194.54666666666668
13808,5,1747.66,349.53200000000004
15067,3,1744.7599999999998,581.5866666666666
15950,4,1744.71,436.1775
16380,1,1743.15,1743.15
13157,4,1741.22,435.305
14595,6,1740.6,290.09999999999997
17930,5,1740.48,348.096
17353,2,1740.0,870.0
17457,5,1737.7,347.54
15050,3,1737.69,579.23
14673,5,1736.4,347.28000000000003
17043,4,1735.18,433.795
14387,3,1727.6,575.8666666666667
13564,3,1724.67,574.89
17451,7,1721.4,245.91428571428574
14834,6,1720.3,286.71666666666664
15267,5,1717.36,343.472
17162,10,1715.46,171.546
13763,1,1714.96,1714.96
17147,4,1714.5900000000001,428.64750000000004
14441,4,1712.8899999999999,428.22249999999997
17750,9,1710.45,190.05
12405,1,1710.39,1710.39
15947,1,1708.24,1708.24
12407,5,1708.12,341.62399999999997
16902,1,1706.88,1706.88
15240,5,1706.5700000000002,341.314
16398,2,1705.8000000000002,852.9000000000001
16791,7,1705.78,243.68285714285713
12843,8,1702.26,212.7825
17193,7,1699.3,242.75714285714284
13824,5,1698.94,339.788
17813,5,1698.07,339.614
12764,1,1693.88,1693.88
16007,4,1693.81,423.4525
14245,2,1693.45,846.725
16671,3,1692.27,564.09
16775,11,1691.51,153.77363636363637
15380,5,1690.26,338.052
17152,3,1689.5,563.1666666666666
12635,2,1689.1799999999998,844.5899999999999
13162,4,1688.29,422.0725
13577,4,1687.6,421.9
17282,3,1685.46,561.82
15549,3,1681.46,560.4866666666667
16638,10,1680.72,168.072
13149,4,1676.0600000000002,419.01500000000004
17656,5,1674.69,334.938
13184,10,1668.95,166.895
17754,5,1664.65,332.93
12912,5,1662.3000000000002,332.46000000000004
12530,4,1662.28,415.57
15214,8,1661.44,207.68
15332,4,1661.06,415.265
12967,2,1660.9,830.45
16115,8,1660.8799999999999,207.60999999999999
14045,4,1659.75,414.9375
15953,8,1657.28,207.16
15826,3,1654.31,551.4366666666666
16813,10,1652.18,165.21800000000002
16711,5,1651.03,330.206
14837,4,1649.5,412.375
13647,4,1648.1200000000001,412.03000000000003
17284,6,1647.48,274.58
13750,5,1647.26,329.452
13012,8,1646.8400000000001,205.85500000000002
12657,4,1643.18,410.795
15002,4,1641.76,410.44
14573,9,1639.82,182.20222222222222
13627,5,1638.47,327.694
15024,10,1636.43,163.643
12398,1,1635.66,1635.66
15122,3,1633.7800000000002,544.5933333333334
14164,2,1631.77,815.885
12377,2,1628.12,814.06
14759,3,1625.97,541.99
13425,3,1624.21,541.4033333333333
16515,5,1624.14,324.82800000000003
15172,5,1624.0500000000002,324.81000000000006
14937,3,1621.8799999999999,540.6266666666667
17101,4,1621.73,405.4325
18161,5,1618.69,323.738
16987,7,1616.8,230.97142857142856
14336,4,1614.91,403.7275
16992,5,1614.31,322.86199999999997
15791,2,1612.69,806.345
14312,6,1611.59,268.5983333333333
14918,2,1610.15,805.075
12868,6,1607.0600000000002,267.84333333333336
16817,9,1604.75,178.30555555555554
12947,6,1603.99,267.33166666666665
15660,9,1600.8600000000001,177.87333333333333
14178,7,1600.26,228.60857142857142
16496,3,1599.52,533.1733333333333
16466,7,1595.96,227.99428571428572
13850,1,1595.48,1595.48
17673,6,1594.97,265.8283333333333
16801,4,1594.23,398.5575
16676,4,1592.12,398.03
14970,4,1592.06,398.015
15611,13,1591.45,122.41923076923078
18178,4,1590.81,397.7025
14442,2,1589.8200000000002,794.9100000000001
13614,4,1585.46,396.365
16332,7,1582.8,226.1142857142857
12393,4,1582.6000000000001,395.65000000000003
14719,5,1581.8400000000001,316.36800000000005
14587,9,1580.29,175.58777777777777
12607,1,1579.51,1579.51
13814,2,1579.12,789.56
16889,3,1578.6699999999998,526.2233333333332
13186,3,1575.89,525.2966666666667
17671,4,1572.71,393.1775
16283,5,1570.81,314.162
12865,2,1568.23,784.115
15906,7,1567.69,223.9557142857143
15111,3,1567.48,522.4933333333333
15532,4,1564.73,391.1825
17204,4,1564.5600000000002,391.14000000000004
13659,2,1563.0,781.5
17085,5,1562.4,312.48
18239,5,1561.6100000000001,312.322
14038,3,1560.38,520.1266666666667
16394,5,1555.3400000000001,311.06800000000004
13313,5,1555.3200000000002,311.064
15620,3,1553.1799999999998,517.7266666666666
15117,5,1551.78,310.356
13634,5,1547.3600000000001,309.47200000000004
14229,3,1547.2,515.7333333333333
16790,6,1545.6200000000001,257.60333333333335
16369,3,1545.41,515.1366666666667
13397,5,1544.13,308.826
12818,1,1542.0800000000002,1542.0800000000002
17837,8,1541.23,192.65375
16365,9,1540.42,171.1577777777778
17159,3,1538.88,512.96
13849,2,1537.95,768.975
12877,12,1535.77,127.98083333333334
15392,4,1535.53,383.8825
15625,4,1534.26,383.565
13320,4,1532.2,383.05
13107,4,1531.6200000000001,382.90500000000003
12759,3,1531.44,510.48
14321,5,1530.75,306.15
14567,2,1530.3600000000001,765.1800000000001
15701,4,1529.0,382.25
16244,2,1522.75,761.375
16066,5,1521.04,304.20799999999997
13213,5,1520.5800000000002,304.11600000000004
13764,3,1519.42,506.47333333333336
14267,3,1516.24,505.41333333333336
13791,2,1516.0,758.0
16748,5,1515.9,303.18
16053,2,1511.95,755.975
16434,7,1511.8,215.97142857142856
16910,8,1508.96,188.62
15265,2,1506.12,753.06
12937,4,1504.27,376.0675
15916,8,1502.8600000000001,187.85750000000002
16279,3,1502.7800000000002,500.92666666666673
13810,3,1499.01,499.67
15530,4,1497.31,374.3275
14414,7,1496.98,213.8542857142857
14704,9,1493.96,165.99555555555557
17002,3,1493.73,497.91
16880,7,1491.43,213.0614285714286
15057,2,1489.5,744.75
13110,7,1488.67,212.66714285714286
13692,3,1488.32,496.1066666666666
17553,1,1487.6,1487.6
14758,4,1484.06,371.015
16395,5,1482.06,296.412
18016,5,1477.6599999999999,295.532
14878,9,1476.09,164.01
14403,4,1475.81,368.9525
16755,3,1475.43,491.81
12826,7,1474.72,210.67428571428573
14246,3,1474.06,491.3533333333333
14963,5,1472.34,294.46799999999996
15128,4,1471.0,367.75
17590,3,1468.02,489.34
16016,8,1465.51,183.18875
14875,2,1465.32,732.66
15983,4,1465.1200000000001,366.28000000000003
12882,2,1463.04,731.52
14233,4,1462.72,365.68
17063,7,1461.14,208.73428571428573
16996,6,1456.96,242.82666666666668
13309,5,1456.79,291.358
13477,6,1454.58,242.42999999999998
14541,8,1453.3500000000001,181.66875000000002
16059,6,1453.16,242.19333333333336
14404,6,1449.32,241.5533333333333
14740,3,1448.21,482.7366666666667
17073,4,1446.0900000000001,361.52250000000004
13717,6,1445.01,240.835
13461,3,1445.0,481.6666666666667
17175,4,1443.69,360.9225
14071,8,1437.57,179.69625
15987,7,1432.77,204.68142857142857
14566,1,1432.0,1432.0
16503,4,1431.93,357.9825
13475,4,1431.78,357.945
15427,3,1430.54,476.84666666666664
16103,6,1429.64,238.27333333333334
13159,4,1429.35,357.3375
14035,5,1428.02,285.604
15858,5,1427.5700000000002,285.514
15681,5,1426.16,285.232
17571,4,1425.67,356.4175
15106,5,1422.52,284.504
16463,4,1422.4,355.6
16571,3,1421.69,473.8966666666667
14019,3,1421.6100000000001,473.87000000000006
14901,9,1421.29,157.92111111111112
14443,4,1420.2,355.05
16173,6,1418.32,236.38666666666666
17856,4,1418.03,354.5075
17288,7,1417.6299999999999,202.51857142857142
14748,5,1415.75,283.15
16348,7,1415.65,202.2357142857143
16012,3,1415.29,471.7633333333333
16245,3,1413.66,471.22
15237,4,1412.3200000000002,353.08000000000004
15444,2,1411.21,705.605
15596,5,1406.59,281.318
17083,3,1405.78,468.5933333333333
16271,5,1404.64,280.928
15426,5,1404.07,280.81399999999996
18116,8,1403.1100000000001,175.38875000000002
14649,4,1402.5900000000001,350.64750000000004
15563,4,1400.44,350.11
14741,6,1400.34,233.39
15478,2,1399.92,699.96
18202,3,1396.99,465.66333333333336
13995,5,1393.69,278.738
17354,1,1393.06,1393.06
15810,4,1391.98,347.995
13414,3,1390.5,463.5
13516,3,1389.41,463.1366666666667
16539,4,1388.81,347.2025
15134,8,1387.99,173.49875
12952,4,1387.79,346.9475
12775,5,1386.04,277.20799999999997
13308,3,1385.51,461.83666666666664
18167,3,1384.8600000000001,461.62000000000006
17311,2,1384.85,692.425
13572,1,1384.25,1384.25
15898,5,1383.83,276.76599999999996
15051,3,1383.36,461.11999999999995
14116,5,1382.74,276.548
16389,4,1382.07,345.5175
17621,3,1379.9,459.9666666666667
12886,2,1378.4,689.2
15569,5,1375.71,275.142
14434,6,1372.7999999999997,228.79999999999995
15453,7,1371.77,195.96714285714285
17676,6,1371.18,228.53
15095,4,1370.6,342.65
14507,6,1367.88,227.98000000000002
13813,4,1366.8600000000001,341.71500000000003
14897,4,1366.38,341.595
13396,2,1360.99,680.495
16726,5,1358.74,271.748
17054,5,1356.33,271.26599999999996
14859,4,1353.74,338.435
15116,4,1352.75,338.1875
16079,3,1352.0,450.6666666666667
16493,4,1351.63,337.9075
12770,1,1351.45,1351.45
15411,4,1348.93,337.2325
16669,3,1348.88,449.6266666666667
12646,2,1346.97,673.485
14154,2,1345.62,672.81
15398,2,1345.5300000000002,672.7650000000001
12463,4,1344.78,336.195
16317,3,1341.65,447.2166666666667
13743,7,1341.6,191.65714285714284
18177,6,1340.8700000000001,223.47833333333335
16045,4,1340.7,335.175
13501,1,1340.32,1340.32
15734,2,1339.4500000000003,669.7250000000001
12620,3,1339.4099999999999,446.46999999999997
15059,9,1337.72,148.63555555555556
17372,8,1337.18,167.1475
12919,6,1335.19,222.53166666666667
14064,5,1334.3400000000001,266.86800000000005
15680,3,1333.68,444.56
17932,3,1331.57,443.8566666666666
12676,6,1331.39,221.89833333333334
16295,4,1328.55,332.1375
13232,7,1328.35,189.7642857142857
15146,2,1327.16,663.58
17633,4,1324.8400000000001,331.21000000000004
17095,3,1324.16,441.3866666666667
16110,3,1320.95,440.31666666666666
14591,4,1320.21,330.0525
14794,7,1319.91,188.55857142857144
16083,2,1317.62,658.81
12526,3,1316.6599999999999,438.8866666666666
12854,3,1316.25,438.75
14921,2,1316.07,658.035
12576,5,1315.8300000000002,263.16600000000005
14511,5,1314.81,262.962
14738,7,1314.45,187.77857142857144
14973,3,1314.45,438.15000000000003
16040,3,1313.55,437.84999999999997
12364,4,1313.1,328.275
17004,2,1312.14,656.07
12516,2,1312.06,656.03
14477,4,1309.6,327.4
16120,4,1309.14,327.285
14047,5,1308.61,261.722
13328,1,1308.48,1308.48
14297,4,1305.33,326.3325
12507,3,1304.81,434.93666666666667
17919,1,1304.04,1304.04
15813,2,1303.9099999999999,651.9549999999999
16370,4,1301.91,325.4775
15108,4,1300.25,325.0625
13168,4,1299.5900000000001,324.89750000000004
12488,3,1298.66,432.8866666666667
16464,3,1298.6599999999999,432.8866666666666
12372,3,1298.04,432.68
15602,9,1297.87,144.20777777777778
17961,39,1296.44,33.242051282051285
16929,7,1295.39,185.0557142857143
16224,4,1295.3,323.825
15621,4,1293.03,323.2575
16744,7,1291.91,184.55857142857144
16101,1,1290.7,1290.7
14856,3,1290.53,430.1766666666667
15171,1,1289.5,1289.5
15136,4,1286.7,321.675
16949,6,1286.27,214.37833333333333
17802,3,1285.04,428.34666666666664
17350,4,1281.32,320.33
13538,7,1280.8500000000001,182.97857142857146
15494,2,1280.5800000000002,640.2900000000001
16951,3,1277.75,425.9166666666667
16692,2,1276.0,638.0
12394,2,1272.48,636.24
13878,1,1271.57,1271.57
16899,6,1271.06,211.84333333333333
12630,2,1270.88,635.44
13492,3,1269.8400000000001,423.28000000000003
14898,6,1269.31,211.55166666666665
13431,2,1269.1,634.55
14916,4,1268.98,317.245
15199,4,1268.7,317.175
16660,4,1267.65,316.9125
17037,1,1267.32,1267.32
17158,3,1266.97,422.3233333333333
14105,1,1266.23,1266.23
13989,2,1266.08,633.04
16842,3,1264.19,421.3966666666667
15497,2,1262.2,631.1
16688,4,1260.86,315.215
17388,4,1259.56,314.89
15009,3,1259.43,419.81
14669,3,1259.24,419.74666666666667
17019,4,1258.08,314.52
17412,7,1258.06,179.72285714285712
13151,1,1257.8700000000001,1257.8700000000001
14931,5,1257.68,251.536
16639,3,1257.51,419.17
17481,4,1255.59,313.8975
13848,3,1255.0,418.3333333333333
17262,5,1253.36,250.67199999999997
14383,3,1247.69,415.8966666666667
12689,2,1247.6100000000001,623.8050000000001
13029,3,1247.5,415.8333333333333
12494,7,1246.1000000000001,178.01428571428573
13860,5,1245.9,249.18
16531,7,1244.59,177.79857142857142
17584,2,1242.3000000000002,621.1500000000001
17588,3,1240.2,413.40000000000003
17731,4,1240.11,310.0275
12985,2,1239.38,619.69
13476,2,1238.47,619.235
14893,2,1237.85,618.925
13931,2,1237.5300000000002,618.7650000000001
15201,5,1236.5400000000002,247.30800000000005
18080,2,1231.5,615.75
18171,5,1231.31,246.262
15910,8,1228.8799999999999,153.60999999999999
14913,4,1227.43,306.8575
12997,4,1226.89,306.7225
12412,3,1226.88,408.96000000000004
14428,5,1224.06,244.81199999999998
15841,4,1224.06,306.015
15376,3,1221.56,407.18666666666667
15004,1,1220.77,1220.77
14745,5,1220.26,244.052
15227,5,1219.4,243.88000000000002
13208,6,1217.65,202.9416666666667
14698,5,1217.27,243.454
13491,10,1215.82,121.582
17410,5,1214.72,242.94400000000002
13055,3,1214.41,404.80333333333334
17774,4,1213.73,303.4325
18263,3,1213.16,404.3866666666667
13918,2,1212.8400000000001,606.4200000000001
16653,2,1212.6599999999999,606.3299999999999
12464,8,1212.05,151.50625
17653,4,1207.56,301.89
16762,3,1207.24,402.41333333333336
14684,5,1201.51,240.302
13158,4,1201.06,300.265
17320,3,1200.62,400.20666666666665
15605,5,1198.23,239.64600000000002
13118,5,1197.81,239.56199999999998
16794,10,1196.5,119.65
17720,4,1195.94,298.985
17526,4,1195.8999999999999,298.97499999999997
15145,4,1194.73,298.6825
12611,1,1193.32,1193.32
13882,5,1191.13,238.22600000000003
12462,2,1189.5900000000001,594.7950000000001
15737,8,1188.1200000000001,148.51500000000001
16612,4,1187.66,296.915
17800,9,1187.21,131.91222222222223
15630,2,1186.35,593.175
17058,3,1179.89,393.2966666666667
16950,3,1178.56,392.8533333333333
16042,5,1177.47,235.494
13752,6,1175.38,195.89666666666668
12885,3,1175.22,391.74
12640,3,1174.5800000000002,391.5266666666667
15306,3,1174.35,391.45
14857,2,1173.12,586.56
12358,2,1168.06,584.03
13500,3,1166.77,388.92333333333335
14487,6,1165.48,194.24666666666667
14737,3,1164.55,388.18333333333334
14261,2,1163.45,581.725
14447,5,1163.23,232.64600000000002
16800,1,1162.65,1162.65
12546,2,1161.5,580.75
15088,2,1160.0700000000002,580.0350000000001
18168,6,1160.04,193.34
13499,5,1159.1100000000001,231.82200000000003
16184,6,1158.79,193.13166666666666
17867,6,1157.8700000000001,192.97833333333335
17348,5,1156.6,231.32
16637,4,1154.47,288.6175
13611,3,1154.4,384.8
16062,4,1153.6200000000001,288.40500000000003
12710,3,1149.02,383.00666666666666
17505,2,1145.8400000000001,572.9200000000001
16766,2,1145.6,572.8
12769,1,1143.6,1143.6
17770,5,1143.27,228.654
15985,2,1142.42,571.21
16270,1,1141.24,1141.24
13330,3,1140.9299999999998,380.30999999999995
13819,3,1140.35,380.1166666666666
16172,5,1140.21,228.042
17135,7,1139.73,162.81857142857143
17500,3,1138.0,379.3333333333333
17302,5,1135.63,227.12600000000003
17242,2,1135.04,567.52
15489,3,1134.28,378.0933333333333
16989,6,1133.25,188.875
13282,3,1132.1399999999999,377.37999999999994
13310,3,1132.03,377.3433333333333
18125,4,1131.75,282.9375
15500,4,1131.56,282.89
13447,3,1129.14,376.38000000000005
16714,3,1129.06,376.3533333333333
14824,4,1127.71,281.9275
12609,3,1126.85,375.6166666666666
14708,3,1126.37,375.45666666666665
17470,5,1125.07,225.01399999999998
14129,5,1123.8600000000001,224.77200000000002
13772,3,1122.63,374.21000000000004
13486,3,1122.41,374.1366666666667
17562,7,1122.38,160.34
14723,6,1122.3600000000001,187.06000000000003
16807,3,1121.5900000000001,373.8633333333334
16086,5,1121.3899999999999,224.27799999999996
15730,3,1120.88,373.6266666666667
14276,3,1119.74,373.24666666666667
12842,2,1118.99,559.495
17894,8,1118.96,139.87
17788,2,1117.9,558.95
13591,3,1117.13,372.3766666666667
17585,4,1116.68,279.17
16350,4,1116.47,279.1175
12679,4,1113.02,278.255
14817,2,1110.3400000000001,555.1700000000001
15069,1,1109.53,1109.53
12399,4,1108.65,277.1625
15933,3,1107.46,369.15333333333336
16833,4,1106.53,276.6325
12857,2,1106.4,553.2
14102,5,1105.8799999999999,221.176
17609,5,1105.78,221.156
13064,4,1105.59,276.3975
14948,6,1101.97,183.66166666666666
15716,4,1101.11,275.2775
17047,3,1100.9,366.9666666666667
14410,9,1100.27,122.25222222222222
14744,7,1099.98,157.14000000000001
15978,1,1098.78,1098.78
13104,6,1098.48,183.08
17966,5,1098.43,219.686
14971,3,1097.98,365.99333333333334
14161,3,1097.6200000000001,365.8733333333334
16225,5,1096.32,219.26399999999998
13211,3,1095.42,365.14000000000004
13652,3,1095.08,365.02666666666664
15745,4,1094.5900000000001,273.64750000000004
15608,4,1093.68,273.42
18189,2,1090.24,545.12
13853,1,1090.14,1090.14
12534,1,1089.18,1089.18
15763,2,1086.92,543.46
16533,3,1082.81,360.93666666666667
13610,7,1082.33,154.6185714285714
14561,3,1080.76,360.25333333333333
13744,2,1080.52,540.26
13726,2,1079.66,539.83
15197,3,1079.6100000000001,359.87000000000006
12354,1,1079.4,1079.4
14352,4,1078.96,269.74
16094,4,1078.23,269.5575
16563,1,1077.74,1077.74
13715,5,1077.39,215.478
16049,3,1074.81,358.27
13131,3,1073.3000000000002,357.7666666666667
15712,5,1072.3600000000001,214.47200000000004
15238,3,1071.99,357.33
13467,2,1071.9099999999999,535.9549999999999
13521,3,1071.73,357.24333333333334
17041,3,1071.49,357.16333333333336
13635,1,1071.03,1071.03
17522,5,1070.71,214.142
13761,2,1070.65,535.325
14212,1,1070.48,1070.48
16200,2,1068.87,534.435
16918,6,1068.8200000000002,178.13666666666668
15436,3,1067.75,355.9166666666667
15027,4,1066.15,266.5375
17277,2,1065.35,532.675
14488,1,1064.28,1064.28
12951,6,1064.0700000000002,177.34500000000003
15801,3,1063.95,354.65000000000003
12936,4,1063.9,265.975
12815,2,1063.46,531.73
14411,1,1063.0,1063.0
16214,3,1062.75,354.25
15706,4,1060.56,265.14
17727,1,1060.25,1060.25
18130,3,1059.39,353.13000000000005
17214,6,1059.1200000000001,176.52
13455,2,1058.3400000000001,529.1700000000001
15977,2,1054.73,527.365
12716,2,1053.49,526.745
14419,6,1051.79,175.29833333333332
16416,3,1051.4,350.4666666666667
15329,3,1049.7,349.90000000000003
14078,6,1049.37,174.89499999999998
17287,7,1049.06,149.8657142857143
15839,3,1048.49,349.49666666666667
16728,4,1048.28,262.07
15777,4,1047.1100000000001,261.77750000000003
15407,4,1046.74,261.685
16520,3,1046.57,348.8566666666666
14293,4,1046.56,261.64
15464,1,1044.65,1044.65
15192,3,1044.32,348.1066666666666
14389,2,1043.46,521.73
15073,3,1043.41,347.80333333333334
12497,1,1043.1,1043.1
13719,5,1041.68,208.336
18221,5,1041.6100000000001,208.32200000000003
15434,5,1041.48,208.296
16320,2,1038.46,519.23
14465,3,1038.44,346.1466666666667
16175,4,1037.5900000000001,259.39750000000004
17042,5,1036.58,207.31599999999997
12691,6,1035.8,172.63333333333333
16260,1,1035.45,1035.45
13639,1,1033.34,1033.34
14584,4,1033.06,258.265
17724,3,1033.0,344.3333333333333
12599,7,1032.58,147.51142857142855
15996,6,1032.58,172.09666666666666
12724,4,1031.41,257.8525
17405,3,1031.41,343.80333333333334
13235,1,1031.07,1031.07
12717,2,1030.98,515.49
13253,2,1030.3999999999999,515.1999999999999
17033,3,1030.1399999999999,343.37999999999994
15333,1,1028.56,1028.56
16980,2,1028.46,514.23
16682,5,1028.0,205.6
14904,2,1025.44,512.72
16160,2,1025.44,512.72
15658,5,1024.1,204.82
17096,4,1022.13,255.5325
14346,2,1021.5799999999999,510.78999999999996
13165,2,1021.48,510.74
12572,2,1020.4200000000001,510.21000000000004
13376,3,1019.76,339.92
18142,2,1019.52,509.76
13956,5,1019.27,203.85399999999998
12828,6,1018.71,169.785
12514,1,1017.6800000000001,1017.6800000000001
13728,6,1016.14,169.35666666666665
12642,3,1013.26,337.75333333333333
12739,2,1013.04,506.52
17197,1,1013.01,1013.01
14195,2,1012.0,506.0
14775,3,1011.9,337.3
16229,2,1010.5999999999999,505.29999999999995
14446,4,1010.35,252.5875
12849,2,1010.29,505.145
13032,2,1010.1800000000001,505.09000000000003
14224,4,1009.73,252.4325
16572,3,1009.5999999999999,336.5333333333333
16174,3,1009.55,336.51666666666665
17951,3,1008.5400000000001,336.18
17646,3,1008.3900000000001,336.13000000000005
14631,3,1006.98,335.66
13429,4,1006.8000000000001,251.70000000000002
13867,3,1005.09,335.03000000000003
14214,5,1004.38,200.876
13410,5,1003.06,200.612
14083,9,1002.9,111.43333333333334
12446,1,1002.3100000000001,1002.3100000000001
12545,2,1000.39,500.195
15508,6,1000.27,166.71166666666667
18143,2,1000.1600000000001,500.08000000000004
12722,4,997.6300000000001,249.40750000000003
15110,4,996.1,249.025
15104,2,993.54,496.77
17594,2,993.1800000000001,496.59000000000003
13363,2,992.5,496.25
14223,3,991.13,330.37666666666667
16232,4,990.88,247.72
14514,3,990.2,330.06666666666666
17126,5,989.45,197.89000000000001
15062,4,987.86,246.965
18237,5,987.1,197.42000000000002
14583,5,986.96,197.392
17324,4,986.4799999999999,246.61999999999998
13117,8,984.9100000000001,123.11375000000001
17144,2,984.5699999999999,492.28499999999997
12510,2,982.5699999999999,491.28499999999997
15133,3,982.42,327.4733333333333
15071,2,982.0700000000002,491.0350000000001
16188,4,981.86,245.465
16085,5,981.51,196.302
12541,3,981.1800000000001,327.06
18170,3,980.31,326.77
13509,7,979.72,139.96
13350,2,979.1200000000001,489.56000000000006
15132,5,977.9300000000001,195.586
14920,2,977.77,488.885
13026,5,975.36,195.072
16376,2,974.96,487.48
14522,4,974.54,243.635
15449,3,974.52,324.84
12994,3,974.4200000000001,324.8066666666667
18194,1,973.84,973.84
16009,4,972.11,243.0275
15506,3,972.08,324.0266666666667
13155,4,971.76,242.94
17100,2,971.74,485.87
14256,2,969.06,484.53
14138,2,965.8800000000001,482.94000000000005
15793,3,965.61,321.87
15860,8,965.1600000000001,120.64500000000001
12550,1,964.83,964.83
13138,6,962.39,160.39833333333334
14006,3,962.19,320.73
15156,3,961.49,320.49666666666667
16419,6,958.71,159.785
18192,1,957.97,957.97
13823,2,957.66,478.83
12697,3,957.59,319.19666666666666
14629,2,955.26,477.63
15948,2,955.24,477.62
17244,1,954.9,954.9
17097,8,954.42,119.3025
15835,4,954.09,238.5225
14540,3,952.6600000000001,317.55333333333334
15421,4,950.36,237.59
13636,5,949.12,189.824
12822,2,948.88,474.44
17044,1,948.48,948.48
13748,5,948.25,189.65
12458,2,947.4000000000001,473.70000000000005
15747,3,946.64,315.5466666666667
13261,2,944.1,472.05
12820,4,942.3399999999999,235.58499999999998
14075,3,942.26,314.08666666666664
15289,3,939.78,313.26
17527,4,939.37,234.8425
17227,6,939.32,156.55333333333334
16584,2,936.08,468.04
14140,2,935.05,467.525
16027,6,934.62,155.77
12924,4,933.7,233.425
15787,3,933.26,311.08666666666664
13655,2,932.97,466.485
14532,4,932.85,233.2125
18133,1,931.5,931.5
16934,2,931.0300000000001,465.51500000000004
17289,3,931.02,310.34
17552,4,930.41,232.6025
17618,3,930.28,310.0933333333333
16907,5,928.76,185.752
14475,3,925.85,308.6166666666667
14231,3,925.71,308.57
17048,3,925.35,308.45
15312,4,924.85,231.2125
13805,2,924.6,462.3
15654,2,922.53,461.265
13122,2,922.3900000000001,461.19500000000005
16551,3,922.12,307.37333333333333
13934,1,922.1,922.1
13035,2,921.88,460.94
14081,2,921.62,460.81
15576,1,921.37,921.37
13984,5,920.51,184.102
17018,2,920.1,460.05
12652,1,919.98,919.98
13075,1,919.61,919.61
16511,3,918.33,306.11
13549,7,918.2,131.17142857142858
15253,5,918.2,183.64000000000001
14015,1,917.34,917.34
14712,3,917.07,305.69
15707,4,916.98,229.245
17236,6,916.13,152.68833333333333
14141,4,915.1300000000001,228.78250000000003
16216,1,914.9300000000001,914.9300000000001
16809,5,914.69,182.93800000000002
15587,4,913.6800000000001,228.42000000000002
15364,2,913.19,456.595
14359,3,912.18,304.06
13192,2,911.94,455.97
14289,6,911.26,151.87666666666667
13689,1,910.0,910.0
13782,6,908.86,151.47666666666666
13038,3,908.46,302.82
17323,7,906.52,129.50285714285715
15480,1,905.5,905.5
15807,3,903.9000000000001,301.3
16716,2,901.2,450.6
17848,9,901.2,100.13333333333334
15511,5,900.53,180.106
12940,2,899.6899999999999,449.84499999999997
14625,2,899.63,449.815
15079,4,895.61,223.9025
15865,3,895.1300000000001,298.3766666666667
15211,2,894.4100000000001,447.20500000000004
15066,1,893.59,893.59
12772,1,892.47,892.47
16361,4,891.21,222.8025
13515,4,891.12,222.78
15255,1,890.85,890.85
14240,2,890.34,445.17
14344,8,889.9300000000001,111.24125000000001
17007,6,889.9300000000001,148.3216666666667
17829,1,889.24,889.24
17537,2,887.6700000000001,443.83500000000004
16900,3,887.1099999999999,295.7033333333333
14623,5,886.7,177.34
14449,4,885.8,221.45
15822,2,885.47,442.735
17704,2,885.19,442.595
15799,3,884.14,294.7133333333333
15907,3,882.72,294.24
18236,6,882.24,147.04
17109,6,881.29,146.88166666666666
13662,3,881.26,293.75333333333333
13037,3,881.07,293.69
15076,1,880.85,880.85
17027,6,877.5600000000001,146.26000000000002
15653,2,877.44,438.72
14770,2,876.4200000000001,438.21000000000004
15100,3,876.0,292.0
16513,4,874.59,218.6475
16657,4,874.4300000000001,218.60750000000002
13294,2,873.74,436.87
15208,5,870.12,174.024
13200,4,870.09,217.5225
13979,1,869.87,869.87
17566,2,869.77,434.885
12694,2,869.6700000000001,434.83500000000004
13203,4,869.46,217.365
17886,3,869.28,289.76
17649,1,868.49,868.49
14912,2,867.85,433.925
14715,4,867.38,216.845
16235,5,867.31,173.462
14597,2,866.24,433.12
16567,2,865.5999999999999,432.79999999999995
13846,3,865.0600000000001,288.35333333333335
12680,4,862.81,215.7025
16266,7,861.89,123.12714285714286
16221,3,860.86,286.9533333333333
12794,2,860.41,430.205
13339,1,860.12,860.12
14577,4,859.71,214.9275
14553,5,859.27,171.85399999999998
13566,2,856.8399999999999,428.41999999999996
16163,2,856.6000000000001,428.30000000000007
12693,4,855.91,213.9775
17064,3,855.45,285.15000000000003
16037,3,855.02,285.00666666666666
12878,2,854.99,427.495
17560,4,854.95,213.7375
16121,2,854.6600000000001,427.33000000000004
14193,2,853.3900000000001,426.69500000000005
13991,6,852.88,142.14666666666668
15022,4,852.39,213.0975
12379,2,852.24,426.12
16070,2,852.1500000000001,426.07500000000005
16020,3,851.01,283.67
18096,3,849.06,283.02
12713,1,848.55,848.55
14657,4,848.22,212.055
16347,2,847.45,423.725
13221,2,847.4100000000001,423.70500000000004
16877,6,846.62,141.10333333333332
14803,3,845.55,281.84999999999997
12847,1,843.64,843.64
17624,2,843.48,421.74
17929,4,843.0,210.75
13929,2,842.6500000000001,421.32500000000005
16108,1,842.5,842.5
16560,2,841.4100000000001,420.70500000000004
14862,2,841.2,420.6
17076,3,841.0799999999999,280.35999999999996
14332,3,840.21,280.07
13940,4,839.14,209.785
17115,3,837.5,279.1666666666667
16554,3,837.1,279.03333333333336
15832,1,836.79,836.79
12728,4,836.33,209.0825
16747,2,836.06,418.03
17169,2,835.78,417.89
13835,4,834.5699999999999,208.64249999999998
17075,4,834.12,208.53
16644,2,833.78,416.89
15862,4,832.88,208.22
14644,2,830.76,415.38
16924,3,829.89,276.63
13681,4,827.83,206.9575
12461,2,826.88,413.44
12781,2,826.74,413.37
16494,1,826.53,826.53
12427,3,825.8,275.26666666666665
15164,3,824.58,274.86
16164,3,822.48,274.16
12778,6,822.23,137.03833333333333
13893,1,821.1,821.1
17921,4,820.23,205.0575
17759,3,819.96,273.32
13220,4,819.2900000000001,204.82250000000002
16092,3,817.86,272.62
16869,4,817.12,204.28
16943,3,816.73,272.24333333333334
15649,2,816.0,408.0
15399,3,815.77,271.92333333333335
13811,3,814.5,271.5
18064,2,814.0,407.0
16600,6,813.52,135.58666666666667
16621,4,813.48,203.37
14421,2,813.11,406.555
16284,2,812.6800000000001,406.34000000000003
17980,3,811.45,270.48333333333335
16460,3,811.23,270.41
16276,1,810.6,810.6
16624,2,810.5699999999999,405.28499999999997
15965,4,808.87,202.2175
14499,3,808.44,269.48
15533,3,807.5699999999999,269.19
12421,4,807.04,201.76
13707,2,806.41,403.205
12434,2,806.14,403.07
13637,3,804.3,268.09999999999997
18248,2,804.02,402.01
12422,3,803.56,267.8533333333333
15644,4,803.54,200.885
18265,2,801.51,400.755
17114,8,801.12,100.14
16367,2,800.6700000000001,400.33500000000004
15561,4,800.59,200.1475
13720,4,799.9,199.975
17905,4,798.99,199.7475
17703,3,798.74,266.24666666666667
13280,3,798.46,266.15333333333336
16438,5,798.35,159.67000000000002
13389,3,797.96,265.9866666666667
12701,2,797.71,398.855
13336,1,795.12,795.12
15831,3,794.64,264.88
15990,2,792.11,396.055
13167,4,791.33,197.8325
14976,7,790.86,112.98
13016,3,789.89,263.2966666666667
16759,3,789.79,263.2633333333333
13329,2,789.0,394.5
14557,1,788.38,788.38
13323,5,787.85,157.57
13884,5,787.6,157.52
16546,2,787.1500000000001,393.57500000000005
13212,3,786.83,262.2766666666667
13109,2,786.54,393.27
12628,3,786.46,262.15333333333336
15806,3,784.58,261.5266666666667
18136,3,784.33,261.4433333333333
17180,4,783.97,195.9925
16054,1,783.9,783.9
15952,4,781.91,195.4775
17006,4,781.78,195.445
15679,4,781.28,195.32
13583,1,781.03,781.03
15239,2,780.59,390.295
17797,3,780.4300000000001,260.1433333333334
18228,2,779.9,389.95
12735,2,779.5699999999999,389.78499999999997
17411,3,778.94,259.6466666666667
13375,1,778.65,778.65
14815,2,778.5,389.25
17414,2,778.0,389.0
16505,1,777.6,777.6
13563,2,777.53,388.765
12425,1,777.2,777.2
15618,4,776.851,194.21275
15743,4,775.96,193.99
13314,3,775.94,258.6466666666667
13341,1,775.85,775.85
16825,2,775.1800000000001,387.59000000000003
15414,3,774.9000000000001,258.3
16043,4,773.99,193.4975
16222,1,773.55,773.55
15075,1,773.03,773.03
17764,2,772.55,386.275
17409,2,771.85,385.925
15353,2,770.12,385.06
14412,2,770.03,385.015
12965,1,769.8100000000001,769.8100000000001
16480,1,769.29,769.29
13356,1,768.24,768.24
14672,2,765.55,382.775
17695,2,765.34,382.67
14885,1,765.32,765.32
17516,5,764.88,152.976
17268,4,763.64,190.91
17466,2,763.28,381.64
16806,4,762.16,190.54
15599,2,761.74,380.87
14883,6,761.59,126.93166666666667
17425,2,759.1700000000001,379.58500000000004
16036,2,758.9200000000001,379.46000000000004
15568,3,758.29,252.76333333333332
16725,7,758.27,108.32428571428571
12413,3,758.1,252.70000000000002
16205,4,757.63,189.4075
14550,2,757.37,378.685
16770,5,757.1,151.42000000000002
15223,2,755.75,377.875
13370,1,754.87,754.87
18104,1,754.64,754.64
14234,4,754.12,188.53
16470,4,752.77,188.1925
13730,2,752.6,376.3
13030,2,752.44,376.22
16256,1,752.4300000000001,752.4300000000001
12908,2,750.0,375.0
17146,3,749.78,249.92666666666665
14923,1,749.1,749.1
15656,4,748.5,187.125
16859,2,747.81,373.905
14201,7,747.44,106.77714285714286
17387,2,746.81,373.405
14050,2,746.36,373.18
17034,3,745.52,248.50666666666666
13950,4,745.06,186.265
14790,4,745.06,186.265
13236,2,744.85,372.425
13354,1,743.53,743.53
16730,3,743.11,247.70333333333335
12374,1,742.9300000000001,742.9300000000001
16891,5,742.43,148.486
12465,2,742.19,371.095
14662,4,741.37,185.3425
13753,1,741.26,741.26
13900,3,740.95,246.98333333333335
17692,4,740.94,185.235
15252,2,740.78,370.39
12603,1,739.1999999999999,739.1999999999999
14756,1,738.96,738.96
12976,1,738.6,738.6
17461,3,735.82,245.27333333333334
15074,1,735.67,735.67
15045,2,735.66,367.83
15215,3,734.94,244.98000000000002
15525,3,734.37,244.79
16146,3,734.13,244.71
17979,4,732.41,183.1025
13575,5,732.0699999999999,146.414
16099,3,731.9000000000001,243.9666666666667
16491,1,731.5,731.5
14778,2,730.86,365.43
13736,2,729.8,364.9
12468,2,729.5400000000001,364.77000000000004
16261,4,728.54,182.135
17666,2,728.16,364.08
13077,4,728.0200000000001,182.00500000000002
13623,5,727.74,145.548
14055,1,725.6400000000001,725.6400000000001
16140,2,725.18,362.59
12723,5,725.0699999999999,145.01399999999998
15636,2,724.76,362.38
12475,1,723.38,723.38
17521,3,723.21,241.07000000000002
15272,2,721.94,360.97
14869,2,721.45,360.725
15584,4,720.86,180.215
18062,3,720.52,240.17333333333332
16023,3,719.8100000000001,239.9366666666667
15274,2,716.57,358.285
12535,2,716.3499999999999,358.17499999999995
15400,5,716.2,143.24
17029,2,716.0,358.0
17888,8,716.0,89.5
15330,2,714.96,357.48
15757,2,714.4200000000001,357.21000000000004
18035,3,713.89,237.96333333333334
12616,2,713.3,356.65
13169,2,712.88,356.44
13147,4,712.8,178.2
17761,1,712.78,712.78
13416,2,712.5,356.25
13587,1,712.4,712.4
17642,2,712.29,356.145
15855,5,712.24,142.448
13705,3,711.86,237.28666666666666
17179,3,711.79,237.26333333333332
13249,3,711.41,237.13666666666666
14867,3,710.2800000000001,236.76000000000002
16362,5,709.99,141.998
14127,3,709.71,236.57000000000002
16136,3,709.38,236.46
15951,2,708.22,354.11
16449,2,707.69,353.845
12453,1,707.09,707.09
16309,2,706.5699999999999,353.28499999999997
14126,3,706.1300000000001,235.3766666666667
16364,2,705.79,352.895
16882,3,705.12,235.04
16015,3,704.55,234.85
17934,2,704.25,352.125
12612,1,704.04,704.04
17974,3,703.99,234.66333333333333
12883,4,703.47,175.8675
15103,2,703.36,351.68
16997,3,702.0,234.0
14179,2,701.57,350.785
14198,4,701.4000000000001,175.35000000000002
14356,2,701.23,350.615
13238,4,700.73,175.1825
17734,3,700.63,233.54333333333332
17812,4,699.81,174.9525
17423,2,698.4100000000001,349.20500000000004
14829,4,697.5500000000001,174.38750000000002
17472,3,697.54,232.51333333333332
15800,2,696.89,348.445
15700,2,696.68,348.34
14009,2,695.61,347.805
14959,4,695.42,173.855
17884,4,695.0699999999999,173.76749999999998
15304,8,694.4,86.8
12925,2,694.05,347.025
15053,3,693.95,231.3166666666667
14643,2,693.81,346.905
12410,2,693.33,346.665
13601,2,693.3199999999999,346.65999999999997
14111,4,692.85,173.2125
17198,3,692.22,230.74
17733,2,692.19,346.095
14880,3,690.59,230.1966666666667
16212,2,690.3399999999999,345.16999999999996
17796,4,690.0,172.5
18085,2,689.95,344.975
13023,2,689.9,344.95
15181,3,689.48,229.82666666666668
17502,4,689.1,172.275
13799,2,688.86,344.43
16642,2,688.33,344.165
18196,2,686.63,343.315
12658,1,686.05,686.05
15038,6,685.74,114.29
16122,4,684.4200000000001,171.10500000000002
15669,4,684.34,171.085
17874,6,683.46,113.91000000000001
14222,1,683.17,683.17
15582,3,682.9100000000001,227.63666666666668
17341,3,682.29,227.42999999999998
18135,5,681.91,136.382
17397,2,681.41,340.705
12478,1,680.99,680.99
18082,1,680.84,680.84
13524,5,680.1800000000001,136.036
16872,3,680.02,226.67333333333332
15322,1,679.68,679.68
13430,2,679.45,339.725
14788,2,679.44,339.72
13925,4,678.25,169.5625
13548,2,678.16,339.08
13388,2,677.0999999999999,338.54999999999995
13040,2,676.99,338.495
16377,1,676.2,676.2
15626,2,675.8,337.9
17462,2,675.69,337.845
15574,4,675.64,168.91
18156,2,675.64,337.82
12942,3,675.6,225.20000000000002
13607,1,675.51,675.51
13325,1,675.3,675.3
17994,4,674.89,168.7225
13838,4,674.8199999999999,168.70499999999998
13355,1,674.7,674.7
13464,1,674.68,674.68
17749,2,674.52,337.26
13951,3,674.45,224.8166666666667
14504,4,673.26,168.315
13258,3,672.83,224.27666666666667
14628,2,671.96,335.98
12838,2,671.95,335.975
12638,1,671.6899999999999,671.6899999999999
12418,1,668.58,668.58
14342,4,668.5600000000001,167.14000000000001
13741,3,668.4300000000001,222.81000000000003
16268,2,667.65,333.825
15969,3,666.1,222.03333333333333
17105,2,665.78,332.89
13963,4,664.54,166.135
17883,4,664.34,166.085
16208,2,664.26,332.13
13596,2,664.11,332.055
15643,3,664.0,221.33333333333334
14720,3,663.8100000000001,221.27
13240,4,663.65,165.9125
16573,2,663.61,331.805
16774,4,661.52,165.38
13028,2,661.3199999999999,330.65999999999997
14603,1,660.0,660.0
15492,2,659.46,329.73
13759,2,659.41,329.705
16357,3,658.88,219.62666666666667
14150,2,658.64,329.32
16696,4,657.9,164.475
14818,3,657.8,219.26666666666665
17459,2,657.3,328.65
15677,1,657.23,657.23
17321,2,657.16,328.58
16157,3,656.69,218.89666666666668
13049,2,656.6800000000001,328.34000000000003
16708,1,656.63,656.63
17299,4,656.61,164.1525
16127,1,656.25,656.25
14894,1,655.75,655.75
14725,1,655.58,655.58
16444,4,654.67,163.6675
14651,2,653.75,326.875
17398,3,653.38,217.79333333333332
18151,2,653.35,326.675
13496,2,653.3299999999999,326.66499999999996
18121,2,653.3000000000001,326.65000000000003
15205,2,653.24,326.62
15031,4,653.19,163.2975
14548,2,652.8,326.4
17523,4,652.74,163.185
16056,1,650.75,650.75
15571,4,650.4300000000001,162.60750000000002
16969,3,650.41,216.8033333333333
17779,3,650.32,216.77333333333334
14034,3,648.89,216.29666666666665
16495,3,648.26,216.08666666666667
17777,3,647.56,215.85333333333332
17373,4,646.9200000000001,161.73000000000002
16014,3,646.83,215.61
16734,3,646.76,215.58666666666667
12589,2,646.68,323.34
14044,4,646.42,161.605
15651,3,646.3000000000001,215.43333333333337
14855,2,645.6500000000001,322.82500000000005
12719,2,644.95,322.475
17312,3,644.3000000000001,214.76666666666668
14451,2,643.9,321.95
16383,2,643.76,321.88
14020,2,642.8,321.4
13034,2,642.77,321.385
15384,2,642.41,321.205
17545,3,642.3199999999999,214.10666666666665
17046,1,642.02,642.02
15297,3,641.94,213.98000000000002
18218,2,641.9200000000001,320.96000000000004
12365,2,641.38,320.69
12624,2,641.13,320.565
13417,2,640.8299999999999,320.41499999999996
13318,3,640.76,213.58666666666667
12631,1,640.5,640.5
14301,1,640.14,640.14
15648,2,639.5,319.75
17515,4,639.02,159.755
18160,2,638.06,319.03
14754,2,638.0500000000001,319.02500000000003
14128,2,637.5,318.75
14481,2,636.51,318.255
14664,2,636.24,318.12
15829,2,636.14,318.07
15773,1,635.6800000000001,635.6800000000001
14000,1,635.66,635.66
16139,3,635.4100000000001,211.80333333333337
13892,4,632.97,158.2425
14220,2,632.4000000000001,316.20000000000005
16306,6,632.27,105.37833333333333
18183,2,632.07,316.035
13822,2,632.0,316.0
14021,3,631.9000000000001,210.63333333333335
15244,2,631.5699999999999,315.78499999999997
17985,1,631.35,631.35
13539,3,631.34,210.4466666666667
16418,3,631.12,210.37333333333333
17990,3,630.84,210.28
13046,2,629.31,314.655
13525,2,628.78,314.39
14687,1,628.38,628.38
13518,1,627.16,627.16
15028,4,627.13,156.7825
15402,2,626.77,313.385
14036,1,626.65,626.65
12577,3,626.6,208.86666666666667
13914,2,626.45,313.225
16469,4,625.42,156.355
16750,5,623.93,124.78599999999999
12649,3,623.51,207.83666666666667
15147,1,623.5,623.5
13368,2,623.4,311.7
16431,3,623.28,207.76
15258,2,623.1600000000001,311.58000000000004
17499,1,622.88,622.88
15182,2,622.85,311.425
17460,6,622.4300000000001,103.73833333333334
15768,3,621.83,207.27666666666667
18217,2,621.75,310.875
16915,6,621.6800000000001,103.61333333333334
17640,1,621.66,621.66
14152,2,621.29,310.645
13402,2,621.23,310.615
13546,3,621.09,207.03
16141,1,620.4,620.4
12667,1,620.13,620.13
13493,2,618.63,309.315
16613,1,618.59,618.59
13145,4,618.52,154.63
12596,2,618.27,309.135
16134,2,618.09,309.045
13301,4,618.0899999999999,154.52249999999998
14593,3,617.15,205.71666666666667
14377,2,617.05,308.525
16311,2,616.26,308.13
14905,2,616.1500000000001,308.07500000000005
14382,1,615.49,615.49
15275,1,615.14,615.14
16566,5,614.66,122.93199999999999
16116,1,612.78,612.78
18022,1,612.72,612.72
12513,1,612.29,612.29
18149,3,612.0799999999999,204.02666666666664
15232,2,612.06,306.03
15645,1,612.01,612.01
16109,2,611.88,305.94
16763,1,611.8499999999999,611.8499999999999
13731,2,610.59,305.295
12673,2,610.52,305.26
15795,1,610.01,610.01
14636,2,609.85,304.925
13357,1,609.4,609.4
16442,3,609.3,203.1
13933,2,608.79,304.395
12933,3,607.53,202.51
17119,2,606.91,303.455
16718,1,606.0500000000001,606.0500000000001
17849,4,605.8000000000001,151.45000000000002
14133,3,605.64,201.88
17507,2,605.5799999999999,302.78999999999996
13233,2,605.12,302.56
14323,2,605.06,302.53
17664,2,604.64,302.32
12944,2,604.51,302.255
16732,1,603.75,603.75
12707,1,603.42,603.42
16022,1,602.63,602.63
15366,2,602.51,301.255
12654,5,601.98,120.396
14609,4,601.56,150.39
16654,4,601.27,150.3175
12420,1,600.39,600.39
18211,5,600.07,120.01400000000001
12872,2,599.97,299.985
12521,1,599.68,599.68
12556,2,599.56,299.78
14710,4,599.48,149.87
17420,3,598.83,199.61
15720,1,598.73,598.73
13311,2,598.57,299.285
16298,3,598.2,199.4
14108,2,597.91,298.955
14645,2,597.09,298.545
15381,2,596.85,298.425
14675,1,596.36,596.36
14467,4,596.26,149.065
18246,2,596.1,298.05
14965,2,596.0899999999999,298.04499999999996
13888,2,595.6700000000001,297.83500000000004
17658,2,595.4200000000001,297.71000000000004
14284,2,595.25,297.625
13558,4,594.52,148.63
16788,2,594.3900000000001,297.19500000000005
16325,3,594.24,198.08
13959,3,594.0400000000001,198.01333333333335
12917,1,594.0,594.0
15442,1,594.0,594.0
16535,1,593.75,593.75
18232,4,592.97,148.2425
16203,4,592.9,148.225
14692,4,591.5500000000001,147.88750000000002
15573,2,591.1899999999999,295.59499999999997
13276,2,590.9300000000001,295.46500000000003
13270,1,590.0,590.0
13452,2,590.0,295.0
14882,2,589.7,294.85
16838,2,588.85,294.425
14338,2,588.22,294.11
15624,4,588.1300000000001,147.03250000000003
17351,3,587.15,195.71666666666667
17890,2,586.89,293.445
12384,2,585.27,292.635
13243,1,585.12,585.12
15222,1,585.0,585.0
16384,2,584.5,292.25
16072,1,584.3199999999999,584.3199999999999
14023,2,584.0699999999999,292.03499999999997
13557,2,584.06,292.03
15762,2,583.75,291.875
17014,3,583.4300000000001,194.4766666666667
12426,1,582.73,582.73
13427,3,582.6,194.20000000000002
12695,4,582.1,145.525
17259,2,581.23,290.615
18095,2,580.05,290.025
17142,1,579.0,579.0
13292,2,578.94,289.47
17540,2,578.9000000000001,289.45000000000005
16005,4,578.71,144.6775
14529,3,578.61,192.87
12601,5,577.06,115.41199999999999
14176,4,576.9000000000001,144.22500000000002
16723,2,576.4000000000001,288.20000000000005
15830,1,576.0,576.0
15550,4,575.63,143.9075
13487,3,575.4,191.79999999999998
14400,1,574.7,574.7
18123,2,574.4399999999999,287.21999999999997
15339,2,574.0699999999999,287.03499999999997
15303,1,574.02,574.02
12879,3,573.22,191.07333333333335
13379,3,572.56,190.85333333333332
13405,3,572.451,190.817
12816,2,572.2,286.1
13816,2,571.6700000000001,285.83500000000004
17616,3,571.1999999999999,190.39999999999998
15821,2,570.96,285.48
15315,2,570.5,285.25
13939,3,568.55,189.51666666666665
17360,3,568.24,189.41333333333333
13321,2,567.36,283.68
16667,2,567.1800000000001,283.59000000000003
18150,3,566.58,188.86
16278,1,566.38,566.38
16345,1,565.46,565.46
13894,3,564.62,188.20666666666668
15344,3,563.9399999999999,187.98
16933,2,563.23,281.615
14753,1,563.15,563.15
17970,1,562.79,562.79
14167,4,562.59,140.6475
16916,2,562.4100000000001,281.20500000000004
12414,3,562.41,187.47
12559,2,561.71,280.855
13946,3,561.5699999999999,187.18999999999997
15655,1,560.6700000000001,560.6700000000001
13044,1,560.47,560.47
14273,4,559.97,139.9925
16275,1,559.87,559.87
15415,1,559.61,559.61
16906,4,559.59,139.8975
12866,1,559.12,559.12
17503,2,558.96,279.48
12987,2,558.7,279.35
13800,1,558.32,558.32
14592,3,557.9399999999999,185.98
13260,1,557.62,557.62
17955,4,557.3,139.325
16385,3,554.86,184.95333333333335
17864,3,554.85,184.95000000000002
14891,2,554.38,277.19
14618,3,553.44,184.48000000000002
15068,2,553.36,276.68
12363,2,552.0,276.0
17674,2,551.04,275.52
17291,1,550.8000000000001,550.8000000000001
17235,2,550.0600000000001,275.03000000000003
17265,2,550.01,275.005
12390,1,549.84,549.84
14177,4,549.46,137.365
16536,1,548.12,548.12
16031,2,547.9,273.95
14474,1,547.66,547.66
16811,2,547.0699999999999,273.53499999999997
17637,2,547.06,273.53
16211,1,547.02,547.02
17295,3,547.0,182.33333333333334
17520,1,546.81,546.81
14805,4,546.4,136.6
14997,3,546.1999999999999,182.06666666666663
17806,1,546.04,546.04
12793,2,545.48,272.74
16475,4,544.3,136.075
13617,3,544.18,181.39333333333332
13390,1,544.08,544.08
16927,3,543.05,181.01666666666665
13278,1,542.73,542.73
16230,2,542.03,271.015
17897,3,541.81,180.60333333333332
17447,2,541.53,270.765
17557,3,541.46,180.48666666666668
13874,1,540.45,540.45
12743,2,540.13,270.065
13812,3,539.0,179.66666666666666
14496,2,538.8100000000001,269.40500000000003
15469,2,538.55,269.275
15539,1,538.46,538.46
14539,2,537.48,268.74
16206,4,537.0600000000001,134.26500000000001
15043,1,537.0,537.0
16804,3,536.99,178.99666666666667
16233,3,536.6800000000001,178.89333333333335
16142,1,535.34,535.34
13000,3,534.85,178.28333333333333
13385,1,534.57,534.57
16340,1,534.31,534.31
13434,2,534.24,267.12
17443,1,534.24,534.24
13217,3,533.98,177.99333333333334
17062,4,533.33,133.3325
15433,2,533.3,266.65
15825,1,532.94,532.94
12784,2,532.8199999999999,266.40999999999997
16706,3,531.3499999999999,177.11666666666665
14265,2,530.1800000000001,265.09000000000003
18159,1,530.15,530.15
14002,2,529.73,264.865
14463,3,529.62,176.54
16185,2,529.41,264.705
18043,3,529.2900000000001,176.43000000000004
15452,3,528.48,176.16
17631,3,528.33,176.11
16602,1,528.08,528.08
15756,4,528.01,132.0025
12479,1,527.2,527.2
17623,1,527.0500000000001,527.0500000000001
15919,2,525.69,262.845
17429,3,524.9200000000001,174.97333333333336
15467,3,524.88,174.96
13721,1,524.14,524.14
17329,2,523.11,261.555
18017,3,523.0,174.33333333333334
17712,1,522.91,522.91
12863,1,521.2,521.2
15149,1,520.8000000000001,520.8000000000001
17345,4,519.69,129.9225
14873,1,519.68,519.68
12571,2,519.61,259.805
13643,3,519.44,173.14666666666668
16955,4,518.67,129.6675
16650,1,518.42,518.42
15030,2,518.28,259.14
18252,2,518.27,259.135
16892,5,518.19,103.638
16135,1,517.55,517.55
17454,4,517.53,129.3825
18205,2,517.36,258.68
13043,1,516.42,516.42
15882,4,516.36,129.09
15809,5,515.77,103.154
12811,3,514.85,171.61666666666667
15246,2,514.15,257.075
13005,2,513.6999999999999,256.84999999999997
17513,1,513.1999999999999,513.1999999999999
17290,2,513.01,256.505
17805,1,512.31,512.31
17480,1,511.82,511.82
15891,1,511.68,511.68
12582,2,511.36,255.68
14851,2,511.35,255.675
16561,2,511.12,255.56
15406,2,510.71000000000004,255.35500000000002
12436,1,509.01,509.01
15417,1,508.8,508.8
17391,2,508.8,254.4
14317,1,508.58,508.58
17958,1,508.46000000000004,508.46000000000004
17415,1,507.84,507.84
14158,1,507.65999999999997,507.65999999999997
14820,4,507.29,126.8225
16960,3,507.05,169.01666666666668
13885,2,506.80000000000007,253.40000000000003
16614,1,506.19,506.19
12988,1,505.82,505.82
14014,1,505.18,505.18
15081,5,504.8,100.96000000000001
12991,2,503.76,251.88
17630,2,503.6,251.8
15535,4,502.9,125.725
16863,2,502.8,251.4
13865,4,501.56,125.39
15881,5,501.39000000000004,100.278
14871,4,501.28000000000003,125.32000000000001
13116,1,501.14,501.14
13247,4,501.12,125.28
16898,3,501.03,167.01
16616,2,500.42,250.21
15389,1,500.0,500.0
14077,5,499.42,99.884
15193,1,499.32,499.32
14681,3,498.95,166.31666666666666
16488,3,498.8,166.26666666666668
15142,1,498.74,498.74
17053,1,498.48,498.48
17298,2,498.42,249.21
16820,1,497.61,497.61
17495,2,497.56000000000006,248.78000000000003
15300,1,496.44,496.44
15018,3,496.21000000000004,165.40333333333334
12904,2,496.06,248.03
17374,2,495.77,247.885
15448,1,494.64,494.64
16352,2,494.44000000000005,247.22000000000003
17333,1,494.25,494.25
12763,2,494.08,247.04
14270,1,492.65000000000003,492.65000000000003
13732,1,491.86,491.86
14236,2,490.85999999999996,245.42999999999998
15000,1,490.52,490.52
15877,2,490.33000000000004,245.16500000000002
14416,2,490.22,245.11
18074,1,489.6,489.6
12809,1,489.31,489.31
17361,3,488.2,162.73333333333332
14396,2,487.99,243.995
15165,1,487.75,487.75
16643,1,487.51,487.51
13338,1,487.02000000000004,487.02000000000004
13675,2,486.82000000000005,243.41000000000003
17453,2,486.72,243.36
15287,2,486.69000000000005,243.34500000000003
13153,1,486.22,486.22
12639,1,486.1,486.1
15109,1,484.95,484.95
16999,2,484.82000000000005,242.41000000000003
16518,2,484.32,242.16
13531,2,483.79999999999995,241.89999999999998
14958,3,483.73,161.24333333333334
12808,3,483.65,161.21666666666667
14147,2,483.40000000000003,241.70000000000002
14450,3,483.25,161.08333333333334
16603,2,482.47,241.235
17950,3,482.2,160.73333333333332
12504,2,482.04999999999995,241.02499999999998
18216,1,481.75,481.75
13176,1,481.49,481.49
14130,1,480.91,480.91
15091,1,480.71,480.71
15006,1,480.38,480.38
17555,2,480.31,240.155
16368,2,479.91,239.955
16812,1,479.35,479.35
16008,3,478.78,159.59333333333333
15589,3,478.53,159.51
16768,3,478.09000000000003,159.36333333333334
12644,1,477.90999999999997,477.90999999999997
16693,2,477.86,238.93
13092,5,477.83000000000004,95.566
14320,2,477.78999999999996,238.89499999999998
12447,1,476.49,476.49
18176,1,476.35,476.35
15507,1,475.86,475.86
14853,2,475.8,237.9
14497,1,475.37,475.37
15780,3,475.28000000000003,158.42666666666668
14013,3,473.02,157.67333333333332
16038,3,471.78,157.26
15721,1,471.40000000000003,471.40000000000003
13066,2,470.8,235.4
15963,2,470.76,235.38
14431,1,470.36,470.36
15026,3,469.0,156.33333333333334
15557,1,468.91,468.91
14896,2,468.77000000000004,234.38500000000002
13171,3,468.40999999999997,156.13666666666666
14029,2,467.65999999999997,233.82999999999998
15468,2,467.51,233.755
13579,2,467.0400000000001,233.52000000000004
16374,2,466.73,233.365
14205,2,466.70000000000005,233.35000000000002
16504,1,465.88,465.88
13248,2,465.68000000000006,232.84000000000003
16742,1,464.9,464.9
13928,4,464.57,116.1425
16586,1,463.95,463.95
15349,2,463.90999999999997,231.95499999999998
14967,1,463.8,463.8
12787,3,463.66,154.55333333333334
17418,2,463.46000000000004,231.73000000000002
14489,1,463.38,463.38
17964,2,463.21,231.605
12945,1,462.95,462.95
14331,2,462.66,231.33
14470,2,461.19,230.595
16824,2,460.64,230.32
16805,2,460.59,230.295
12491,1,460.40000000000003,460.40000000000003
12355,1,459.40000000000003,459.40000000000003
16589,3,459.24,153.08
17880,1,458.92,458.92
15754,3,458.57,152.85666666666665
13506,2,458.52,229.26
15092,2,457.81000000000006,228.90500000000003
15121,2,457.71999999999997,228.85999999999999
12375,2,457.5,228.75
13398,1,457.34000000000003,457.34000000000003
12564,1,456.90000000000003,456.90000000000003
12999,3,455.88,151.96
14513,3,455.59000000000003,151.86333333333334
15585,1,455.3,455.3
16529,1,455.25,455.25
14335,2,454.86,227.43
15471,1,454.48,454.48
13485,1,454.24,454.24
17140,1,454.12,454.12
15475,1,454.11,454.11
17564,3,454.01,151.33666666666667
18158,2,453.4,226.7
12729,1,453.01,453.01
18071,2,453.0,226.5
14184,1,452.89,452.89
12591,1,452.85,452.85
16574,1,451.44,451.44
15802,1,451.42,451.42
14173,4,450.84000000000003,112.71000000000001
16885,3,450.40999999999997,150.13666666666666
17040,1,449.73,449.73
13489,4,449.52000000000004,112.38000000000001
12448,1,449.45,449.45
15739,1,449.12,449.12
17579,3,448.9,149.63333333333333
14780,2,447.68,223.84
15646,3,447.64000000000004,149.21333333333334
15368,1,446.94000000000005,446.94000000000005
14149,1,446.62,446.62
17370,4,446.18,111.545
17190,2,444.74,222.37
18006,1,444.68,444.68
14638,1,443.6,443.6
16404,1,443.05,443.05
18222,1,443.0,443.0
12579,1,440.42,440.42
14022,1,440.0,440.0
15524,1,440.0,440.0
18233,1,440.0,440.0
13954,2,439.91999999999996,219.95999999999998
12391,1,439.66,439.66
16025,1,439.65999999999997,439.65999999999997
13359,1,439.56,439.56
16968,2,439.43,219.715
13358,1,439.03000000000003,439.03000000000003
14272,2,437.96000000000004,218.98000000000002
12552,2,437.82,218.91
16034,3,437.7,145.9
12592,2,437.6,218.8
16084,1,436.18,436.18
15551,1,436.06,436.06
16948,3,435.02,145.00666666666666
15456,3,434.59000000000003,144.86333333333334
14910,4,434.35,108.5875
14460,3,434.34,144.78
14093,1,433.86,433.86
12493,2,433.74,216.87
17035,2,433.53,216.765
16236,1,432.2,432.2
16881,1,432.0,432.0
12452,2,430.57,215.285
13245,1,430.5,430.5
12795,1,430.48,430.48
12827,3,430.15,143.38333333333333
16884,2,429.84000000000003,214.92000000000002
15450,1,429.84,429.84
15230,2,429.6,214.8
15036,3,429.56,143.18666666666667
15553,1,428.93,428.93
13602,1,428.89,428.89
15957,1,428.89,428.89
17869,5,428.18,85.636
15360,1,427.93,427.93
12725,1,427.8,427.8
12403,1,427.7,427.7
15976,2,427.64,213.82
12740,1,427.6,427.6
12802,1,427.58,427.58
15930,1,426.63,426.63
14288,1,426.6,426.6
15639,1,425.32,425.32
14157,2,424.89,212.445
16119,2,423.36,211.68
17525,1,422.7,422.7
13473,2,422.64,211.32
16689,2,422.6,211.3
18240,1,422.58,422.58
13140,3,422.47,140.82333333333335
16780,2,422.24,211.12
18106,1,421.9,421.9
14757,1,420.5,420.5
15206,4,420.30000000000007,105.07500000000002
15889,2,420.07,210.035
14124,1,419.58,419.58
15361,1,418.92,418.92
18034,2,418.67999999999995,209.33999999999997
17371,3,418.4,139.46666666666667
12593,3,418.1,139.36666666666667
17701,1,417.95,417.95
17232,2,417.77,208.885
13615,1,417.69,417.69
16737,1,417.6,417.6
12833,1,417.38,417.38
17392,2,417.27,208.635
13166,1,417.2,417.2
16816,4,417.06,104.265
13889,1,416.90000000000003,416.90000000000003
17223,2,416.89,208.445
15935,2,416.86,208.43
16957,2,416.64,208.32
13085,2,416.08000000000004,208.04000000000002
14139,1,415.82,415.82
15803,1,415.82,415.82
12930,2,415.8,207.9
12580,1,415.7,415.7
15725,1,415.25,415.25
14333,1,415.2,415.2
18001,2,415.13,207.565
16795,1,414.88,414.88
14998,2,414.87,207.435
12993,4,414.76,103.69
15994,1,414.27,414.27
16239,2,414.20000000000005,207.10000000000002
17483,3,414.04,138.01333333333335
13974,1,413.59000000000003,413.59000000000003
16834,1,413.46,413.46
17134,2,413.2,206.6
14620,2,412.78,206.39
15523,1,412.01000000000005,412.01000000000005
16272,1,411.7,411.7
15186,2,411.41,205.705
15099,1,410.48,410.48
15695,2,409.98,204.99
14048,1,409.93,409.93
13827,3,409.79999999999995,136.6
14348,1,409.57,409.57
12990,3,409.5,136.5
15225,1,409.40000000000003,409.40000000000003
16243,2,409.1,204.55
16018,2,408.9,204.45
15269,1,408.8,408.8
17913,2,408.65,204.325
16629,2,408.63,204.315
16324,3,408.59000000000003,136.1966666666667
17931,2,408.36,204.18
16399,2,408.02,204.01
15127,1,406.53000000000003,406.53000000000003
16947,1,406.48,406.48
15342,1,406.09000000000003,406.09000000000003
14616,3,406.08,135.35999999999999
12970,4,405.46999999999997,101.36749999999999
12922,1,405.38,405.38
15012,2,405.03999999999996,202.51999999999998
15938,5,404.58000000000004,80.91600000000001
16319,1,404.40000000000003,404.40000000000003
16484,2,404.29999999999995,202.14999999999998
12498,3,403.70000000000005,134.5666666666667
17431,1,403.3,403.3
15221,1,403.25,403.25
18036,3,403.12,134.37333333333333
15184,2,402.2,201.1
12386,2,401.90000000000003,200.95000000000002
15158,1,401.40000000000003,401.40000000000003
16500,6,400.86,66.81
16198,1,400.68100000000004,400.68100000000004
12792,1,400.54,400.54
17375,3,400.1,133.36666666666667
18164,1,399.65,399.65
13255,2,399.51,199.755
18154,2,399.19,199.595
17052,1,399.09,399.09
17830,3,398.7,132.9
15522,2,397.99,198.995
13352,1,397.98,397.98
12508,2,397.88,198.94
15967,2,397.68,198.84
15429,2,397.35,198.675
17926,2,397.29,198.645
12824,1,397.12,397.12
13594,1,396.97,396.97
17486,1,396.87,396.87
15883,2,396.48,198.24
18067,1,396.33,396.33
16354,2,395.8,197.9
17603,1,394.72,394.72
14619,1,394.44,394.44
16207,1,394.38,394.38
15386,1,394.14,394.14
15264,1,393.74,393.74
15345,1,393.54,393.54
17226,1,393.49,393.49
14600,1,393.33,393.33
14670,2,392.86,196.43
16010,3,392.40000000000003,130.8
15837,1,391.98,391.98
16917,1,391.52,391.52
12982,1,390.53999999999996,390.53999999999996
18024,2,389.78,194.89
17379,1,389.72,389.72
14752,1,389.64000000000004,389.64000000000004
13873,3,389.6,129.86666666666667
13345,1,389.5,389.5
16250,2,389.44000000000005,194.72000000000003
15847,2,389.27,194.635
12690,1,389.01,389.01
15592,1,388.58,388.58
13899,2,388.52,194.26
13856,3,388.5,129.5
17438,1,388.45000000000005,388.45000000000005
14538,2,388.25,194.125
17817,3,387.68,129.22666666666666
14420,1,387.52,387.52
13673,2,387.44,193.72
17508,1,387.31,387.31
17595,2,386.69000000000005,193.34500000000003
14114,2,386.53,193.265
15664,1,386.43,386.43
17614,1,386.32,386.32
14779,3,386.15,128.71666666666667
13821,2,385.64,192.82
17711,2,385.1,192.55
13919,2,384.81,192.405
17357,2,384.39,192.195
16204,1,384.18,384.18
17205,1,384.08,384.08
16982,1,384.06,384.06
12733,1,383.95,383.95
13833,1,383.85,383.85
17189,2,383.75,191.875
12515,1,383.7,383.7
15440,3,383.68,127.89333333333333
14304,1,383.45,383.45
15424,2,383.34000000000003,191.67000000000002
12832,2,383.03000000000003,191.51500000000001
13817,2,382.98,191.49
17239,1,382.5,382.5
13657,2,382.14,191.07
17250,2,381.97,190.985
15090,1,381.32,381.32
16441,2,381.20000000000005,190.60000000000002
15048,4,381.0,95.25
12871,2,380.64,190.32
17573,3,380.6,126.86666666666667
17138,1,380.5,380.5
17999,2,380.39,190.195
17031,2,380.35,190.175
17936,1,380.13,380.13
14731,3,380.02,126.67333333333333
16552,2,379.73,189.865
13589,2,379.65,189.825
13656,2,379.65,189.825
17878,1,379.45,379.45
15885,3,379.35,126.45
16909,1,379.14,379.14
16930,3,378.89,126.29666666666667
13372,1,378.64,378.64
17078,2,378.2,189.1
17736,3,377.44,125.81333333333333
12890,1,376.71999999999997,376.71999999999997
17489,2,376.64,188.32
13936,1,376.58,376.58
16858,1,375.69,375.69
14448,2,375.35,187.675
14079,1,375.1,375.1
16147,1,375.0,375.0
14067,2,374.7,187.35
17492,1,374.57,374.57
12873,1,374.0,374.0
13351,1,373.94,373.94
16321,5,373.65,74.72999999999999
12895,2,372.8,186.4
12544,1,372.7,372.7
12981,2,372.22,186.11
13300,1,371.89,371.89
18155,3,371.62,123.87333333333333
15472,1,371.56,371.56
16776,1,371.54,371.54
14950,1,371.2,371.2
15975,1,371.01,371.01
15063,1,370.8,370.8
15922,1,369.5,369.5
16758,1,369.34,369.34
14888,1,369.2,369.2
17765,3,367.63,122.54333333333334
16065,1,367.14,367.14
18181,1,366.85,366.85
17911,1,366.23,366.23
17432,2,365.76,182.88
16499,2,365.45000000000005,182.72500000000002
16202,1,365.27,365.27
14886,1,364.8,364.8
15949,2,364.72,182.36
12373,1,364.6,364.6
15343,1,364.5,364.5
14528,1,364.21999999999997,364.21999999999997
12538,1,363.95,363.95
17330,2,363.9,181.95
14171,1,363.79,363.79
16509,1,363.70000000000005,363.70000000000005
12915,2,363.65,181.825
16485,1,363.65,363.65
18056,1,363.65,363.65
14932,1,363.53,363.53
14427,2,363.34000000000003,181.67000000000002
14594,2,363.33,181.665
16903,1,363.2,363.2
16378,3,362.95,120.98333333333333
16052,1,362.06,362.06
15025,1,361.96,361.96
13844,1,361.62,361.62
16769,1,361.54,361.54
16305,1,361.22,361.22
13291,1,361.11,361.11
17358,2,360.81,180.405
16595,1,360.16,360.16
13780,2,360.01,180.005
13298,1,360.0,360.0
15120,1,358.82,358.82
17948,1,358.56000000000006,358.56000000000006
16823,1,358.38,358.38
13228,1,358.0,358.0
13976,1,357.98,357.98
17025,3,357.77000000000004,119.25666666666667
16971,1,357.21,357.21
18040,2,357.20000000000005,178.60000000000002
13453,2,356.98,178.49
14500,3,356.85,118.95
15713,2,356.70000000000005,178.35000000000002
15247,1,356.0,356.0
16372,2,355.73,177.865
14537,1,355.56,355.56
15840,2,355.56,177.78
17742,2,355.11,177.555
14690,2,355.05,177.525
12888,2,354.12,177.06
12845,4,354.09000000000003,88.52250000000001
13173,2,353.65,176.825
13210,1,353.48,353.48
13343,1,353.43,353.43
14804,1,353.27,353.27
12617,1,352.98,352.98
15678,1,352.7,352.7
18112,2,352.69,176.345
16274,1,351.75,351.75
15901,3,351.73,117.24333333333334
12566,1,351.65,351.65
15870,1,351.44,351.44
15789,1,351.3,351.3
13923,1,351.13,351.13
13332,1,350.90000000000003,350.90000000000003
15334,3,350.82,116.94
13740,1,350.75,350.75
13108,1,350.06,350.06
12532,1,349.83000000000004,349.83000000000004
13670,1,349.7,349.7
13887,1,349.55,349.55
18250,1,349.27,349.27
15405,1,349.1,349.1
13927,1,348.99,348.99
17252,2,348.90999999999997,174.45499999999998
13790,1,348.8,348.8
12527,3,348.71000000000004,116.23666666666668
16159,1,348.2,348.2
13052,1,348.15000000000003,348.15000000000003
14379,2,348.1,174.05
13497,2,348.05,174.025
17668,2,347.75,173.875
18127,3,347.08,115.69333333333333
13062,1,346.98,346.98
13649,2,346.6,173.3
16423,1,346.12,346.12
13091,1,345.82,345.82
15781,3,345.46000000000004,115.15333333333335
17123,1,345.3,345.3
13774,1,345.0,345.0
14633,1,344.90000000000003,344.90000000000003
16978,1,344.33,344.33
17569,1,344.14,344.14
13068,2,344.0,172.0
15047,1,343.62,343.62
15520,1,343.5,343.5
18081,3,343.45000000000005,114.48333333333335
12715,1,343.36,343.36
12875,2,343.2300000000001,171.61500000000004
17795,2,342.83000000000004,171.41500000000002
16851,3,342.45,114.14999999999999
17835,3,342.24,114.08
16826,1,341.7,341.7
13347,1,341.36,341.36
14491,2,340.93,170.465
15115,1,340.11,340.11
13737,1,339.59999999999997,339.59999999999997
17045,3,339.44,113.14666666666666
16545,1,339.3,339.3
17697,1,338.95000000000005,338.95000000000005
16183,1,338.71000000000004,338.71000000000004
13569,2,338.62,169.31
15652,1,337.74,337.74
15942,1,337.44,337.44
13930,2,337.34000000000003,168.67000000000002
15900,1,337.28000000000003,337.28000000000003
17973,1,337.04,337.04
16105,1,336.96,336.96
15619,1,336.4,336.4
17384,2,336.4,168.2
18078,2,336.13,168.065
18276,1,335.86,335.86
14196,1,335.52,335.52
16063,1,335.32,335.32
17917,3,335.03,111.67666666666666
12489,1,334.93,334.93
14988,1,334.54,334.54
15466,1,334.53,334.53
17221,2,334.48,167.24
12350,1,334.40000000000003,334.40000000000003
15918,2,334.23,167.115
14264,2,333.97,166.985
13216,1,333.74,333.74
13727,2,333.48,166.74
16625,1,333.08,333.08
14902,1,332.66,332.66
13904,2,332.64,166.32
16850,1,332.41,332.41
16803,1,332.3,332.3
16177,1,331.95,331.95
16030,1,331.24,331.24
15210,1,331.18,331.18
12891,3,331.0,110.33333333333333
16478,3,331.0,110.33333333333333
17862,1,330.9,330.9
12519,1,330.84000000000003,330.84000000000003
13706,1,330.79,330.79
14517,2,330.45,165.225
15130,1,330.11,330.11
15714,2,330.03000000000003,165.01500000000001
16593,3,330.03,110.00999999999999
12953,1,329.85,329.85
17866,1,329.65,329.65
17615,3,329.6,109.86666666666667
13239,1,329.56,329.56
17914,1,329.36,329.36
17154,1,329.34,329.34
15153,1,329.25,329.25
15880,1,329.03,329.03
14012,1,328.8,328.8
17222,1,328.65,328.65
16343,2,328.58000000000004,164.29000000000002
16855,2,328.4,164.2
15213,2,328.34999999999997,164.17499999999998
14747,1,328.2,328.2
14206,1,328.15999999999997,328.15999999999997
16318,1,328.15000000000003,328.15000000000003
15314,1,327.97,327.97
14024,2,327.7,163.85
15579,2,327.6,163.8
16366,1,327.3,327.3
14870,1,327.25,327.25
16322,2,326.75,163.375
14987,2,326.4,163.2
17715,1,326.4,326.4
16071,1,326.24,326.24
15363,1,326.0,326.0
12844,2,325.96000000000004,162.98000000000002
16830,1,325.91,325.91
14850,1,325.75,325.75
15944,1,325.1,325.1
12790,1,324.92,324.92
13801,1,324.8,324.8
15597,1,324.57,324.57
16685,2,324.24,162.12
18261,2,324.24,162.12
15675,3,323.69000000000005,107.89666666666669
15921,1,323.03000000000003,323.03000000000003
16739,1,323.0,323.0
13955,2,322.96,161.48
16627,1,322.8,322.8
16342,4,322.40999999999997,80.60249999999999
15224,2,322.08000000000004,161.04000000000002
14424,1,322.08,322.08
14484,1,321.92,321.92
17976,1,321.79,321.79
14823,3,321.43,107.14333333333333
15236,1,321.05,321.05
16096,1,320.62,320.62
14622,1,320.58000000000004,320.58000000000004
13986,1,320.46,320.46
15107,6,319.5,53.25
16967,1,319.02,319.02
17157,2,319.0,159.5
17229,2,318.76,159.38
17248,1,318.65,318.65
14703,1,318.17,318.17
17839,1,318.15,318.15
12648,1,318.05,318.05
18066,1,318.0,318.0
17172,1,317.76,317.76
15101,2,317.53,158.765
17267,2,317.20000000000005,158.60000000000002
15257,1,317.15,317.15
15385,1,316.88,316.88
15243,1,316.68,316.68
16761,1,316.62,316.62
15204,1,316.58,316.58
17458,1,316.5,316.5
13494,1,316.26000000000005,316.26000000000005
14479,2,316.25,158.125
15872,2,316.25,158.125
16473,3,316.11,105.37
18117,1,315.65,315.65
12614,1,315.6,315.6
15766,1,315.06,315.06
16091,2,315.06,157.53
17237,2,314.69,157.345
16193,1,314.45,314.45
12650,1,314.44,314.44
16227,1,314.22,314.22
15970,1,314.09999999999997,314.09999999999997
13484,1,313.8,313.8
16582,1,313.62,313.62
14729,1,313.49,313.49
13845,1,312.98,312.98
15318,1,312.62,312.62
14555,2,312.54,156.27
12834,1,312.38,312.38
13642,1,312.28,312.28
17362,2,312.23,156.115
12785,1,311.95,311.95
16450,1,311.92,311.92
14142,1,311.81,311.81
15326,1,311.71,311.71
14951,1,311.69,311.69
14327,1,311.65000000000003,311.65000000000003
12852,1,311.55,311.55
13990,1,311.3,311.3
17854,2,311.26,155.63
16781,1,311.25,311.25
13897,1,311.16,311.16
15185,1,310.62,310.62
15308,1,310.47,310.47
14311,1,310.26,310.26
17912,5,310.06,62.012
14924,1,310.05,310.05
15661,2,309.8,154.9
15699,1,309.65,309.65
16810,1,309.54,309.54
14339,1,309.52,309.52
14847,1,309.4,309.4
17604,2,309.36,154.68
12884,1,309.05,309.05
13787,2,309.03999999999996,154.51999999999998
15010,1,308.94,308.94
16956,1,308.74,308.74
13699,1,308.58000000000004,308.58000000000004
17510,1,308.48,308.48
13369,1,308.28000000000003,308.28000000000003
13466,1,307.90000000000003,307.90000000000003
15973,1,307.82,307.82
16123,1,307.78000000000003,307.78000000000003
13529,2,307.76,153.88
13395,1,307.72,307.72
13060,1,307.53000000000003,307.53000000000003
14716,2,307.51,153.755
14915,2,307.48,153.74
17120,1,307.46,307.46
13932,1,307.4,307.4
13142,1,307.09000000000003,307.09000000000003
17334,2,307.02000000000004,153.51000000000002
15087,1,306.94,306.94
13762,1,306.72,306.72
16668,6,306.72,51.120000000000005
13718,2,306.55,153.275
18059,3,306.46,102.15333333333332
15659,1,306.45,306.45
17176,1,306.13,306.13
13863,1,305.78000000000003,305.78000000000003
15219,1,305.75,305.75
16796,1,305.62,305.62
16181,1,305.54,305.54
13045,1,305.28000000000003,305.28000000000003
18220,1,305.28,305.28
12623,1,305.1,305.1
17941,1,304.56,304.56
15163,2,304.47,152.235
16217,2,304.25,152.125
18185,1,304.25,304.25
16674,2,304.24,152.12
17070,1,304.24,304.24
17732,1,303.97,303.97
16400,1,303.93,303.93
13083,2,303.75,151.875
17433,1,303.16,303.16
16425,1,302.7,302.7
14248,1,302.58,302.58
16386,2,302.57,151.285
18165,1,302.46,302.46
16292,1,302.25,302.25
17506,1,302.2,302.2
15054,2,302.1,151.05
17094,1,302.0,302.0
16297,1,301.9,301.9
16715,1,301.71999999999997,301.71999999999997
15667,1,301.32,301.32
15148,1,301.29,301.29
15623,1,301.03000000000003,301.03000000000003
13479,2,300.95,150.475
17978,1,300.92,300.92
16430,1,300.85,300.85
16479,2,300.83000000000004,150.41500000000002
14762,1,300.52,300.52
13304,1,300.42,300.42
15254,1,300.36,300.36
17793,1,300.34,300.34
13745,1,300.04,300.04
18053,1,300.02,300.02
18215,1,299.34000000000003,299.34000000000003
13667,1,299.05,299.05
15609,1,298.48,298.48
17824,1,298.4,298.4
16104,1,298.21000000000004,298.21000000000004
17678,1,298.11,298.11
12881,1,298.0,298.0
15857,1,297.0,297.0
17531,1,296.7,296.7
13441,1,296.64,296.64
17266,3,296.58000000000004,98.86000000000001
13751,1,296.25,296.25
13504,1,295.93,295.93
16998,4,295.0,73.75
14954,1,294.85,294.85
15060,4,294.25,73.5625
17124,1,294.24,294.24
15732,2,294.12,147.06
16402,2,293.45000000000005,146.72500000000002
17163,2,293.1,146.55
12829,2,293.0,146.5
16721,1,292.47,292.47
14985,2,292.01,146.005
13502,3,292.0,97.33333333333333
13449,1,291.88,291.88
17255,2,291.48,145.74
14656,2,291.05,145.525
14947,2,290.82,145.41
16648,1,290.66,290.66
15279,1,290.51,290.51
17691,2,290.4,145.2
16526,1,290.36,290.36
17551,1,290.34,290.34
13573,2,290.25,145.125
14784,2,289.99,144.995
17464,1,289.96000000000004,289.96000000000004
17201,1,289.78000000000003,289.78000000000003
16897,2,289.78,144.89
14162,2,289.36,144.68
16125,1,289.35,289.35
14549,1,289.24,289.24
15545,2,288.97,144.485
17081,2,288.90999999999997,144.45499999999998
17501,2,288.6,144.3
16808,2,288.42,144.21
15396,1,288.18,288.18
17977,1,288.14,288.14
17080,2,287.62,143.81
17760,2,287.59,143.795
16432,1,287.40000000000003,287.40000000000003
13760,2,286.79,143.395
16555,2,285.89,142.945
14660,2,285.74,142.87
14953,1,285.67,285.67
17636,1,285.56,285.56
13708,1,285.33,285.33
16429,1,284.55,284.55
18190,2,284.46000000000004,142.23000000000002
13121,1,283.73,283.73
13439,1,283.71,283.71
12703,1,283.55,283.55
17783,2,283.47,141.735
13259,1,283.18,283.18
18270,2,283.15000000000003,141.57500000000002
17694,1,283.12,283.12
14350,1,282.93,282.93
13754,2,282.6,141.3
13177,1,282.45,282.45
16557,2,281.85,140.925
16848,1,281.42,281.42
14242,2,280.54999999999995,140.27499999999998
16149,2,280.52,140.26
17247,1,280.09000000000003,280.09000000000003
14975,1,279.94,279.94
15556,1,279.77,279.77
14480,1,279.05,279.05
14764,1,278.3,278.3
14908,1,277.8,277.8
13803,1,277.07,277.07
15355,2,277.05,138.525
13606,3,276.75,92.25
13272,2,276.56,138.28
13544,2,276.06,138.03
12750,1,275.88,275.88
14512,2,275.28,137.64
16313,2,274.15,137.075
16883,2,272.48,136.24
17498,1,272.21999999999997,272.21999999999997
14819,2,272.07,136.035
13917,2,272.03999999999996,136.01999999999998
14816,1,271.85,271.85
13058,3,271.4,90.46666666666665
17767,1,271.2,271.2
17254,2,271.19,135.595
17496,1,271.05,271.05
18108,1,271.0,271.0
17011,1,270.9,270.9
15774,1,270.8,270.8
14520,2,270.6,135.3
13242,3,270.40000000000003,90.13333333333334
12558,1,269.96,269.96
17251,1,269.83,269.83
13533,3,269.09000000000003,89.69666666666667
14727,1,268.58,268.58
14508,2,268.05,134.025
15408,1,267.18,267.18
17550,3,267.15999999999997,89.05333333333333
15320,1,267.13,267.13
15517,1,267.03000000000003,267.03000000000003
16451,1,266.97,266.97
17786,2,266.85,133.425
14863,1,266.76,266.76
13837,2,266.59000000000003,133.29500000000002
15119,1,266.4,266.4
12962,2,266.39,133.195
14068,1,265.85,265.85
17430,2,265.76,132.88
14423,1,265.2,265.2
17968,1,265.1,265.1
13973,1,264.7,264.7
15912,2,264.62,132.31
17403,1,263.92,263.92
17708,2,263.33,131.665
12492,2,263.21,131.605
17194,2,262.62,131.31
16413,1,262.2,262.2
16936,1,261.9,261.9
13189,2,260.68,130.34
14053,2,260.25,130.125
15143,1,259.45,259.45
13127,1,259.17,259.17
14452,2,259.05,129.525
15577,3,258.88,86.29333333333334
13277,4,258.4,64.6
15894,2,258.25,129.125
13227,1,257.7,257.7
15014,2,257.67,128.835
13626,1,257.23,257.23
16048,2,256.44000000000005,128.22000000000003
12430,1,256.4,256.4
13806,1,256.38,256.38
16727,1,256.32,256.32
17896,1,256.32,256.32
17385,1,256.11,256.11
16447,1,255.91,255.91
14761,2,255.9,127.95
15277,1,255.9,255.9
14881,1,255.4,255.4
16226,3,255.12,85.04
15261,1,254.82,254.82
15154,1,254.28,254.28
12604,2,254.18,127.09
14765,3,254.11,84.70333333333333
15689,2,254.1,127.05
12797,1,254.03,254.03
15759,3,253.04000000000002,84.34666666666668
15019,1,252.81,252.81
15035,1,252.73000000000002,252.73000000000002
13404,2,252.49,126.245
15346,1,252.42000000000002,252.42000000000002
13645,1,252.1,252.1
13711,2,252.06,126.03
16330,3,251.91,83.97
16836,2,251.87,125.935
17155,2,251.7,125.85
16976,1,251.51999999999998,251.51999999999998
13512,1,251.21,251.21
14501,2,251.21,125.605
16024,1,251.03,251.03
13207,2,250.26000000000005,125.13000000000002
16596,2,250.15,125.075
17303,1,250.04,250.04
15510,1,250.0,250.0
17456,1,249.86,249.86
16124,1,249.0,249.0
13061,1,248.61,248.61
16510,1,248.1,248.1
15097,1,248.08,248.08
13592,4,247.95999999999998,61.989999999999995
18072,1,247.44,247.44
18009,1,247.39,247.39
13349,1,247.32,247.32
14658,2,247.15,123.575
15783,1,246.3,246.3
17278,1,246.04000000000002,246.04000000000002
16778,2,245.94,122.97
17771,2,245.81,122.905
12660,1,245.10000000000002,245.10000000000002
15118,1,244.8,244.8
16528,1,244.41,244.41
17892,3,244.1,81.36666666666666
17925,1,244.08,244.08
13103,1,243.94,243.94
16793,1,243.84,243.84
18193,1,243.76000000000002,243.76000000000002
13886,1,243.56,243.56
15634,1,243.55,243.55
17339,2,243.36,121.68
16601,1,242.7,242.7
16215,1,242.35,242.35
15776,1,241.62,241.62
14523,1,241.09,241.09
16427,2,241.06,120.53
17051,1,240.89,240.89
15598,1,240.68,240.68
15286,1,240.55,240.55
13565,2,240.21999999999997,120.10999999999999
17256,2,240.0,120.0
17181,2,239.92000000000002,119.96000000000001
15690,2,239.76,119.88
13570,1,239.49,239.49
17684,1,239.41,239.41
16756,1,239.4,239.4
12561,1,238.85,238.85
12718,1,238.25,238.25
17877,1,237.60999999999999,237.60999999999999
14586,1,237.35999999999999,237.35999999999999
15457,1,237.07,237.07
12732,1,236.26000000000002,236.26000000000002
16026,1,236.09,236.09
14647,1,236.04,236.04
13187,1,236.02,236.02
14375,1,235.56,235.56
15850,2,234.88,117.44
15462,3,234.6,78.2
14473,2,234.34,117.17
17060,1,234.24,234.24
16961,1,234.17,234.17
12736,1,234.0,234.0
13348,1,233.76000000000002,233.76000000000002
16583,1,233.45000000000002,233.45000000000002
16302,1,233.22,233.22
13678,1,232.6,232.6
18213,1,232.48000000000002,232.48000000000002
16117,1,232.21,232.21
17908,1,232.03,232.03
14995,2,231.98000000000002,115.99000000000001
15393,2,231.86,115.93
17111,1,231.61,231.61
16641,1,231.1,231.1
18030,2,230.64999999999998,115.32499999999999
16445,1,230.51,230.51
17125,1,230.5,230.5
13786,1,230.4,230.4
16926,1,230.25,230.25
13960,2,230.22,115.11
12812,1,229.64000000000001,229.64000000000001
13008,1,229.47,229.47
15528,1,229.33,229.33
14793,1,228.99,228.99
17347,1,228.96,228.96
13146,1,228.91,228.91
13712,1,228.84,228.84
13070,1,228.8,228.8
17969,2,228.2,114.1
16527,1,228.06000000000003,228.06000000000003
14569,1,227.39000000000001,227.39000000000001
17212,1,226.85,226.85
13474,1,226.84,226.84
17572,4,226.75000000000003,56.68750000000001
18005,2,226.47,113.235
17860,1,226.45000000000002,226.45000000000002
16315,1,226.37,226.37
16619,1,226.21,226.21
12672,1,225.9,225.9
17789,1,225.9,225.9
14624,2,225.85,112.925
12402,1,225.6,225.6
16690,2,225.58,112.79
14052,1,225.36,225.36
15483,4,225.26,56.315
16587,1,225.15,225.15
14357,1,225.12,225.12
17171,1,224.91,224.91
15175,1,224.14,224.14
16471,1,223.95000000000002,223.95000000000002
16753,1,223.92000000000002,223.92000000000002
14929,1,223.88,223.88
13926,1,223.85000000000002,223.85000000000002
15637,1,223.36,223.36
17534,1,223.36,223.36
13382,1,222.99,222.99
16777,2,222.62,111.31
18101,2,222.4,111.2
14598,1,221.97,221.97
14960,2,221.26999999999998,110.63499999999999
13419,1,221.06,221.06
16482,1,220.62,220.62
13079,5,220.10000000000002,44.02
18114,1,220.1,220.1
13600,1,219.52,219.52
15096,1,219.39000000000001,219.39000000000001
12702,1,219.0,219.0
15790,1,218.75,218.75
13669,2,218.55,109.275
12574,1,218.45000000000002,218.45000000000002
15724,2,218.25,109.125
14570,2,218.06,109.03
16634,2,217.9,108.95
16392,1,217.89,217.89
15554,1,217.2,217.2
16080,2,217.16,108.58
13739,1,216.9,216.9
13503,1,216.85,216.85
12897,2,216.5,108.25
15604,1,216.39000000000001,216.39000000000001
17436,2,216.3,108.15
14104,2,216.21,108.105
13858,1,216.17000000000002,216.17000000000002
18212,1,216.07,216.07
16179,1,215.83,215.83
17580,3,215.72,71.90666666666667
16189,2,215.48,107.74
16190,1,215.08,215.08
16519,2,215.07999999999998,107.53999999999999
12831,1,215.05,215.05
12588,1,214.9,214.9
16338,1,214.8,214.8
17619,1,214.37,214.37
16846,1,214.32,214.32
15460,1,214.26,214.26
16647,2,214.06,107.03
14601,1,213.96,213.96
13621,1,213.85,213.85
17153,1,213.78,213.78
14241,1,213.70000000000002,213.70000000000002
13411,1,213.55,213.55
16591,1,213.5,213.5
15540,1,213.3,213.3
17928,2,212.54000000000002,106.27000000000001
15866,1,211.89,211.89
16017,1,211.88,211.88
16356,3,211.77,70.59
16411,2,211.70000000000002,105.85000000000001
15703,1,211.5,211.5
13271,1,211.49,211.49
12995,1,211.32,211.32
13532,1,210.31,210.31
13828,1,209.49,209.49
17855,1,208.97,208.97
15327,1,208.75,208.75
17514,1,208.65,208.65
15897,2,208.58999999999997,104.29499999999999
16457,1,208.36,208.36
12547,2,207.8,103.9
18191,1,207.8,207.8
16866,3,207.74,69.24666666666667
15052,1,207.73000000000002,207.73000000000002
16323,1,207.50000000000003,207.50000000000003
17923,1,207.50000000000003,207.50000000000003
16752,1,207.5,207.5
13099,1,207.36,207.36
15925,1,207.15,207.15
15820,1,206.98,206.98
17166,2,206.34,103.17
14964,1,206.21,206.21
13065,1,205.86,205.86
17670,1,205.7,205.7
17843,1,205.48,205.48
15307,1,205.3,205.3
15758,1,205.25,205.25
13513,1,205.10000000000002,205.10000000000002
15319,1,204.5,204.5
17206,1,204.24,204.24
13017,1,204.0,204.0
18273,3,204.0,68.0
17187,1,203.95,203.95
17394,1,203.86999999999998,203.86999999999998
17891,1,203.85999999999999,203.85999999999999
17376,2,203.2,101.6
14381,1,202.68,202.68
18169,1,202.65,202.65
14984,2,202.37,101.185
16895,1,202.27,202.27
14385,3,202.10999999999999,67.36999999999999
13428,1,201.78,201.78
15347,1,201.60000000000002,201.60000000000002
17889,2,201.37,100.685
13295,1,201.20000000000002,201.20000000000002
13284,1,201.19,201.19
16965,1,201.19,201.19
13859,1,201.16,201.16
17988,7,201.12,28.731428571428573
18126,1,200.92,200.92
17693,1,200.47,200.47
13262,1,200.29,200.29
16415,1,200.27,200.27
15437,1,200.16,200.16
13980,1,200.14,200.14
14782,1,200.10000000000002,200.10000000000002
13723,1,199.85000000000002,199.85000000000002
15593,1,199.8,199.8
13322,1,199.48000000000002,199.48000000000002
16832,3,199.15,66.38333333333334
18110,1,198.8,198.8
17987,1,198.57,198.57
16178,1,197.9,197.9
12450,2,197.88,98.94
12581,1,197.71,197.71
14185,1,197.65,197.65
14789,1,197.64000000000001,197.64000000000001
16829,1,197.22,197.22
15234,1,197.0,197.0
12586,1,196.94,196.94
13436,1,196.89,196.89
15746,1,196.88,196.88
13978,2,196.79000000000002,98.39500000000001
16112,4,195.74,48.935
13792,2,195.55,97.775
17010,1,195.36,195.36
14666,1,195.25,195.25
15612,2,195.15,97.575
17475,1,194.37,194.37
15683,1,193.75,193.75
17343,1,193.64000000000001,193.64000000000001
15198,2,193.64,96.82
16847,1,193.44,193.44
14806,1,193.39000000000001,193.39000000000001
17383,1,193.39000000000001,193.39000000000001
14476,1,193.0,193.0
12522,2,192.72000000000003,96.36000000000001
12791,1,192.60000000000002,192.60000000000002
14768,2,192.60000000000002,96.30000000000001
16887,1,192.33,192.33
17608,2,191.99,95.995
14100,1,191.95,191.95
15909,1,191.94,191.94
14087,1,191.47,191.47
15692,1,191.04,191.04
17233,1,190.88,190.88
15723,1,190.70000000000002,190.70000000000002
13033,1,190.55,190.55
15412,1,190.53,190.53
13972,2,190.25,95.125
12361,1,189.9,189.9
13826,1,189.5,189.5
13663,1,189.47,189.47
14801,1,189.34,189.34
14830,1,188.88,188.88
14697,2,188.61,94.305
17781,2,188.01999999999998,94.00999999999999
17279,1,187.83,187.83
18013,2,187.29000000000002,93.64500000000001
13568,1,187.05,187.05
17440,3,186.42,62.13999999999999
13672,2,186.39000000000001,93.19500000000001
14551,2,186.23000000000002,93.11500000000001
15567,1,186.01,186.01
12641,1,185.9,185.9
17574,1,185.65,185.65
14199,1,185.39999999999998,185.39999999999998
16097,1,185.04999999999998,185.04999999999998
13482,1,184.64000000000001,184.64000000000001
17680,1,184.4,184.4
16433,1,184.26,184.26
15124,2,184.19,92.095
14326,1,183.85,183.85
16914,1,183.76,183.76
16680,1,183.7,183.7
14059,1,183.6,183.6
13460,2,183.44,91.72
13059,1,183.4,183.4
14966,1,183.02,183.02
16448,1,182.99,182.99
14082,1,182.25,182.25
15886,1,181.09,181.09
16594,1,181.09,181.09
17904,1,181.07,181.07
15945,1,181.0,181.0
16835,2,180.85000000000002,90.42500000000001
18119,1,180.7,180.7
18280,1,180.60000000000002,180.60000000000002
13710,1,180.48,180.48
14722,1,180.42,180.42
12622,1,180.1,180.1
15041,1,179.93,179.93
18147,2,179.34,89.67
15895,1,179.17,179.17
15454,1,179.1,179.1
14705,1,179.0,179.0
16990,1,179.0,179.0
16620,2,178.96,89.48
15139,2,178.95999999999998,89.47999999999999
15262,1,178.95000000000002,178.95000000000002
17660,1,178.75,178.75
13778,1,178.7,178.7
17879,1,178.52,178.52
15292,1,178.39,178.39
18045,1,178.34,178.34
17253,1,178.26,178.26
17356,1,178.22,178.22
18282,2,178.05,89.025
16403,1,177.5,177.5
13618,1,177.34,177.34
12618,1,177.31,177.31
13072,1,177.15,177.15
17947,1,176.68,176.68
14287,3,176.63,58.876666666666665
12893,1,176.55,176.55
12509,1,176.5,176.5
18274,1,175.92,175.92
17582,1,175.27,175.27
16144,1,175.2,175.2
17331,1,175.2,175.2
18010,1,174.8,174.8
14355,1,174.4,174.4
14518,1,174.37,174.37
18278,1,173.9,173.9
16861,2,173.76,86.88
14798,3,173.74,57.913333333333334
16565,1,173.7,173.7
12441,1,173.55,173.55
17772,2,173.45000000000002,86.72500000000001
15565,2,173.16000000000003,86.58000000000001
15670,1,173.05,173.05
14693,1,172.9,172.9
12923,1,172.82,172.82
18048,2,172.29000000000002,86.14500000000001
13690,1,172.25,172.25
13922,1,172.25,172.25
12442,1,172.06,172.06
16773,1,171.59,171.59
17245,1,171.45000000000002,171.45000000000002
13560,1,171.42000000000002,171.42000000000002
15432,1,171.19,171.19
14536,1,170.95,170.95
17542,1,170.75,170.75
14860,1,170.32,170.32
15335,1,170.22,170.22
18058,1,170.16,170.16
15016,1,170.04,170.04
13962,2,169.55,84.775
14218,1,169.48000000000002,169.48000000000002
12367,1,168.9,168.9
14578,1,168.63,168.63
18269,1,168.60000000000002,168.60000000000002
15888,1,168.31,168.31
18099,1,168.31,168.31
16282,1,168.3,168.3
17737,2,168.24,84.12
15986,1,168.12,168.12
12551,1,168.0,168.0
15374,1,168.0,168.0
16952,2,167.60999999999999,83.80499999999999
17367,1,167.55,167.55
15920,4,167.5,41.875
16405,2,167.25,83.625
14295,1,166.20000000000002,166.20000000000002
17650,1,166.07999999999998,166.07999999999998
12817,1,166.04000000000002,166.04000000000002
18088,1,166.03,166.03
17561,1,165.12,165.12
18042,1,165.04999999999998,165.04999999999998
13470,2,165.0,82.5
15316,1,165.0,165.0
15904,1,164.68,164.68
17535,1,164.4,164.4
13603,1,164.34,164.34
14552,1,164.22,164.22
14354,2,163.62,81.81
17110,1,163.29999999999998,163.29999999999998
17301,1,163.24,163.24
13223,2,163.2,81.6
14485,1,162.8,162.8
12920,1,162.78,162.78
16517,1,162.70000000000002,162.70000000000002
15733,1,162.3,162.3
18014,1,162.22,162.22
15325,1,161.74,161.74
17600,1,161.67000000000002,161.67000000000002
15458,1,161.64,161.64
16113,1,161.38,161.38
14237,1,161.0,161.0
13229,1,160.95,160.95
15852,2,160.71,80.355
12573,1,160.54,160.54
18203,1,160.42,160.42
18146,2,160.35000000000002,80.17500000000001
14714,1,160.19,160.19
12966,1,160.18,160.18
13598,1,160.04,160.04
13420,2,159.85,79.925
16213,1,159.0,159.0
18224,1,158.95000000000002,158.95000000000002
13937,1,158.85,158.85
15167,1,158.8,158.8
14089,1,158.75,158.75
17165,1,158.68,158.68
15160,1,158.16,158.16
15348,1,158.04,158.04
18004,1,157.92,157.92
17556,1,157.9,157.9
14799,1,157.7,157.7
17344,1,157.62,157.62
14148,1,157.2,157.2
17128,1,157.09,157.09
14585,1,157.05,157.05
17118,1,157.02,157.02
15007,1,156.91,156.91
15988,1,156.78,156.78
14406,1,156.75,156.75
15438,1,156.58,156.58
15263,1,156.51,156.51
17885,1,156.34,156.34
13898,1,155.93,155.93
17871,1,155.9,155.9
17832,1,155.37,155.37
12738,1,155.35,155.35
15447,1,155.17000000000002,155.17000000000002
13809,1,155.05,155.05
14368,1,155.0,155.0
14046,1,154.99,154.99
17698,1,154.95,154.95
15740,1,154.88,154.88
17026,2,154.83,77.415
17899,1,154.54999999999998,154.54999999999998
15226,1,154.41,154.41
16406,1,154.35,154.35
16921,1,154.18,154.18
17517,1,153.94,153.94
16351,1,153.9,153.9
12602,1,153.12,153.12
17714,1,153.0,153.0
16720,1,152.95,152.95
16248,1,152.94,152.94
14813,2,152.88,76.44
17984,1,152.68,152.68
18138,1,152.65,152.65
14066,1,152.55,152.55
17707,2,152.4,76.2
13514,1,152.20000000000002,152.20000000000002
14039,1,152.2,152.2
17898,2,152.06,76.03
16617,1,151.85,151.85
14208,1,151.74,151.74
13462,1,151.5,151.5
14362,1,151.5,151.5
17286,1,151.37,151.37
13697,1,151.3,151.3
16337,1,151.05,151.05
14073,1,151.04,151.04
14204,1,150.61,150.61
18200,1,150.35,150.35
15717,1,150.3,150.3
16932,1,150.23000000000002,150.23000000000002
17234,1,149.89,149.89
15869,2,149.64,74.82
17946,2,149.57999999999998,74.78999999999999
18262,1,149.48,149.48
15435,1,149.29,149.29
13003,3,149.05,49.68333333333334
17549,2,148.85999999999999,74.42999999999999
15526,2,148.44,74.22
14968,1,147.59,147.59
14098,1,147.35,147.35
14037,2,147.2,73.6
12864,1,147.12,147.12
17030,1,146.87,146.87
14238,1,146.85,146.85
16893,1,145.93,145.93
12565,1,145.92000000000002,145.92000000000002
17935,2,145.79,72.895
13866,1,145.67,145.67
15937,1,145.35,145.35
16598,1,145.05,145.05
17524,1,145.0,145.0
16852,2,144.91,72.455
12974,1,144.8,144.8
15748,1,144.36,144.36
14109,1,144.2,144.2
12587,1,144.0,144.0
17186,2,144.0,72.0
17578,1,143.46,143.46
15705,1,143.1,143.1
16461,1,142.92,142.92
13299,1,142.5,142.5
16287,1,142.5,142.5
13584,1,142.4,142.4
14386,1,142.4,142.4
17859,1,141.92,141.92
13561,1,141.85999999999999,141.85999999999999
14041,1,141.41,141.41
15503,1,141.04,141.04
15388,1,140.54,140.54
13483,1,140.34,140.34
14494,1,139.56,139.56
16483,1,139.35,139.35
17718,1,139.35,139.35
14772,1,139.26,139.26
18209,1,139.10000000000002,139.10000000000002
15135,1,139.05,139.05
13273,1,138.98,138.98
12902,1,138.68,138.68
14581,1,138.6,138.6
17122,1,138.32,138.32
13716,1,138.28,138.28
15663,1,138.14,138.14
16050,1,137.9,137.9
13279,1,137.75,137.75
17709,1,137.45000000000002,137.45000000000002
15836,1,137.37,137.37
14483,1,137.1,137.1
17468,2,137.0,68.5
15691,1,136.8,136.8
14247,1,136.77,136.77
16462,3,136.0,45.333333333333336
16412,1,135.99,135.99
12968,1,135.95,135.95
15042,1,135.93,135.93
14889,1,135.9,135.9
15419,1,135.85999999999999,135.85999999999999
15174,1,135.75,135.75
16114,1,135.75,135.75
16665,1,135.4,135.4
17972,1,135.19,135.19
13364,1,134.96,134.96
16055,1,134.8,134.8
14340,1,134.70000000000002,134.70000000000002
15562,1,134.55,134.55
14174,1,134.46,134.46
12837,1,134.1,134.1
14280,1,134.04,134.04
16424,1,133.56,133.56
14349,1,133.5,133.5
12445,1,133.4,133.4
17881,1,133.35,133.35
15709,1,133.25,133.25
17647,1,133.06,133.06
12512,2,132.18,66.09
17785,1,131.94,131.94
14438,1,131.9,131.9
12851,1,131.81,131.81
17455,1,131.7,131.7
14795,1,131.45000000000002,131.45000000000002
15844,1,130.73999999999998,130.73999999999998
16679,1,129.75,129.75
16611,1,129.49,129.49
16623,1,129.45000000000002,129.45000000000002
15276,1,128.63,128.63
16828,2,128.5,64.25
17297,1,128.18,128.18
15543,1,127.86,127.86
17359,1,127.86,127.86
13781,1,127.84,127.84
15578,1,127.10000000000001,127.10000000000001
15923,1,127.08,127.08
14962,1,126.7,126.7
16414,2,126.25,63.125
15463,1,126.14,126.14
16988,1,126.12,126.12
12814,1,125.92,125.92
13522,1,125.80000000000001,125.80000000000001
14861,1,125.79,125.79
14890,1,125.65,125.65
15017,1,125.58,125.58
12531,1,125.22,125.22
17148,1,124.88000000000001,124.88000000000001
16849,1,124.57,124.57
16569,1,124.2,124.2
14495,2,123.80000000000001,61.900000000000006
16658,1,123.24,123.24
15917,1,123.1,123.1
13519,1,122.75,122.75
13876,1,122.7,122.7
13638,1,122.64,122.64
16073,1,122.4,122.4
18018,2,122.14,61.07
13244,1,121.74,121.74
13182,1,121.18,121.18
15049,1,121.17,121.17
14413,1,121.05,121.05
15512,2,121.0,60.5
13002,1,120.95,120.95
17446,2,120.89999999999999,60.449999999999996
14165,1,120.44,120.44
18015,1,120.03,120.03
14259,1,120.0,120.0
14314,1,120.0,120.0
14453,1,119.93,119.93
16542,1,119.62,119.62
15266,1,119.3,119.3
16666,1,118.98,118.98
15843,1,118.95,118.95
17079,1,118.80000000000001,118.80000000000001
14155,1,118.75,118.75
14076,1,118.67,118.67
13581,1,118.0,118.0
12929,1,117.85,117.85
17654,1,117.55,117.55
16959,1,117.35000000000001,117.35000000000001
13877,1,117.24,117.24
17117,1,116.2,116.2
17601,1,116.00999999999999,116.00999999999999
14143,1,115.8,115.8
15350,1,115.65,115.65
13067,1,115.46000000000001,115.46000000000001
18027,1,115.31,115.31
14972,1,114.77,114.77
13188,1,114.6,114.6
14632,1,114.56,114.56
16247,1,114.56,114.56
17852,2,114.34,57.17
17219,1,114.23,114.23
14652,1,114.17999999999999,114.17999999999999
12938,1,114.14,114.14
14582,1,114.11000000000001,114.11000000000001
12651,1,114.0,114.0
14457,1,113.64,113.64
15445,1,113.5,113.5
17217,1,113.5,113.5
18105,1,113.48,113.48
16913,1,113.44,113.44
15280,1,113.12,113.12
14689,1,112.8,112.8
13161,1,112.75,112.75
16697,1,112.75,112.75
13807,1,112.6,112.6
18129,1,112.55,112.55
15610,1,112.46000000000001,112.46000000000001
17038,1,112.4,112.4
14271,1,112.32000000000001,112.32000000000001
17967,1,112.27,112.27
17900,2,112.19999999999999,56.099999999999994
12756,1,112.08,112.08
13193,1,112.08,112.08
17957,1,111.68,111.68
17887,1,111.35,111.35
18120,1,111.15,111.15
13508,1,110.97,110.97
13144,1,110.95,110.95
15537,1,110.92,110.92
15853,1,110.8,110.8
16963,1,110.55000000000001,110.55000000000001
14641,1,110.46000000000001,110.46000000000001
12734,1,110.39999999999999,110.39999999999999
16792,2,110.38000000000001,55.190000000000005
17901,1,110.38,110.38
18277,1,110.38,110.38
17746,1,110.25,110.25
17836,1,110.21,110.21
13133,2,109.8,54.9
16363,1,109.36000000000001,109.36000000000001
14699,1,109.13000000000001,109.13000000000001
14345,1,108.98,108.98
13170,1,108.81,108.81
17639,1,108.5,108.5
16106,1,108.38,108.38
13226,1,108.21,108.21
12956,1,108.07,108.07
14661,1,107.95,107.95
17274,1,107.82,107.82
16784,1,107.6,107.6
15395,1,107.45,107.45
17893,1,107.21,107.21
16757,1,106.83000000000001,106.83000000000001
15168,1,106.56,106.56
15070,1,106.2,106.2
17791,1,106.1,106.1
16581,1,105.84,105.84
15775,1,104.9,104.9
14027,1,104.82,104.82
15607,1,104.76,104.76
15958,1,104.35000000000001,104.35000000000001
18174,1,104.0,104.0
18255,1,103.30000000000001,103.30000000000001
17548,1,103.3,103.3
14542,1,103.25,103.25
18011,1,102.78999999999999,102.78999999999999
14836,3,102.44999999999999,34.15
17962,1,102.41,102.41
14981,1,102.12,102.12
13948,1,102.0,102.0
15212,1,101.8,101.8
16516,1,101.7,101.7
18068,1,101.7,101.7
17643,1,101.55,101.55
16006,1,101.4,101.4
18086,1,101.34,101.34
13101,1,101.19,101.19
16344,1,101.10000000000001,101.10000000000001
16498,2,100.97,50.485
14946,1,100.9,100.9
17427,1,100.8,100.8
14371,1,100.5,100.5
13703,1,99.5,99.5
17939,1,99.14,99.14
15256,1,98.45,98.45
17538,1,98.42,98.42
17349,1,98.25,98.25
15422,2,97.7,48.85
12984,1,97.5,97.5
17325,1,96.8,96.8
15216,1,96.6,96.6
14642,1,96.12,96.12
17024,3,95.85,31.95
17895,1,95.45,95.45
18249,1,95.34,95.34
12548,1,95.19999999999999,95.19999999999999
16387,1,94.36,94.36
13651,2,94.2,47.1
16339,1,94.05,94.05
15397,1,94.0,94.0
18033,1,93.82000000000001,93.82000000000001
15428,1,93.78,93.78
18227,1,93.75,93.75
13283,2,93.66,46.83
17991,2,93.35000000000001,46.675000000000004
12821,1,92.72,92.72
14054,1,92.46000000000001,92.46000000000001
12789,1,91.85,91.85
13551,1,91.80000000000001,91.80000000000001
13160,1,91.8,91.8
12659,1,91.67999999999999,91.67999999999999
15488,1,91.32000000000001,91.32000000000001
13947,1,90.60000000000001,90.60000000000001
14353,1,90.6,90.6
18084,1,90.48,90.48
16506,2,90.30000000000001,45.150000000000006
15552,1,90.12,90.12
16597,1,90.04,90.04
14117,1,90.0,90.0
14219,1,89.94,89.94
14974,1,89.94,89.94
14760,1,89.2,89.2
12686,1,89.14,89.14
14436,1,89.06,89.06
12353,1,89.0,89.0
15083,1,88.2,88.2
15180,1,87.5,87.5
13296,1,87.4,87.4
15541,1,85.13000000000001,85.13000000000001
13841,1,85.0,85.0
15729,1,85.0,85.0
13666,3,84.65,28.21666666666667
12401,1,84.3,84.3
17309,1,82.75,82.75
13006,1,81.57,81.57
17620,1,81.44,81.44
18281,1,80.82,80.82
16789,1,80.80000000000001,80.80000000000001
13967,1,80.7,80.7
17752,1,80.64,80.64
13747,1,79.6,79.6
15753,1,79.2,79.2
16078,1,79.2,79.2
17942,1,77.50000000000001,77.50000000000001
14785,2,77.4,38.7
13132,1,77.3,77.3
13992,1,76.8,76.8
14373,1,76.55,76.55
13106,1,76.5,76.5
17536,1,76.5,76.5
14090,1,76.32000000000001,76.32000000000001
15668,1,76.32000000000001,76.32000000000001
16148,1,76.32000000000001,76.32000000000001
18113,1,76.32000000000001,76.32000000000001
17995,1,76.1,76.1
17628,1,75.75,75.75
16610,1,75.66,75.66
13403,1,75.0,75.0
16468,1,74.9,74.9
18050,1,74.4,74.4
13095,1,74.39999999999999,74.39999999999999
17960,1,73.78,73.78
12506,1,73.5,73.5
18032,1,73.5,73.5
16171,1,73.19999999999999,73.19999999999999
17906,1,72.9,72.9
13686,1,72.0,72.0
13938,1,71.66,71.66
13185,1,71.4,71.4
17747,1,71.4,71.4
17022,1,71.0,71.0
18037,6,70.02,11.67
15863,2,68.84,34.42
14393,1,67.95,67.95
17382,1,65.4,65.4
13684,1,65.13,65.13
13130,1,64.0,64.0
13302,1,63.75,63.75
17263,1,63.44,63.44
12665,1,63.0,63.0
14437,1,63.0,63.0
14840,1,62.85,62.85
13218,1,62.64,62.64
15516,3,62.43,20.81
13194,1,60.7,60.7
17174,1,59.9,59.9
13391,1,59.8,59.8
13682,1,59.5,59.5
14957,1,58.49,58.49
13080,1,58.08,58.08
17775,1,56.4,56.4
15899,1,56.25,56.25
13366,1,56.16,56.16
16349,1,53.5,53.5
15504,1,52.83,52.83
13832,1,52.2,52.2
14865,2,52.2,26.1
14682,2,52.0,26.0
15313,1,52.0,52.0
17844,1,51.56,51.56
14351,1,51.0,51.0
13011,1,50.550000000000004,50.550000000000004
18184,1,49.8,49.8
14821,1,48.800000000000004,48.800000000000004
15603,1,48.480000000000004,48.480000000000004
16257,1,46.95,46.95
14080,1,45.599999999999994,45.599999999999994
15423,1,43.5,43.5
14300,1,43.2,43.2
15992,1,41.989999999999995,41.989999999999995
15178,1,40.5,40.5
14589,1,39.75,39.75
12977,1,39.24,39.24
16659,1,39.12,39.12
18019,1,38.45,38.45
12855,1,38.1,38.1
16162,1,37.4,37.4
17816,4,36.56,9.14
15940,1,35.8,35.8
14576,1,35.400000000000006,35.400000000000006
16856,1,35.400000000000006,35.400000000000006
17831,1,35.400000000000006,35.400000000000006
15744,1,34.8,34.8
16765,1,34.0,34.0
17408,1,32.65,32.65
13120,1,30.6,30.6
15657,1,30.0,30.0
17102,1,25.5,25.5
18268,1,25.5,25.5
16953,1,20.8,20.8
17986,1,20.8,20.8
16093,1,17.0,17.0
13307,1,15.0,15.0
15823,1,15.0,15.0
17763,1,15.0,15.0
16878,1,13.3,13.3
17956,1,12.75,12.75
16454,2,6.9,3.45
14792,1,6.2,6.2
16738,1,3.75,3.75
