CustomerID,Recency,Frequency,Monetary,LastPurchaseDate,R_Score,F_Score,M_Score,RFM_Score,Segment
12346,326,1,77183.6,2011-01-18 10:01:00,1,1,5,115,At Risk
12347,2,7,4310.0,2011-12-07 15:52:00,5,5,5,555,Champions
12348,75,4,1797.24,2011-09-25 13:13:00,2,4,4,244,At Risk
12349,19,1,1757.55,2011-11-21 09:51:00,4,1,4,414,New Customers
12350,310,1,334.40000000000003,2011-02-02 16:01:00,1,1,2,112,Lost Customers
12352,36,8,2506.04,2011-11-03 14:37:00,3,5,5,355,Loyal Customers
12353,204,1,89.0,2011-05-19 17:47:00,1,1,1,111,Lost Customers
12354,232,1,1079.4,2011-04-21 13:11:00,1,1,4,114,At Risk
12355,214,1,459.40000000000003,2011-05-09 13:49:00,1,1,2,112,Lost Customers
12356,23,3,2811.43,2011-11-17 08:40:00,4,3,5,435,Potential Loyalists
12357,33,1,6207.67,2011-11-06 16:07:00,3,1,5,315,Other
12358,2,2,1168.06,2011-12-08 10:26:00,5,2,4,524,Potential Loyalists
12359,58,4,6310.03,2011-10-13 12:47:00,3,4,5,345,Loyal Customers
12360,52,3,2662.06,2011-10-18 15:22:00,3,3,5,335,Other
12361,287,1,189.9,2011-02-25 13:51:00,1,1,1,111,Lost Customers
12362,3,10,5226.2300000000005,2011-12-06 15:40:00,5,5,5,555,Champions
12363,110,2,552.0,2011-08-22 10:18:00,2,2,3,223,Lost Customers
12364,8,4,1313.1,2011-12-02 10:22:00,5,4,4,544,Champions
12365,291,2,641.38,2011-02-21 14:04:00,1,2,3,123,Lost Customers
12367,4,1,168.9,2011-12-05 16:48:00,5,1,1,511,New Customers
12370,51,4,3541.94,2011-10-19 14:51:00,3,4,5,345,Loyal Customers
12371,45,2,1887.96,2011-10-26 10:16:00,3,2,4,324,Other
12372,72,3,1298.04,2011-09-29 12:12:00,2,3,4,234,At Risk
12373,311,1,364.6,2011-02-01 13:10:00,1,1,2,112,Lost Customers
12374,25,1,742.9300000000001,2011-11-14 15:37:00,4,1,3,413,New Customers
12375,11,2,457.5,2011-11-29 10:36:00,5,2,2,522,Potential Loyalists
12377,315,2,1628.1200000000001,2011-01-28 15:45:00,1,2,4,124,At Risk
12378,130,1,4008.62,2011-08-02 10:34:00,2,1,5,215,At Risk
12379,82,2,852.24,2011-09-19 10:09:00,2,2,3,223,Lost Customers
12380,22,4,2724.81,2011-11-18 11:27:00,4,4,5,445,Champions
12381,5,5,1845.31,2011-12-05 12:44:00,5,4,4,544,Champions
12383,185,5,1850.56,2011-06-08 08:02:00,1,4,4,144,At Risk
12384,29,2,585.27,2011-11-11 08:39:00,4,2,3,423,Potential Loyalists
12386,338,2,401.9,2011-01-06 12:37:00,1,2,2,122,Lost Customers
12388,16,6,2780.6600000000003,2011-11-24 12:30:00,4,4,5,445,Champions
12390,80,1,549.84,2011-09-21 09:33:00,2,1,3,213,Lost Customers
12391,22,1,439.66,2011-11-18 12:07:00,4,1,2,412,New Customers
12393,72,4,1582.6000000000001,2011-09-28 15:41:00,2,4,4,244,At Risk
12394,64,2,1272.48,2011-10-07 08:08:00,3,2,4,324,Other
12395,19,12,3018.63,2011-11-20 15:21:00,4,5,5,455,Champions
12397,36,2,2409.9,2011-11-04 09:52:00,3,2,5,325,Other
12398,46,1,1635.6599999999999,2011-10-25 10:27:00,3,1,4,314,Other
12399,119,4,1108.65,2011-08-12 13:15:00,2,4,4,244,At Risk
12401,303,1,84.3,2011-02-09 13:50:00,1,1,1,111,Lost Customers
12402,323,1,225.60000000000002,2011-01-20 13:49:00,1,1,1,111,Lost Customers
12403,50,1,427.7,2011-10-21 10:51:00,3,1,2,312,Other
12405,149,1,1710.39,2011-07-14 08:52:00,2,1,4,214,At Risk
12406,22,2,3415.3,2011-11-17 19:22:00,4,2,5,425,Potential Loyalists
12407,50,5,1708.12,2011-10-21 10:11:00,3,4,4,344,Loyal Customers
12408,33,5,2888.55,2011-11-07 12:27:00,3,4,5,345,Loyal Customers
12409,79,3,11072.67,2011-09-22 10:38:00,2,3,5,235,At Risk
12410,309,2,693.33,2011-02-04 10:39:00,1,2,3,123,Lost Customers
12412,75,3,1226.88,2011-09-26 10:16:00,2,3,4,234,At Risk
12413,67,3,758.1,2011-10-04 09:00:00,3,3,3,333,Other
12414,217,3,562.4100000000001,2011-05-06 14:51:00,1,3,3,133,At Risk
12415,24,21,124914.53,2011-11-15 14:22:00,4,5,5,455,Champions
12417,3,9,3649.1,2011-12-06 14:52:00,5,5,5,555,Champions
12418,113,1,668.58,2011-08-19 11:08:00,2,1,3,213,Lost Customers
12420,64,1,600.39,2011-10-07 08:55:00,3,1,3,313,Other
12421,16,4,807.04,2011-11-24 09:07:00,4,4,3,443,Loyal Customers
12422,96,3,803.5600000000001,2011-09-05 09:48:00,2,3,3,233,At Risk
12423,1,8,1859.31,2011-12-09 10:10:00,5,5,4,554,Champions
12424,163,2,1760.96,2011-06-30 12:06:00,2,2,4,224,At Risk
12425,78,1,777.2,2011-09-22 17:31:00,2,1,3,213,Lost Customers
12426,195,1,582.73,2011-05-29 12:26:00,1,1,3,113,Lost Customers
12427,22,3,825.8000000000001,2011-11-18 08:56:00,4,3,3,433,Potential Loyalists
12428,26,9,7956.46,2011-11-14 08:22:00,4,5,5,455,Champions
12429,9,4,3750.4,2011-11-30 17:22:00,5,4,5,545,Champions
12430,43,1,256.4,2011-10-27 15:09:00,3,1,2,312,Other
12431,36,15,6419.95,2011-11-04 11:55:00,3,5,5,355,Loyal Customers
12432,43,5,5059.32,2011-10-28 11:43:00,3,4,5,345,Loyal Customers
12433,1,7,13375.87,2011-12-09 10:02:00,5,5,5,555,Champions
12434,85,2,806.14,2011-09-16 12:38:00,2,2,3,223,Lost Customers
12435,80,2,7829.89,2011-09-21 09:06:00,2,2,5,225,At Risk
12436,100,1,509.01,2011-09-01 12:09:00,2,1,3,213,Lost Customers
12437,2,18,4951.41,2011-12-08 11:35:00,5,5,5,555,Champions
12438,14,2,2906.85,2011-11-25 13:28:00,4,2,5,425,Potential Loyalists
12441,367,1,173.55,2010-12-08 10:45:00,1,1,1,111,Lost Customers
12442,3,1,172.06,2011-12-06 14:22:00,5,1,1,511,New Customers
12444,21,5,5005.46,2011-11-18 13:23:00,4,4,5,445,Champions
12445,22,1,133.4,2011-11-17 18:43:00,4,1,1,411,New Customers
12446,58,1,1002.3100000000001,2011-10-13 12:50:00,3,1,4,314,Other
12447,243,1,476.49,2011-04-10 13:25:00,1,1,2,112,Lost Customers
12448,44,1,449.45,2011-10-26 13:46:00,3,1,2,312,Other
12449,22,4,4067.29,2011-11-17 13:46:00,4,4,5,445,Champions
12450,156,2,197.88,2011-07-06 14:41:00,2,2,1,221,Lost Customers
12451,11,5,9035.52,2011-11-29 08:40:00,5,4,5,545,Champions
12452,17,2,430.57000000000005,2011-11-23 10:28:00,4,2,2,422,Potential Loyalists
12453,134,1,707.09,2011-07-28 14:08:00,2,1,3,213,Lost Customers
12454,56,1,3528.34,2011-10-14 17:13:00,3,1,5,315,Other
12455,73,6,2466.86,2011-09-27 15:31:00,2,4,5,245,At Risk
12456,44,3,3181.04,2011-10-26 14:41:00,3,3,5,335,Other
12457,66,7,2363.23,2011-10-04 13:13:00,3,5,5,355,Loyal Customers
12458,71,2,947.4,2011-09-29 15:25:00,3,2,4,324,Other
12461,94,2,826.88,2011-09-06 16:57:00,2,2,3,223,Lost Customers
12462,19,2,1189.59,2011-11-21 09:11:00,4,2,4,424,Potential Loyalists
12463,53,4,1344.78,2011-10-17 13:44:00,3,4,4,344,Loyal Customers
12464,10,8,1212.05,2011-11-29 13:33:00,5,5,4,554,Champions
12465,17,2,742.19,2011-11-22 16:34:00,4,2,3,423,Potential Loyalists
12468,188,2,729.54,2011-06-05 11:36:00,1,2,3,123,Lost Customers
12471,2,30,19788.65,2011-12-07 15:43:00,5,5,5,555,Champions
12472,32,7,6572.11,2011-11-07 14:01:00,4,5,5,455,Champions
12473,29,5,3928.05,2011-11-10 13:46:00,4,4,5,445,Champions
12474,17,18,7324.09,2011-11-22 14:39:00,4,5,5,455,Champions
12475,54,1,723.38,2011-10-17 10:10:00,3,1,3,313,Other
12476,16,11,6816.42,2011-11-24 12:40:00,4,5,5,455,Champions
12477,23,6,13219.74,2011-11-17 09:51:00,4,4,5,445,Champions
12478,4,1,680.99,2011-12-06 09:56:00,5,1,3,513,New Customers
12479,11,1,527.2,2011-11-28 13:26:00,5,1,3,513,New Customers
12480,28,4,3281.63,2011-11-11 14:52:00,4,4,5,445,Champions
12481,23,10,5579.82,2011-11-17 08:29:00,4,5,5,455,Champions
12483,17,8,2484.98,2011-11-22 17:02:00,4,5,5,455,Champions
12484,33,6,4527.32,2011-11-07 11:37:00,3,4,5,345,Loyal Customers
12488,10,3,1298.66,2011-11-30 08:50:00,5,3,4,534,Potential Loyalists
12489,336,1,334.93,2011-01-07 13:13:00,1,1,2,112,Lost Customers
12490,5,10,5417.93,2011-12-04 16:07:00,5,5,5,555,Champions
12491,39,1,460.40000000000003,2011-11-01 12:18:00,3,1,2,312,Other
12492,63,2,263.21000000000004,2011-10-07 15:15:00,3,2,2,322,Other
12493,166,2,433.74,2011-06-27 10:17:00,2,2,2,222,Lost Customers
12494,16,7,1246.1,2011-11-24 09:34:00,4,5,4,454,Champions
12497,82,1,1043.1,2011-09-19 12:29:00,2,1,4,214,At Risk
12498,21,3,403.70000000000005,2011-11-18 12:53:00,4,3,2,432,Potential Loyalists
12500,23,11,4257.82,2011-11-16 16:20:00,4,5,5,455,Champions
12501,337,1,2169.39,2011-01-07 12:28:00,1,1,5,115,At Risk
12502,96,5,3723.87,2011-09-05 11:52:00,2,4,5,245,At Risk
12504,18,2,482.04999999999995,2011-11-21 16:02:00,4,2,2,422,Potential Loyalists
12506,233,1,73.5,2011-04-21 08:54:00,1,1,1,111,Lost Customers
12507,134,3,1304.81,2011-07-28 17:09:00,2,3,4,234,At Risk
12508,26,2,397.88,2011-11-13 15:37:00,4,2,2,422,Potential Loyalists
12509,284,1,176.5,2011-02-28 14:45:00,1,1,1,111,Lost Customers
12510,143,2,982.5699999999999,2011-07-20 10:15:00,2,2,4,224,At Risk
12512,66,2,132.18,2011-10-04 14:55:00,3,2,1,321,Other
12513,113,1,612.29,2011-08-19 10:51:00,2,1,3,213,Lost Customers
12514,267,1,1017.6800000000001,2011-03-17 16:38:00,1,1,4,114,At Risk
12515,353,1,383.7,2010-12-21 15:43:00,1,1,2,112,Lost Customers
12516,78,2,1312.06,2011-09-23 09:13:00,2,2,4,224,At Risk
12517,28,5,2481.6,2011-11-11 14:04:00,4,4,5,445,Champions
12518,1,5,2056.89,2011-12-09 10:13:00,5,4,5,545,Champions
12519,64,1,330.84000000000003,2011-10-07 09:26:00,3,1,2,312,Other
12520,79,5,2634.26,2011-09-21 15:23:00,2,4,5,245,At Risk
12521,143,1,599.68,2011-07-20 10:51:00,2,1,3,213,Lost Customers
12522,39,2,192.72,2011-10-31 15:30:00,3,2,1,321,Other
12523,19,11,1789.77,2011-11-20 12:55:00,4,5,4,454,Champions
12524,9,8,4485.72,2011-11-30 15:31:00,5,5,5,555,Champions
12526,1,3,1316.66,2011-12-09 12:09:00,5,3,4,534,Potential Loyalists
12527,82,3,348.71000000000004,2011-09-19 11:55:00,2,3,2,232,At Risk
12528,9,6,1933.48,2011-11-30 14:40:00,5,4,4,544,Champions
12530,60,4,1662.28,2011-10-11 12:34:00,3,4,4,344,Loyal Customers
12531,15,1,125.22,2011-11-25 11:12:00,4,1,1,411,New Customers
12532,30,1,349.83000000000004,2011-11-09 13:47:00,4,1,2,412,New Customers
12534,131,1,1089.18,2011-08-01 10:26:00,2,1,4,214,At Risk
12535,92,2,716.35,2011-09-09 08:48:00,2,2,3,223,Lost Customers
12536,43,3,12601.830000000002,2011-10-27 14:20:00,3,3,5,335,Other
12538,29,1,363.95,2011-11-10 17:16:00,4,1,2,412,New Customers
12539,22,4,5568.35,2011-11-17 13:30:00,4,4,5,445,Champions
12540,20,17,13400.24,2011-11-20 11:31:00,4,5,5,455,Champions
12541,30,3,981.18,2011-11-10 10:40:00,4,3,4,434,Potential Loyalists
12544,36,1,372.7,2011-11-03 16:15:00,3,1,2,312,Other
12545,75,2,1000.39,2011-09-25 13:39:00,2,2,4,224,At Risk
12546,47,2,1161.5,2011-10-24 12:09:00,3,2,4,324,Other
12547,198,2,207.8,2011-05-26 12:38:00,1,2,1,121,Lost Customers
12548,166,1,95.19999999999999,2011-06-26 15:35:00,2,1,1,211,Lost Customers
12550,79,1,964.83,2011-09-21 14:35:00,2,1,4,214,At Risk
12551,358,1,168.0,2010-12-17 11:23:00,1,1,1,111,Lost Customers
12552,39,2,437.82,2011-11-01 10:02:00,3,2,2,322,Other
12553,8,10,3692.28,2011-12-01 16:38:00,5,5,5,555,Champions
12556,50,2,599.56,2011-10-20 13:06:00,3,2,3,323,Other
12557,16,5,11990.960000000001,2011-11-23 16:59:00,4,4,5,445,Champions
12558,8,1,269.96,2011-12-02 10:41:00,5,1,2,512,New Customers
12559,311,2,561.71,2011-02-02 09:49:00,1,2,3,123,Lost Customers
12560,5,3,2134.01,2011-12-04 13:54:00,5,3,5,535,Potential Loyalists
12561,303,1,238.85,2011-02-10 11:39:00,1,1,1,111,Lost Customers
12562,8,7,3781.7400000000002,2011-12-01 17:20:00,5,5,5,555,Champions
12564,261,1,456.90000000000003,2011-03-23 14:55:00,1,1,2,112,Lost Customers
12565,289,1,145.92000000000002,2011-02-24 10:34:00,1,1,1,111,Lost Customers
12566,86,1,351.65,2011-09-14 14:30:00,2,1,2,212,Lost Customers
12567,23,10,9401.28,2011-11-17 11:02:00,4,5,5,455,Champions
12569,2,32,4124.6900000000005,2011-12-07 16:24:00,5,5,5,555,Champions
12571,40,2,519.61,2011-10-31 10:19:00,3,2,3,323,Other
12572,9,2,1020.4200000000001,2011-12-01 09:20:00,5,2,4,524,Potential Loyalists
12573,227,1,160.54000000000002,2011-04-26 15:52:00,1,1,1,111,Lost Customers
12574,316,1,218.45000000000002,2011-01-28 09:20:00,1,1,1,111,Lost Customers
12576,36,5,1315.83,2011-11-04 10:11:00,3,4,4,344,Loyal Customers
12577,35,3,626.6,2011-11-04 13:24:00,3,3,3,333,Other
12578,21,2,2794.51,2011-11-18 13:30:00,4,2,5,425,Potential Loyalists
12579,78,1,440.42,2011-09-22 17:15:00,2,1,2,212,Lost Customers
12580,247,1,415.7,2011-04-07 10:24:00,1,1,2,112,Lost Customers
12581,40,1,197.71,2011-10-31 08:56:00,3,1,1,311,Other
12582,239,2,511.36,2011-04-15 08:45:00,1,2,3,123,Lost Customers
12583,3,15,7281.38,2011-12-07 08:07:00,5,5,5,555,Champions
12584,4,9,2338.15,2011-12-06 09:35:00,5,5,5,555,Champions
12585,234,2,2040.1,2011-04-19 13:39:00,1,2,4,124,At Risk
12586,17,1,196.94000000000003,2011-11-22 16:24:00,4,1,1,411,New Customers
12587,8,1,144.0,2011-12-02 12:47:00,5,1,1,511,New Customers
12588,39,1,214.89999999999998,2011-10-31 15:01:00,3,1,1,311,Other
12589,29,2,646.68,2011-11-11 10:19:00,4,2,3,423,Potential Loyalists
12590,211,2,9864.26,2011-05-12 14:52:00,1,2,5,125,At Risk
12591,317,1,452.84999999999997,2011-01-26 14:35:00,1,1,2,112,Lost Customers
12592,92,2,437.6,2011-09-08 15:04:00,2,2,2,222,Lost Customers
12593,109,3,418.1,2011-08-23 12:43:00,2,3,2,232,At Risk
12594,38,10,3338.2200000000003,2011-11-02 12:20:00,3,5,5,355,Loyal Customers
12596,51,2,618.27,2011-10-19 13:02:00,3,2,3,323,Other
12597,19,4,3811.22,2011-11-20 13:33:00,4,4,5,445,Champions
12598,10,8,3023.08,2011-11-30 12:18:00,5,5,5,555,Champions
12599,29,7,1032.58,2011-11-10 13:34:00,4,5,4,454,Champions
12600,29,10,2599.04,2011-11-11 10:29:00,4,5,5,455,Champions
12601,190,5,577.0600000000001,2011-06-03 10:17:00,1,4,3,143,At Risk
12602,59,1,153.12,2011-10-12 11:22:00,3,1,1,311,Other
12603,22,1,739.1999999999999,2011-11-18 10:42:00,4,1,3,413,New Customers
12604,79,2,254.18,2011-09-21 14:08:00,2,2,2,222,Lost Customers
12607,60,1,1579.51,2011-10-10 16:06:00,3,1,4,314,Other
12609,78,3,1126.85,2011-09-22 16:34:00,2,3,4,234,At Risk
12610,23,5,2099.54,2011-11-17 09:34:00,4,4,5,445,Champions
12611,52,1,1193.32,2011-10-18 13:12:00,3,1,4,314,Other
12612,74,1,704.04,2011-09-26 15:35:00,2,1,3,213,Lost Customers
12613,57,5,3344.38,2011-10-13 14:59:00,3,4,5,345,Loyal Customers
12614,278,1,315.6,2011-03-07 10:22:00,1,1,2,112,Lost Customers
12615,2,4,2291.19,2011-12-07 15:02:00,5,4,5,545,Champions
12616,95,2,713.3,2011-09-05 15:17:00,2,2,3,223,Lost Customers
12617,29,1,352.98,2011-11-10 14:39:00,4,1,2,412,New Customers
12618,22,1,177.31,2011-11-18 11:10:00,4,1,1,411,New Customers
12619,16,9,3641.24,2011-11-23 14:52:00,4,5,5,455,Champions
12620,15,3,1339.41,2011-11-25 10:20:00,4,3,4,434,Potential Loyalists
12621,2,20,13689.67,2011-12-08 11:25:00,5,5,5,555,Champions
12622,232,1,180.1,2011-04-21 16:39:00,1,1,1,111,Lost Customers
12623,276,1,305.1,2011-03-08 13:50:00,1,1,2,112,Lost Customers
12624,106,2,641.13,2011-08-25 15:04:00,2,2,3,223,Lost Customers
12625,212,2,2683.82,2011-05-12 09:54:00,1,2,5,125,At Risk
12626,23,9,6620.4800000000005,2011-11-16 16:06:00,4,5,5,455,Champions
12627,11,7,4478.53,2011-11-29 12:07:00,5,5,5,555,Champions
12628,4,3,786.46,2011-12-05 13:15:00,5,3,3,533,Potential Loyalists
12630,10,2,1270.88,2011-11-30 10:48:00,5,2,4,524,Potential Loyalists
12631,57,1,640.5,2011-10-13 13:53:00,3,1,3,313,Other
12633,59,4,2163.98,2011-10-12 11:40:00,3,4,5,345,Loyal Customers
12635,90,2,1689.18,2011-09-11 11:04:00,2,2,4,224,At Risk
12637,67,8,6002.9,2011-10-03 13:46:00,3,5,5,355,Loyal Customers
12638,33,1,671.69,2011-11-06 13:11:00,3,1,3,313,Other
12639,239,1,486.1,2011-04-15 12:48:00,1,1,2,112,Lost Customers
12640,24,3,1174.58,2011-11-16 11:52:00,4,3,4,434,Potential Loyalists
12641,115,1,185.9,2011-08-16 13:26:00,2,1,1,211,Lost Customers
12642,25,3,1013.26,2011-11-14 15:03:00,4,3,4,434,Potential Loyalists
12643,128,6,3344.64,2011-08-03 12:56:00,2,4,5,245,At Risk
12644,130,1,477.90999999999997,2011-08-02 10:33:00,2,1,2,212,Lost Customers
12645,34,4,1775.18,2011-11-06 12:38:00,3,4,4,344,Loyal Customers
12646,5,2,1346.97,2011-12-05 10:14:00,5,2,4,524,Potential Loyalists
12647,22,12,3722.82,2011-11-17 12:56:00,4,5,5,455,Champions
12648,155,1,318.05,2011-07-08 11:55:00,2,1,2,212,Lost Customers
12649,107,3,623.51,2011-08-24 14:41:00,2,3,3,233,At Risk
12650,3,1,314.44,2011-12-06 16:34:00,5,1,2,512,New Customers
12651,335,1,114.0,2011-01-09 12:46:00,1,1,1,111,Lost Customers
12652,331,1,919.98,2011-01-12 15:00:00,1,1,3,113,Lost Customers
12653,149,2,2209.85,2011-07-14 10:41:00,2,2,5,225,At Risk
12654,11,5,601.98,2011-11-29 10:10:00,5,4,3,543,Loyal Customers
12656,17,5,4051.17,2011-11-22 13:42:00,4,4,5,445,Champions
12657,11,4,1643.18,2011-11-28 15:47:00,5,4,4,544,Champions
12658,19,1,686.05,2011-11-21 10:22:00,4,1,3,413,New Customers
12659,30,1,91.68,2011-11-10 11:53:00,4,1,1,411,New Customers
12660,11,1,245.10000000000002,2011-11-28 13:26:00,5,1,1,511,New Customers
12662,1,11,3849.78,2011-12-09 11:59:00,5,5,5,555,Champions
12664,8,9,4881.88,2011-12-01 17:07:00,5,5,5,555,Champions
12665,325,1,63.0,2011-01-19 08:34:00,1,1,1,111,Lost Customers
12667,58,1,620.13,2011-10-12 17:00:00,3,1,3,313,Other
12668,12,4,3807.15,2011-11-28 10:56:00,5,4,5,545,Champions
12669,151,3,2744.0299999999997,2011-07-12 09:54:00,2,3,5,235,At Risk
12670,10,5,2996.05,2011-11-29 15:23:00,5,4,5,545,Champions
12672,330,1,225.9,2011-01-14 09:20:00,1,1,1,111,Lost Customers
12673,5,2,610.52,2011-12-04 13:55:00,5,2,3,523,Potential Loyalists
12674,39,4,1970.6,2011-11-01 12:12:00,3,4,4,344,Loyal Customers
12676,25,6,1331.39,2011-11-15 12:25:00,4,4,4,444,Champions
12678,42,12,17628.46,2011-10-28 13:04:00,3,5,5,355,Loyal Customers
12679,59,4,1113.02,2011-10-12 12:30:00,3,4,4,344,Loyal Customers
12680,1,4,862.81,2011-12-09 12:50:00,5,4,3,543,Loyal Customers
12681,15,22,13787.54,2011-11-25 11:33:00,4,5,5,455,Champions
12682,4,31,12279.82,2011-12-06 10:00:00,5,5,5,555,Champions
12683,4,15,8476.57,2011-12-05 16:31:00,5,5,5,555,Champions
12684,8,7,2283.63,2011-12-02 09:53:00,5,5,5,555,Champions
12685,28,6,2863.08,2011-11-11 13:46:00,4,4,5,445,Champions
12686,372,1,89.14,2010-12-03 09:51:00,1,1,1,111,Lost Customers
12688,114,1,4873.81,2011-08-18 08:49:00,2,1,5,215,At Risk
12689,26,2,1247.6100000000001,2011-11-14 08:31:00,4,2,4,424,Potential Loyalists
12690,206,1,389.01,2011-05-18 09:09:00,1,1,2,112,Lost Customers
12691,28,6,1035.8,2011-11-11 16:49:00,4,4,4,444,Champions
12693,127,4,855.91,2011-08-04 17:51:00,2,4,3,243,At Risk
12694,70,2,869.67,2011-09-30 13:06:00,3,2,3,323,Other
12695,7,4,582.1,2011-12-02 13:22:00,5,4,3,543,Loyal Customers
12697,29,3,957.59,2011-11-11 08:47:00,4,3,4,434,Potential Loyalists
12700,8,4,4939.99,2011-12-02 10:47:00,5,4,5,545,Champions
12701,80,2,797.71,2011-09-21 10:47:00,2,2,3,223,Lost Customers
12702,20,1,219.0,2011-11-20 10:36:00,4,1,1,411,New Customers
12703,71,1,283.55,2011-09-29 17:52:00,3,1,2,312,Other
12704,7,8,2340.84,2011-12-02 13:15:00,5,5,5,555,Champions
12705,15,9,6868.29,2011-11-24 13:17:00,4,5,5,455,Champions
12707,292,1,603.42,2011-02-21 08:38:00,1,1,3,113,Lost Customers
12708,30,10,2712.91,2011-11-10 09:52:00,4,5,5,455,Champions
12709,15,15,9706.52,2011-11-24 15:38:00,4,5,5,455,Champions
12710,97,3,1149.02,2011-09-04 12:00:00,2,3,4,234,At Risk
12712,29,13,4396.13,2011-11-11 08:19:00,4,5,5,455,Champions
12713,1,1,848.55,2011-12-09 12:16:00,5,1,3,513,New Customers
12714,9,5,4708.86,2011-11-30 15:43:00,5,4,5,545,Champions
12715,106,1,343.36,2011-08-25 15:22:00,2,1,2,212,Lost Customers
12716,4,2,1053.49,2011-12-06 08:55:00,5,2,4,524,Potential Loyalists
12717,151,2,1030.98,2011-07-11 14:47:00,2,2,4,224,At Risk
12718,71,1,238.25,2011-09-29 16:38:00,3,1,1,311,Other
12719,5,2,644.95,2011-12-04 13:45:00,5,2,3,523,Potential Loyalists
12720,3,25,5781.7300000000005,2011-12-07 08:03:00,5,5,5,555,Champions
12721,32,6,2656.13,2011-11-08 12:13:00,4,4,5,445,Champions
12722,85,4,997.63,2011-09-15 14:50:00,2,4,4,244,At Risk
12723,4,5,725.07,2011-12-06 10:19:00,5,4,3,543,Loyal Customers
12724,5,4,1031.41,2011-12-04 16:02:00,5,4,4,544,Champions
12725,371,1,427.8,2010-12-03 15:45:00,1,1,2,112,Lost Customers
12726,28,7,2609.1,2011-11-11 13:35:00,4,5,5,455,Champions
12727,11,7,3980.7000000000003,2011-11-29 11:46:00,5,5,5,555,Champions
12728,71,4,836.33,2011-09-29 15:31:00,3,4,3,343,Loyal Customers
12729,114,1,453.01,2011-08-18 11:40:00,2,1,2,212,Lost Customers
12731,24,12,18895.91,2011-11-16 11:59:00,4,5,5,455,Champions
12732,180,1,236.26000000000002,2011-06-13 11:33:00,1,1,1,111,Lost Customers
12733,234,1,383.95,2011-04-19 16:19:00,1,1,2,112,Lost Customers
12734,353,1,110.39999999999999,2010-12-22 12:47:00,1,1,1,111,Lost Customers
12735,315,2,779.5699999999999,2011-01-28 13:37:00,1,2,3,123,Lost Customers
12736,333,1,234.0,2011-01-11 07:57:00,1,1,1,111,Lost Customers
12738,372,1,155.35,2010-12-02 18:27:00,1,1,1,111,Lost Customers
12739,78,2,1013.04,2011-09-22 13:00:00,2,2,4,224,At Risk
12740,64,1,427.6,2011-10-07 10:44:00,3,1,2,312,Other
12743,134,2,540.13,2011-07-28 16:21:00,2,2,3,223,Lost Customers
12744,52,7,21279.29,2011-10-19 11:18:00,3,5,5,355,Loyal Customers
12747,2,11,4196.01,2011-12-07 14:34:00,5,5,5,555,Champions
12748,1,209,33053.19,2011-12-09 12:20:00,5,5,5,555,Champions
12749,4,5,4090.88,2011-12-06 09:56:00,5,4,5,545,Champions
12750,129,1,275.88,2011-08-03 09:13:00,2,1,2,212,Lost Customers
12752,81,1,4366.78,2011-09-19 13:32:00,2,1,5,215,At Risk
12753,23,6,21429.39,2011-11-17 10:52:00,4,4,5,445,Champions
12754,236,3,3010.74,2011-04-18 09:00:00,1,3,5,135,At Risk
12755,281,2,3811.9500000000003,2011-03-04 12:42:00,1,2,5,125,At Risk
12756,87,1,112.08,2011-09-14 09:31:00,2,1,1,211,Lost Customers
12757,16,13,7834.650000000001,2011-11-24 12:30:00,4,5,5,455,Champions
12758,117,2,2791.59,2011-08-15 10:22:00,2,2,5,225,At Risk
12759,52,3,1531.44,2011-10-18 14:49:00,3,3,4,334,Other
12762,8,2,1898.52,2011-12-02 10:23:00,5,2,4,524,Potential Loyalists
12763,138,2,494.08,2011-07-24 14:12:00,2,2,3,223,Lost Customers
12764,317,1,1693.88,2011-01-27 10:19:00,1,1,4,114,At Risk
12766,4,7,6989.63,2011-12-06 08:46:00,5,5,5,555,Champions
12769,239,1,1143.6,2011-04-15 10:25:00,1,1,4,114,At Risk
12770,211,1,1351.45,2011-05-13 09:33:00,1,1,4,114,At Risk
12772,60,1,892.47,2011-10-11 09:19:00,3,1,3,313,Other
12775,17,5,1386.04,2011-11-22 16:33:00,4,4,4,444,Champions
12778,20,6,822.23,2011-11-20 11:30:00,4,4,3,443,Loyal Customers
12779,38,8,3981.36,2011-11-02 11:43:00,3,5,5,355,Loyal Customers
12781,64,2,826.74,2011-10-07 10:37:00,3,2,3,323,Other
12782,5,5,2330.92,2011-12-05 09:16:00,5,4,5,545,Champions
12783,2,6,2225.91,2011-12-07 15:56:00,5,4,5,545,Champions
12784,9,2,532.82,2011-11-30 15:38:00,5,2,3,523,Potential Loyalists
12785,364,1,311.95,2010-12-10 13:48:00,1,1,2,112,Lost Customers
12787,10,3,463.66,2011-11-30 08:44:00,5,3,2,532,Potential Loyalists
12789,65,1,91.85,2011-10-05 13:34:00,3,1,1,311,Other
12790,192,1,324.92,2011-05-31 14:14:00,1,1,2,112,Lost Customers
12791,374,1,192.60000000000002,2010-12-01 11:27:00,1,1,1,111,Lost Customers
12792,257,1,400.54,2011-03-28 11:36:00,1,1,2,112,Lost Customers
12793,335,2,545.48,2011-01-09 12:12:00,1,2,3,123,Lost Customers
12794,53,2,860.41,2011-10-17 14:54:00,3,2,3,323,Other
12795,19,1,430.48,2011-11-21 10:27:00,4,1,2,412,New Customers
12797,366,1,254.03,2010-12-09 10:55:00,1,1,2,112,Lost Customers
12798,10,3,6977.04,2011-11-29 15:52:00,5,3,5,535,Potential Loyalists
12802,187,1,427.58,2011-06-06 09:36:00,1,1,2,112,Lost Customers
12808,37,3,483.65000000000003,2011-11-03 10:05:00,3,3,2,332,Other
12809,178,1,489.31,2011-06-15 10:51:00,2,1,3,213,Lost Customers
12811,261,3,514.85,2011-03-24 09:42:00,1,3,3,133,At Risk
12812,45,1,229.64000000000001,2011-10-26 09:54:00,3,1,1,311,Other
12814,102,1,125.92,2011-08-30 12:11:00,2,1,1,211,Lost Customers
12815,148,2,1063.46,2011-07-15 10:21:00,2,2,4,224,At Risk
12816,96,2,572.2,2011-09-05 12:41:00,2,2,3,223,Lost Customers
12817,281,1,166.04000000000002,2011-03-03 16:28:00,1,1,1,111,Lost Customers
12818,262,1,1542.08,2011-03-23 12:06:00,1,1,4,114,At Risk
12820,3,4,942.34,2011-12-06 15:12:00,5,4,4,544,Champions
12821,214,1,92.72,2011-05-09 15:51:00,1,1,1,111,Lost Customers
12822,71,2,948.88,2011-09-30 10:04:00,3,2,4,324,Other
12823,75,5,1759.5,2011-09-26 07:35:00,2,4,4,244,At Risk
12824,60,1,397.12,2011-10-11 12:49:00,3,1,2,312,Other
12826,3,7,1474.72,2011-12-07 10:25:00,5,5,4,554,Champions
12827,6,3,430.15,2011-12-04 12:17:00,5,3,2,532,Potential Loyalists
12828,3,6,1018.71,2011-12-07 08:45:00,5,4,4,544,Champions
12829,337,2,293.0,2011-01-07 11:13:00,1,2,2,122,Lost Customers
12830,38,6,6814.64,2011-11-02 11:54:00,3,4,5,345,Loyal Customers
12831,262,1,215.05,2011-03-22 13:02:00,1,1,1,111,Lost Customers
12832,32,2,383.03000000000003,2011-11-07 13:30:00,4,2,2,422,Potential Loyalists
12833,145,1,417.38,2011-07-17 13:46:00,2,1,2,212,Lost Customers
12834,283,1,312.38,2011-03-02 09:49:00,1,1,2,112,Lost Customers
12836,59,4,2610.36,2011-10-11 15:10:00,3,4,5,345,Loyal Customers
12837,173,1,134.1,2011-06-19 16:07:00,2,1,1,211,Lost Customers
12838,34,2,671.95,2011-11-06 12:20:00,3,2,3,323,Other
12839,3,14,5591.42,2011-12-07 12:33:00,5,5,5,555,Champions
12840,144,4,2726.77,2011-07-19 09:29:00,2,4,5,245,At Risk
12841,5,25,3991.58,2011-12-05 11:13:00,5,5,5,555,Champions
12842,70,2,1118.99,2011-09-30 15:33:00,3,2,4,324,Other
12843,66,8,1702.26,2011-10-05 12:09:00,3,5,4,354,Loyal Customers
12844,29,2,325.96000000000004,2011-11-10 13:31:00,4,2,2,422,Potential Loyalists
12845,267,4,354.09000000000003,2011-03-17 13:34:00,1,4,2,142,At Risk
12847,22,1,843.64,2011-11-17 13:16:00,4,1,3,413,New Customers
12849,31,2,1010.29,2011-11-08 13:41:00,4,2,4,424,Potential Loyalists
12851,97,1,131.81,2011-09-04 12:41:00,2,1,1,211,Lost Customers
12852,295,1,311.55,2011-02-18 08:47:00,1,1,2,112,Lost Customers
12853,135,6,1957.1000000000001,2011-07-28 11:29:00,2,4,4,244,At Risk
12854,79,3,1316.25,2011-09-22 12:15:00,2,3,4,234,At Risk
12855,373,1,38.1,2010-12-02 09:37:00,1,1,1,111,Lost Customers
12856,8,6,2170.78,2011-12-02 10:52:00,5,4,5,545,Champions
12857,211,2,1106.4,2011-05-13 10:20:00,1,2,4,124,At Risk
12863,52,1,521.2,2011-10-18 14:15:00,3,1,3,313,Other
12864,138,1,147.12,2011-07-24 13:03:00,2,1,1,211,Lost Customers
12865,26,2,1568.23,2011-11-13 14:31:00,4,2,4,424,Potential Loyalists
12866,283,1,559.12,2011-03-01 14:11:00,1,1,3,113,Lost Customers
12867,26,7,4009.34,2011-11-13 15:30:00,4,5,5,455,Champions
12868,186,6,1607.0600000000002,2011-06-07 10:42:00,1,4,4,144,At Risk
12871,84,2,380.64,2011-09-16 15:07:00,2,2,2,222,Lost Customers
12872,327,2,599.97,2011-01-17 10:52:00,1,2,3,123,Lost Customers
12873,282,1,374.0,2011-03-02 14:58:00,1,1,2,112,Lost Customers
12875,143,2,343.2300000000001,2011-07-19 15:30:00,2,2,2,222,Lost Customers
12876,58,2,2218.02,2011-10-13 12:26:00,3,2,5,325,Other
12877,4,12,1535.77,2011-12-06 10:30:00,5,5,4,554,Champions
12878,236,2,854.99,2011-04-17 13:07:00,1,2,3,123,Lost Customers
12879,45,3,573.22,2011-10-26 12:24:00,3,3,3,333,Other
12881,276,1,298.0,2011-03-09 11:44:00,1,1,2,112,Lost Customers
12882,9,2,1463.04,2011-11-30 16:18:00,5,2,4,524,Potential Loyalists
12883,25,4,703.47,2011-11-15 09:32:00,4,4,3,443,Loyal Customers
12884,88,1,309.05,2011-09-12 13:10:00,2,1,2,212,Lost Customers
12885,63,3,1175.22,2011-10-07 13:40:00,3,3,4,334,Other
12886,68,2,1378.4,2011-10-03 10:09:00,3,2,4,324,Other
12888,214,2,354.12,2011-05-09 16:02:00,1,2,2,122,Lost Customers
12890,24,1,376.71999999999997,2011-11-15 17:26:00,4,1,2,412,New Customers
12891,186,3,331.0,2011-06-07 12:31:00,1,3,2,132,At Risk
12893,31,1,176.55,2011-11-09 12:34:00,4,1,1,411,New Customers
12895,42,2,372.8,2011-10-28 13:51:00,3,2,2,322,Other
12897,205,2,216.5,2011-05-19 12:13:00,1,2,1,121,Lost Customers
12901,9,28,17654.54,2011-12-01 10:07:00,5,5,5,555,Champions
12902,265,1,138.68,2011-03-20 12:06:00,1,1,1,111,Lost Customers
12904,18,2,496.06,2011-11-21 14:34:00,4,2,3,423,Potential Loyalists
12906,12,5,2919.81,2011-11-28 09:55:00,5,4,5,545,Champions
12908,176,2,750.0,2011-06-16 15:39:00,2,2,3,223,Lost Customers
12909,40,5,2178.67,2011-10-31 12:43:00,3,4,5,345,Loyal Customers
12910,23,8,3075.04,2011-11-16 14:28:00,4,5,5,455,Champions
12912,3,5,1662.3,2011-12-07 08:55:00,5,4,4,544,Champions
12913,5,5,2483.63,2011-12-05 12:11:00,5,4,5,545,Champions
12915,149,2,363.65,2011-07-14 11:34:00,2,2,2,222,Lost Customers
12916,139,4,2944.95,2011-07-24 10:35:00,2,4,5,245,At Risk
12917,128,1,594.0,2011-08-03 16:42:00,2,1,3,213,Lost Customers
12919,8,6,1335.19,2011-12-01 13:47:00,5,4,4,544,Champions
12920,17,1,162.78,2011-11-22 15:05:00,4,1,1,411,New Customers
12921,9,37,16587.09,2011-11-30 16:22:00,5,5,5,555,Champions
12922,161,1,405.38,2011-07-01 15:35:00,2,1,2,212,Lost Customers
12923,64,1,172.82,2011-10-06 16:20:00,3,1,1,311,Other
12924,88,4,933.7,2011-09-12 13:55:00,2,4,4,244,At Risk
12925,5,2,694.05,2011-12-05 11:11:00,5,2,3,523,Potential Loyalists
12928,35,5,2062.7,2011-11-04 14:24:00,3,4,5,345,Loyal Customers
12929,312,1,117.85,2011-02-01 12:08:00,1,1,1,111,Lost Customers
12930,78,2,415.8,2011-09-22 15:18:00,2,2,2,222,Lost Customers
12931,22,15,42055.96,2011-11-18 12:39:00,4,5,5,455,Champions
12933,24,3,607.53,2011-11-15 16:38:00,4,3,3,433,Potential Loyalists
12935,2,7,2160.7,2011-12-07 17:25:00,5,5,5,555,Champions
12936,17,4,1063.9,2011-11-22 17:32:00,4,4,4,444,Champions
12937,15,4,1504.27,2011-11-24 15:05:00,4,4,4,444,Champions
12938,26,1,114.14,2011-11-14 11:21:00,4,1,1,411,New Customers
12939,64,8,11581.8,2011-10-06 14:33:00,3,5,5,355,Loyal Customers
12940,55,2,899.69,2011-10-16 12:09:00,3,2,3,323,Other
12942,131,3,675.6,2011-07-31 14:39:00,2,3,3,233,At Risk
12944,36,2,604.51,2011-11-04 11:04:00,3,2,3,323,Other
12945,288,1,462.95,2011-02-24 14:15:00,1,1,2,112,Lost Customers
12947,144,6,1603.99,2011-07-19 10:06:00,2,4,4,244,At Risk
12948,16,7,2064.95,2011-11-23 17:10:00,4,5,5,455,Champions
12949,31,8,4167.22,2011-11-09 11:25:00,4,5,5,455,Champions
12950,2,3,1843.0,2011-12-07 13:17:00,5,3,4,534,Potential Loyalists
12951,9,6,1064.07,2011-12-01 12:14:00,5,4,4,544,Champions
12952,6,4,1387.79,2011-12-04 10:35:00,5,4,4,544,Champions
12953,10,1,329.85,2011-11-30 09:24:00,5,1,2,512,New Customers
12955,1,11,4757.16,2011-12-08 16:29:00,5,5,5,555,Champions
12956,306,1,108.07,2011-02-06 16:08:00,1,1,1,111,Lost Customers
12957,10,8,4017.54,2011-11-30 09:53:00,5,5,5,555,Champions
12962,7,2,266.39,2011-12-02 15:55:00,5,2,2,522,Potential Loyalists
12963,8,8,1856.63,2011-12-01 12:55:00,5,5,4,554,Champions
12965,89,1,769.8100000000001,2011-09-11 15:31:00,2,1,3,213,Lost Customers
12966,10,1,160.18,2011-11-30 12:38:00,5,1,1,511,New Customers
12967,358,2,1660.9,2010-12-16 19:10:00,1,2,4,124,At Risk
12968,112,1,135.95,2011-08-19 15:44:00,2,1,1,211,Lost Customers
12970,7,4,405.47,2011-12-02 14:30:00,5,4,2,542,Loyal Customers
12971,4,86,11189.91,2011-12-06 12:20:00,5,5,5,555,Champions
12974,198,1,144.8,2011-05-26 09:33:00,1,1,1,111,Lost Customers
12976,212,1,738.6,2011-05-12 09:55:00,1,1,3,113,Lost Customers
12977,156,1,39.239999999999995,2011-07-06 16:40:00,2,1,1,211,Lost Customers
12980,158,9,7374.900000000001,2011-07-05 09:34:00,2,5,5,255,At Risk
12981,30,2,372.21999999999997,2011-11-10 12:00:00,4,2,2,422,Potential Loyalists
12982,243,1,390.54,2011-04-11 11:51:00,1,1,2,112,Lost Customers
12984,19,1,97.5,2011-11-21 12:37:00,4,1,1,411,New Customers
12985,1,2,1239.38,2011-12-09 10:46:00,5,2,4,524,Potential Loyalists
12987,74,2,558.7,2011-09-27 12:03:00,2,2,3,223,Lost Customers
12988,292,1,505.82,2011-02-20 14:31:00,1,1,3,113,Lost Customers
12989,3,15,6924.11,2011-12-06 15:28:00,5,5,5,555,Champions
12990,31,3,409.5,2011-11-08 13:01:00,4,3,2,432,Potential Loyalists
12991,23,2,503.76,2011-11-16 15:34:00,4,2,3,423,Potential Loyalists
12993,23,4,414.76,2011-11-16 15:49:00,4,4,2,442,Loyal Customers
12994,4,3,974.42,2011-12-05 15:43:00,5,3,4,534,Potential Loyalists
12995,85,1,211.32,2011-09-15 15:44:00,2,1,1,211,Lost Customers
12997,22,4,1226.89,2011-11-17 15:47:00,4,4,4,444,Champions
12999,196,3,455.88,2011-05-27 13:24:00,1,3,2,132,At Risk
13000,107,3,534.85,2011-08-25 10:43:00,2,3,3,233,At Risk
13001,4,13,9785.970000000001,2011-12-05 14:51:00,5,5,5,555,Champions
13002,318,1,120.95,2011-01-25 15:18:00,1,1,1,111,Lost Customers
13003,106,3,149.05,2011-08-26 10:50:00,2,3,1,231,At Risk
13004,12,18,5655.91,2011-11-28 11:27:00,5,5,5,555,Champions
13005,174,2,513.7,2011-06-19 10:53:00,2,2,3,223,Lost Customers
13006,56,1,81.57,2011-10-14 13:49:00,3,1,1,311,Other
13008,323,1,229.47,2011-01-20 14:24:00,1,1,1,111,Lost Customers
13011,372,1,50.550000000000004,2010-12-02 17:22:00,1,1,1,111,Lost Customers
13012,9,8,1646.8400000000001,2011-11-30 13:05:00,5,5,4,554,Champions
13013,1,13,4810.9400000000005,2011-12-08 15:01:00,5,5,5,555,Champions
13014,11,10,3466.28,2011-11-29 12:27:00,5,5,5,555,Champions
13015,53,5,3339.64,2011-10-17 13:19:00,3,4,5,345,Loyal Customers
13016,73,3,789.89,2011-09-27 14:08:00,2,3,3,233,At Risk
13017,7,1,204.0,2011-12-02 15:53:00,5,1,1,511,New Customers
13018,16,28,7277.7,2011-11-23 13:28:00,4,5,5,455,Champions
13021,4,9,2616.38,2011-12-05 16:37:00,5,5,5,555,Champions
13023,64,2,689.9,2011-10-06 16:27:00,3,2,3,323,Other
13026,1,5,975.36,2011-12-08 16:58:00,5,4,4,544,Champions
13027,114,6,6912.0,2011-08-18 09:39:00,2,4,5,245,At Risk
13028,23,2,661.3199999999999,2011-11-17 11:10:00,4,2,3,423,Potential Loyalists
13029,31,3,1247.5,2011-11-09 09:13:00,4,3,4,434,Potential Loyalists
13030,11,2,752.44,2011-11-28 14:30:00,5,2,3,523,Potential Loyalists
13032,52,2,1010.1800000000001,2011-10-18 15:54:00,3,2,4,324,Other
13033,357,1,190.55,2010-12-17 14:23:00,1,1,1,111,Lost Customers
13034,55,2,642.77,2011-10-16 12:21:00,3,2,3,323,Other
13035,74,2,921.88,2011-09-27 08:57:00,2,2,3,223,Lost Customers
13037,138,3,881.07,2011-07-24 15:46:00,2,3,3,233,At Risk
13038,80,3,908.46,2011-09-20 14:37:00,2,3,3,233,At Risk
13040,9,2,676.99,2011-12-01 10:38:00,5,2,3,523,Potential Loyalists
13043,273,1,516.42,2011-03-11 14:52:00,1,1,3,113,Lost Customers
13044,291,1,560.47,2011-02-21 15:20:00,1,1,3,113,Lost Customers
13045,99,1,305.28000000000003,2011-09-01 15:04:00,2,1,2,212,Lost Customers
13046,31,2,629.31,2011-11-09 08:36:00,4,2,3,423,Potential Loyalists
13047,32,10,3237.54,2011-11-08 12:06:00,4,5,5,455,Champions
13048,14,4,1819.41,2011-11-25 13:23:00,4,4,4,444,Champions
13049,64,2,656.6800000000001,2011-10-06 15:31:00,3,2,3,323,Other
13050,15,17,5836.86,2011-11-25 09:18:00,4,5,5,455,Champions
13052,212,1,348.15000000000003,2011-05-11 14:12:00,1,1,2,112,Lost Customers
13055,78,3,1214.41,2011-09-22 14:26:00,2,3,4,234,At Risk
13058,25,3,271.40000000000003,2011-11-15 12:43:00,4,3,2,432,Potential Loyalists
13059,250,1,183.4,2011-04-04 10:40:00,1,1,1,111,Lost Customers
13060,254,1,307.53000000000003,2011-03-31 11:37:00,1,1,2,112,Lost Customers
13061,72,1,248.61,2011-09-28 16:04:00,2,1,1,211,Lost Customers
13062,191,1,346.98,2011-06-01 15:12:00,1,1,2,112,Lost Customers
13064,13,4,1105.59,2011-11-27 12:31:00,5,4,4,544,Champions
13065,373,1,205.86,2010-12-01 16:52:00,1,1,1,111,Lost Customers
13066,24,2,470.8,2011-11-15 12:57:00,4,2,2,422,Potential Loyalists
13067,82,1,115.46000000000001,2011-09-18 13:38:00,2,1,1,211,Lost Customers
13068,10,2,344.0,2011-11-29 15:00:00,5,2,2,522,Potential Loyalists
13069,1,24,4431.44,2011-12-09 08:39:00,5,5,5,555,Champions
13070,192,1,228.8,2011-05-31 13:45:00,1,1,1,111,Lost Customers
13072,267,1,177.15,2011-03-18 08:12:00,1,1,1,111,Lost Customers
13075,130,1,919.61,2011-08-02 10:19:00,2,1,3,213,Lost Customers
13077,1,4,728.02,2011-12-08 19:24:00,5,4,3,543,Loyal Customers
13078,3,26,12627.94,2011-12-06 15:36:00,5,5,5,555,Champions
13079,4,5,220.10000000000002,2011-12-05 16:53:00,5,4,1,541,Loyal Customers
13080,179,1,58.08,2011-06-13 14:59:00,1,1,1,111,Lost Customers
13081,12,11,28337.38,2011-11-28 10:54:00,5,5,5,555,Champions
13082,126,9,3613.63,2011-08-05 16:16:00,2,5,5,255,At Risk
13083,4,2,303.75,2011-12-05 15:01:00,5,2,2,522,Potential Loyalists
13085,158,2,416.08,2011-07-05 12:11:00,2,2,2,222,Lost Customers
13089,3,97,58762.08,2011-12-07 09:02:00,5,5,5,555,Champions
13090,9,14,8910.82,2011-12-01 12:39:00,5,5,5,555,Champions
13091,28,1,345.82,2011-11-11 15:54:00,4,1,2,412,New Customers
13092,71,5,477.83,2011-09-30 11:18:00,3,4,2,342,Loyal Customers
13093,276,8,7832.47,2011-03-09 12:14:00,1,5,5,155,At Risk
13094,21,12,1927.3200000000002,2011-11-18 14:07:00,4,5,4,454,Champions
13095,71,1,74.39999999999999,2011-09-30 12:03:00,3,1,1,311,Other
13097,33,10,6003.22,2011-11-07 10:43:00,3,5,5,355,Loyal Customers
13098,1,28,28882.44,2011-12-08 14:14:00,5,5,5,555,Champions
13099,99,1,207.36,2011-09-01 17:40:00,2,1,1,211,Lost Customers
13101,234,1,101.19,2011-04-19 14:37:00,1,1,1,111,Lost Customers
13102,1,24,6424.09,2011-12-08 12:52:00,5,5,5,555,Champions
13103,40,1,243.94,2011-10-31 09:38:00,3,1,1,311,Other
13104,3,6,1098.48,2011-12-06 13:10:00,5,4,4,544,Champions
13106,133,1,76.5,2011-07-29 15:12:00,2,1,1,211,Lost Customers
13107,44,4,1531.6200000000001,2011-10-26 14:52:00,3,4,4,344,Loyal Customers
13108,373,1,350.06,2010-12-02 10:35:00,1,1,2,112,Lost Customers
13109,60,2,786.54,2011-10-11 10:16:00,3,2,3,323,Other
13110,31,7,1488.67,2011-11-08 14:30:00,4,5,4,454,Champions
13113,1,24,12245.960000000001,2011-12-09 12:49:00,5,5,5,555,Champions
13115,12,4,2294.78,2011-11-28 12:38:00,5,4,5,545,Champions
13116,138,1,501.14,2011-07-24 14:33:00,2,1,3,213,Lost Customers
13117,22,8,984.91,2011-11-18 12:02:00,4,5,4,454,Champions
13118,20,5,1197.81,2011-11-20 12:46:00,4,4,4,444,Champions
13120,239,1,30.6,2011-04-15 10:19:00,1,1,1,111,Lost Customers
13121,269,1,283.73,2011-03-15 16:47:00,1,1,2,112,Lost Customers
13122,94,2,922.39,2011-09-06 15:53:00,2,2,3,223,Lost Customers
13124,90,3,3756.33,2011-09-11 12:45:00,2,3,5,235,At Risk
13126,5,8,2099.64,2011-12-05 10:00:00,5,5,5,555,Champions
13127,78,1,259.17,2011-09-23 10:26:00,2,1,2,212,Lost Customers
13130,94,1,64.0,2011-09-06 15:30:00,2,1,1,211,Lost Customers
13131,23,3,1073.3,2011-11-16 13:21:00,4,3,4,434,Potential Loyalists
13132,262,1,77.3,2011-03-23 12:44:00,1,1,1,111,Lost Customers
13133,274,2,109.8,2011-03-11 10:31:00,1,2,1,121,Lost Customers
13134,86,4,1793.58,2011-09-15 10:35:00,2,4,4,244,At Risk
13135,197,1,3096.0,2011-05-27 10:52:00,1,1,5,115,At Risk
13136,56,5,2607.61,2011-10-14 13:41:00,3,4,5,345,Loyal Customers
13137,11,8,3603.29,2011-11-29 12:09:00,5,5,5,555,Champions
13138,22,6,962.39,2011-11-17 16:51:00,4,4,4,444,Champions
13139,16,7,5064.9400000000005,2011-11-23 13:54:00,4,5,5,455,Champions
13140,108,3,422.47,2011-08-23 15:33:00,2,3,2,232,At Risk
13141,85,5,2388.75,2011-09-16 09:54:00,2,4,5,245,At Risk
13142,19,1,307.09000000000003,2011-11-20 16:07:00,4,1,2,412,New Customers
13144,333,1,110.95,2011-01-11 11:15:00,1,1,1,111,Lost Customers
13145,40,4,618.52,2011-10-31 12:45:00,3,4,3,343,Loyal Customers
13146,26,1,228.91,2011-11-13 15:29:00,4,1,1,411,New Customers
13147,10,4,712.8,2011-11-29 13:59:00,5,4,3,543,Loyal Customers
13148,29,12,3683.26,2011-11-10 15:23:00,4,5,5,455,Champions
13149,14,4,1676.06,2011-11-25 13:09:00,4,4,4,444,Champions
13151,296,1,1257.8700000000001,2011-02-17 12:29:00,1,1,4,114,At Risk
13153,6,1,486.22,2011-12-04 12:14:00,5,1,2,512,New Customers
13155,33,4,971.76,2011-11-06 15:41:00,3,4,4,344,Loyal Customers
13157,49,4,1741.22,2011-10-21 13:50:00,3,4,4,344,Loyal Customers
13158,95,4,1201.06,2011-09-06 11:58:00,2,4,4,244,At Risk
13159,9,4,1429.35,2011-12-01 11:20:00,5,4,4,544,Champions
13160,22,1,91.8,2011-11-17 13:07:00,4,1,1,411,New Customers
13161,313,1,112.75,2011-01-30 14:03:00,1,1,1,111,Lost Customers
13162,122,4,1688.29,2011-08-09 15:59:00,2,4,4,244,At Risk
13165,46,2,1021.48,2011-10-24 15:05:00,3,2,4,324,Other
13166,283,1,417.2,2011-03-01 15:16:00,1,1,2,112,Lost Customers
13167,19,4,791.33,2011-11-21 12:24:00,4,4,3,443,Loyal Customers
13168,36,4,1299.59,2011-11-03 12:56:00,3,4,4,344,Loyal Customers
13169,64,2,712.88,2011-10-07 12:11:00,3,2,3,323,Other
13170,27,1,108.81,2011-11-13 12:19:00,4,1,1,411,New Customers
13171,22,3,468.41,2011-11-18 10:27:00,4,3,2,432,Potential Loyalists
13173,4,2,353.65000000000003,2011-12-05 15:51:00,5,2,2,522,Potential Loyalists
13174,16,3,2742.82,2011-11-23 14:35:00,4,3,5,435,Potential Loyalists
13176,46,1,481.49,2011-10-24 15:43:00,3,1,2,312,Other
13177,65,1,282.45,2011-10-06 09:56:00,3,1,2,312,Other
13178,26,11,5725.47,2011-11-13 16:14:00,4,5,5,455,Champions
13182,45,1,121.18,2011-10-25 13:46:00,3,1,1,311,Other
13183,8,9,3957.78,2011-12-02 10:30:00,5,5,5,555,Champions
13184,15,10,1668.95,2011-11-25 12:02:00,4,5,4,454,Champions
13185,268,1,71.4,2011-03-17 11:56:00,1,1,1,111,Lost Customers
13186,40,3,1575.89,2011-10-31 11:40:00,3,3,4,334,Other
13187,337,1,236.02,2011-01-06 18:57:00,1,1,1,111,Lost Customers
13188,11,1,114.6,2011-11-28 15:28:00,5,1,1,511,New Customers
13189,19,2,260.68,2011-11-21 10:39:00,4,2,2,422,Potential Loyalists
13192,95,2,911.94,2011-09-05 14:13:00,2,2,3,223,Lost Customers
13193,61,1,112.08,2011-10-09 14:30:00,3,1,1,311,Other
13194,136,1,60.7,2011-07-27 09:01:00,2,1,1,211,Lost Customers
13196,11,4,1797.78,2011-11-28 13:54:00,5,4,4,544,Champions
13198,10,6,3401.2400000000002,2011-11-29 15:17:00,5,4,5,545,Champions
13199,4,38,9817.12,2011-12-06 12:30:00,5,5,5,555,Champions
13200,19,4,870.09,2011-11-20 15:35:00,4,4,3,443,Loyal Customers
13203,10,4,869.46,2011-11-30 10:45:00,5,4,3,543,Loyal Customers
13207,15,2,250.26000000000002,2011-11-24 14:52:00,4,2,2,422,Potential Loyalists
13208,59,6,1217.65,2011-10-12 09:54:00,3,4,4,344,Loyal Customers
13209,30,8,5891.61,2011-11-09 13:54:00,4,5,5,455,Champions
13210,94,1,353.48,2011-09-07 08:18:00,2,1,2,212,Lost Customers
13211,10,3,1095.42,2011-11-29 14:43:00,5,3,4,534,Potential Loyalists
13212,20,3,786.83,2011-11-20 12:40:00,4,3,3,433,Potential Loyalists
13213,57,5,1520.58,2011-10-14 11:42:00,3,4,4,344,Loyal Customers
13216,268,1,333.74,2011-03-17 12:18:00,1,1,2,112,Lost Customers
13217,122,3,533.98,2011-08-09 15:32:00,2,3,3,233,At Risk
13218,127,1,62.64,2011-08-04 16:59:00,2,1,1,211,Lost Customers
13220,78,4,819.2900000000001,2011-09-22 13:38:00,2,4,3,243,At Risk
13221,240,2,847.41,2011-04-13 16:58:00,1,2,3,123,Lost Customers
13223,200,2,163.2,2011-05-23 13:03:00,1,2,1,121,Lost Customers
13224,60,2,2155.95,2011-10-10 14:55:00,3,2,5,325,Other
13225,3,7,6463.84,2011-12-06 13:29:00,5,5,5,555,Champions
13226,273,1,108.21000000000001,2011-03-11 14:35:00,1,1,1,111,Lost Customers
13227,202,1,257.7,2011-05-22 11:47:00,1,1,2,112,Lost Customers
13228,81,1,358.0,2011-09-19 14:28:00,2,1,2,212,Lost Customers
13229,226,1,160.95,2011-04-28 12:07:00,1,1,1,111,Lost Customers
13230,4,14,2755.63,2011-12-05 16:03:00,5,5,5,555,Champions
13232,13,7,1328.35,2011-11-27 10:39:00,5,5,4,554,Champions
13233,74,2,605.12,2011-09-26 13:25:00,2,2,3,223,Lost Customers
13235,212,1,1031.07,2011-05-11 17:13:00,1,1,4,114,At Risk
13236,25,2,744.85,2011-11-15 12:50:00,4,2,3,423,Potential Loyalists
13238,17,4,700.73,2011-11-22 15:37:00,4,4,3,443,Loyal Customers
13239,262,1,329.56,2011-03-23 10:25:00,1,1,2,112,Lost Customers
13240,96,4,663.65,2011-09-04 14:08:00,2,4,3,243,At Risk
13242,112,3,270.40000000000003,2011-08-19 12:53:00,2,3,2,232,At Risk
13243,203,1,585.12,2011-05-20 13:14:00,1,1,3,113,Lost Customers
13244,93,1,121.74000000000001,2011-09-08 11:46:00,2,1,1,211,Lost Customers
13245,51,1,430.5,2011-10-20 11:40:00,3,1,2,312,Other
13246,18,6,1961.52,2011-11-21 16:50:00,4,4,4,444,Champions
13247,18,4,501.12,2011-11-22 10:59:00,4,4,3,443,Loyal Customers
13248,125,2,465.68,2011-08-07 12:40:00,2,2,2,222,Lost Customers
13249,92,3,711.41,2011-09-08 13:26:00,2,3,3,233,At Risk
13253,157,2,1030.4,2011-07-06 10:09:00,2,2,4,224,At Risk
13255,9,2,399.51,2011-11-30 13:14:00,5,2,2,522,Potential Loyalists
13258,12,3,672.83,2011-11-28 09:31:00,5,3,3,533,Potential Loyalists
13259,62,1,283.18,2011-10-09 10:48:00,3,1,2,312,Other
13260,61,1,557.62,2011-10-09 13:21:00,3,1,3,313,Other
13261,269,2,944.1,2011-03-16 12:22:00,1,2,4,124,At Risk
13262,263,1,200.29,2011-03-21 15:06:00,1,1,1,111,Lost Customers
13263,1,35,7436.93,2011-12-08 13:59:00,5,5,5,555,Champions
13265,53,5,2092.66,2011-10-17 15:02:00,3,4,5,345,Loyal Customers
13266,11,12,3834.2599999999998,2011-11-28 14:39:00,5,5,5,555,Champions
13267,3,19,4521.49,2011-12-07 11:12:00,5,5,5,555,Champions
13268,18,11,3174.75,2011-11-22 11:51:00,4,5,5,455,Champions
13269,1,15,5343.28,2011-12-08 14:53:00,5,5,5,555,Champions
13270,366,1,590.0,2010-12-08 14:53:00,1,1,3,113,Lost Customers
13271,37,1,211.49,2011-11-02 14:31:00,3,1,1,311,Other
13272,31,2,276.56,2011-11-08 14:00:00,4,2,2,422,Potential Loyalists
13273,113,1,138.98,2011-08-18 14:02:00,2,1,1,211,Lost Customers
13276,64,2,590.9300000000001,2011-10-07 12:44:00,3,2,3,323,Other
13277,16,4,258.4,2011-11-24 09:21:00,4,4,2,442,Loyal Customers
13278,41,1,542.73,2011-10-30 11:49:00,3,1,3,313,Other
13279,78,1,137.75,2011-09-22 17:24:00,2,1,1,211,Lost Customers
13280,122,3,798.46,2011-08-09 13:14:00,2,3,3,233,At Risk
13282,18,3,1132.14,2011-11-21 15:33:00,4,3,4,434,Potential Loyalists
13283,60,2,93.66,2011-10-11 09:50:00,3,2,1,321,Other
13284,331,1,201.19,2011-01-13 09:23:00,1,1,1,111,Lost Customers
13285,23,4,2709.12,2011-11-16 13:19:00,4,4,5,445,Champions
13291,156,1,361.11,2011-07-07 10:36:00,2,1,2,212,Lost Customers
13292,39,2,578.94,2011-11-01 10:04:00,3,2,3,323,Other
13294,190,2,873.74,2011-06-03 08:54:00,1,2,3,123,Lost Customers
13295,360,1,201.20000000000002,2010-12-15 11:21:00,1,1,1,111,Lost Customers
13296,137,1,87.4,2011-07-25 13:46:00,2,1,1,211,Lost Customers
13297,8,4,2089.85,2011-12-02 09:32:00,5,4,5,545,Champions
13298,1,1,360.0,2011-12-08 13:11:00,5,1,2,512,New Customers
13299,268,1,142.5,2011-03-16 12:55:00,1,1,1,111,Lost Customers
13300,169,1,371.89,2011-06-23 13:09:00,2,1,2,212,Lost Customers
13301,104,4,618.09,2011-08-28 11:25:00,2,4,3,243,At Risk
13302,155,1,63.75,2011-07-07 17:56:00,2,1,1,211,Lost Customers
13304,351,1,300.42,2010-12-23 14:35:00,1,1,2,112,Lost Customers
13305,4,10,2000.86,2011-12-05 15:15:00,5,5,4,554,Champions
13307,120,1,15.0,2011-08-11 17:14:00,2,1,1,211,Lost Customers
13308,23,3,1385.51,2011-11-17 09:31:00,4,3,4,434,Potential Loyalists
13309,7,5,1456.79,2011-12-02 16:34:00,5,4,4,544,Champions
13310,28,3,1132.03,2011-11-11 17:23:00,4,3,4,434,Potential Loyalists
13311,4,2,598.57,2011-12-05 12:55:00,5,2,3,523,Potential Loyalists
13313,22,5,1555.3200000000002,2011-11-17 16:48:00,4,4,4,444,Champions
13314,2,3,775.94,2011-12-08 12:29:00,5,3,3,533,Potential Loyalists
13316,37,4,5732.93,2011-11-02 13:40:00,3,4,5,345,Loyal Customers
13317,66,6,2273.68,2011-10-04 13:35:00,3,4,5,345,Loyal Customers
13318,1,3,640.76,2011-12-08 18:51:00,5,3,3,533,Potential Loyalists
13319,5,26,10845.550000000001,2011-12-04 13:34:00,5,5,5,555,Champions
13320,78,4,1532.2,2011-09-22 18:07:00,2,4,4,244,At Risk
13321,72,2,567.36,2011-09-28 15:24:00,2,2,3,223,Lost Customers
13322,17,1,199.48000000000002,2011-11-22 14:21:00,4,1,1,411,New Customers
13323,3,5,787.85,2011-12-06 17:12:00,5,4,3,543,Loyal Customers
13324,36,10,7121.95,2011-11-03 16:28:00,3,5,5,355,Loyal Customers
13325,82,1,675.3,2011-09-19 10:36:00,2,1,3,213,Lost Customers
13327,39,8,3627.77,2011-11-01 10:21:00,3,5,5,355,Loyal Customers
13328,316,1,1308.48,2011-01-27 15:22:00,1,1,4,114,At Risk
13329,32,2,789.0,2011-11-08 10:29:00,4,2,3,423,Potential Loyalists
13330,93,3,1140.93,2011-09-08 12:27:00,2,3,4,234,At Risk
13332,14,1,350.90000000000003,2011-11-25 13:30:00,4,1,2,412,New Customers
13334,82,3,3502.32,2011-09-18 15:21:00,2,3,5,235,At Risk
13336,77,1,795.12,2011-09-23 14:05:00,2,1,3,213,Lost Customers
13338,158,1,487.02,2011-07-05 09:06:00,2,1,2,212,Lost Customers
13339,201,1,860.12,2011-05-23 08:31:00,1,1,3,113,Lost Customers
13340,45,7,10736.48,2011-10-25 13:15:00,3,5,5,355,Loyal Customers
13341,261,1,775.85,2011-03-24 09:50:00,1,1,3,113,Lost Customers
13343,178,1,353.43,2011-06-15 12:24:00,2,1,2,212,Lost Customers
13344,68,3,2511.69,2011-10-03 09:45:00,3,3,5,335,Other
13345,288,1,389.5,2011-02-25 09:01:00,1,1,2,112,Lost Customers
13347,70,1,341.36,2011-09-30 13:28:00,3,1,2,312,Other
13348,64,1,233.76000000000002,2011-10-06 17:28:00,3,1,1,311,Other
13349,11,1,247.32,2011-11-29 08:07:00,5,1,1,511,New Customers
13350,16,2,979.12,2011-11-23 16:33:00,4,2,4,424,Potential Loyalists
13351,66,1,373.94,2011-10-04 12:55:00,3,1,2,312,Other
13352,60,1,397.98,2011-10-10 13:55:00,3,1,2,312,Other
13354,71,1,743.53,2011-09-29 13:17:00,3,1,3,313,Other
13355,122,1,674.7,2011-08-09 14:48:00,2,1,3,213,Lost Customers
13356,80,1,768.24,2011-09-20 14:33:00,2,1,3,213,Lost Customers
13357,257,1,609.4,2011-03-27 13:56:00,1,1,3,113,Lost Customers
13358,269,1,439.03000000000003,2011-03-16 11:52:00,1,1,2,112,Lost Customers
13359,64,1,439.56,2011-10-07 09:30:00,3,1,2,312,Other
13362,9,4,3090.7400000000002,2011-11-30 14:41:00,5,4,5,545,Champions
13363,18,2,992.5,2011-11-22 12:40:00,4,2,4,424,Potential Loyalists
13364,71,1,134.96,2011-09-29 18:13:00,3,1,1,311,Other
13365,34,2,2225.37,2011-11-06 12:36:00,3,2,5,325,Other
13366,50,1,56.16,2011-10-20 13:37:00,3,1,1,311,Other
13368,257,2,623.4,2011-03-28 09:59:00,1,2,3,123,Lost Customers
13369,366,1,308.28000000000003,2010-12-09 11:30:00,1,1,2,112,Lost Customers
13370,372,1,754.87,2010-12-03 10:26:00,1,1,3,113,Lost Customers
13372,90,1,378.64,2011-09-11 12:46:00,2,1,2,212,Lost Customers
13373,61,3,3312.25,2011-10-10 10:51:00,3,3,5,335,Other
13375,89,1,778.65,2011-09-12 10:19:00,2,1,3,213,Lost Customers
13376,99,3,1019.76,2011-09-01 16:16:00,2,3,4,234,At Risk
13379,26,3,572.56,2011-11-13 13:45:00,4,3,3,433,Potential Loyalists
13381,32,6,3639.31,2011-11-08 11:58:00,4,4,5,445,Champions
13382,281,1,222.99,2011-03-04 10:03:00,1,1,1,111,Lost Customers
13384,31,7,4151.93,2011-11-09 11:04:00,4,5,5,455,Champions
13385,330,1,534.57,2011-01-14 09:52:00,1,1,3,113,Lost Customers
13388,131,2,677.1,2011-07-31 12:52:00,2,2,3,223,Lost Customers
13389,11,3,797.96,2011-11-28 14:01:00,5,3,3,533,Potential Loyalists
13390,75,1,544.08,2011-09-26 08:38:00,2,1,3,213,Lost Customers
13391,204,1,59.8,2011-05-20 10:50:00,1,1,1,111,Lost Customers
13394,2,8,2520.02,2011-12-08 11:36:00,5,5,5,555,Champions
13395,185,1,307.72,2011-06-07 15:04:00,1,1,2,112,Lost Customers
13396,29,2,1360.99,2011-11-10 16:59:00,4,2,4,424,Potential Loyalists
13397,73,5,1544.13,2011-09-28 10:56:00,2,4,4,244,At Risk
13398,192,1,457.34000000000003,2011-05-31 13:17:00,1,1,2,112,Lost Customers
13402,127,2,621.23,2011-08-04 15:51:00,2,2,3,223,Lost Customers
13403,18,1,75.0,2011-11-22 08:28:00,4,1,1,411,New Customers
13404,1,2,252.49,2011-12-08 15:37:00,5,2,2,522,Potential Loyalists
13405,74,3,572.451,2011-09-26 17:01:00,2,3,3,233,At Risk
13408,2,62,28117.04,2011-12-08 09:05:00,5,5,5,555,Champions
13410,24,5,1003.06,2011-11-15 15:33:00,4,4,4,444,Champions
13411,107,1,213.55,2011-08-24 13:57:00,2,1,1,211,Lost Customers
13414,134,3,1390.5,2011-07-29 11:45:00,2,3,4,234,At Risk
13416,44,2,712.5,2011-10-27 08:56:00,3,2,3,323,Other
13417,5,2,640.83,2011-12-05 08:49:00,5,2,3,523,Potential Loyalists
13418,12,18,6127.43,2011-11-28 10:23:00,5,5,5,555,Champions
13419,64,1,221.06,2011-10-07 12:49:00,3,1,1,311,Other
13420,150,2,159.85,2011-07-13 08:48:00,2,2,1,221,Lost Customers
13421,40,2,1833.71,2011-10-30 14:21:00,3,2,4,324,Other
13422,64,1,2626.3,2011-10-06 13:42:00,3,1,5,315,Other
13425,108,3,1624.21,2011-08-23 17:13:00,2,3,4,234,At Risk
13426,1,10,3641.32,2011-12-09 08:59:00,5,5,5,555,Champions
13427,19,3,582.6,2011-11-20 13:02:00,4,3,3,433,Potential Loyalists
13428,10,1,201.78,2011-11-29 14:20:00,5,1,1,511,New Customers
13429,11,4,1006.8,2011-11-29 09:10:00,5,4,4,544,Champions
13430,19,2,679.45,2011-11-21 08:19:00,4,2,3,423,Potential Loyalists
13431,67,2,1269.1,2011-10-03 13:49:00,3,2,4,324,Other
13434,74,2,534.24,2011-09-26 14:30:00,2,2,3,223,Lost Customers
13435,5,7,3809.89,2011-12-04 14:45:00,5,5,5,555,Champions
13436,2,1,196.89,2011-12-08 10:33:00,5,1,1,511,New Customers
13437,14,7,3408.06,2011-11-25 14:00:00,4,5,5,455,Champions
13439,255,1,283.71,2011-03-29 14:20:00,1,1,2,112,Lost Customers
13441,92,1,296.64,2011-09-09 09:38:00,2,1,2,212,Lost Customers
13447,23,3,1129.14,2011-11-16 13:38:00,4,3,4,434,Potential Loyalists
13448,17,6,3534.69,2011-11-23 12:33:00,4,4,5,445,Champions
13449,24,1,291.88,2011-11-16 08:28:00,4,1,2,412,New Customers
13450,27,6,2043.72,2011-11-13 11:54:00,4,4,4,444,Champions
13451,26,5,2898.2599999999998,2011-11-13 15:58:00,4,4,5,445,Champions
13452,259,2,590.0,2011-03-25 14:19:00,1,2,3,123,Lost Customers
13453,166,2,356.98,2011-06-27 09:34:00,2,2,2,222,Lost Customers
13455,25,2,1058.34,2011-11-15 11:21:00,4,2,4,424,Potential Loyalists
13456,18,6,1766.72,2011-11-22 09:18:00,4,4,4,444,Champions
13458,7,14,9646.57,2011-12-02 15:29:00,5,5,5,555,Champions
13460,29,2,183.44,2011-11-10 17:17:00,4,2,1,421,Potential Loyalists
13461,39,3,1445.0,2011-11-01 09:01:00,3,3,4,334,Other
13462,253,1,151.5,2011-04-01 11:20:00,1,1,1,111,Lost Customers
13464,58,1,674.68,2011-10-12 15:01:00,3,1,3,313,Other
13466,184,1,307.90000000000003,2011-06-08 16:39:00,1,1,2,112,Lost Customers
13467,11,2,1071.91,2011-11-29 10:01:00,5,2,4,524,Potential Loyalists
13468,2,37,5704.97,2011-12-08 10:39:00,5,5,5,555,Champions
13470,99,2,165.0,2011-09-01 14:57:00,2,2,1,221,Lost Customers
13471,1,4,2501.84,2011-12-08 15:44:00,5,4,5,545,Champions
13473,61,2,422.64,2011-10-10 11:20:00,3,2,2,322,Other
13474,236,1,226.84,2011-04-17 13:53:00,1,1,1,111,Lost Customers
13475,191,4,1431.78,2011-06-01 13:52:00,1,4,4,144,At Risk
13476,179,2,1238.47,2011-06-14 12:00:00,1,2,4,124,At Risk
13477,38,6,1454.58,2011-11-02 12:04:00,3,4,4,344,Loyal Customers
13479,201,2,300.95,2011-05-23 10:45:00,1,2,2,122,Lost Customers
13481,46,5,1804.56,2011-10-25 09:07:00,3,4,4,344,Loyal Customers
13482,232,1,184.64000000000001,2011-04-21 17:03:00,1,1,1,111,Lost Customers
13483,66,1,140.34,2011-10-05 11:53:00,3,1,1,311,Other
13484,241,1,313.8,2011-04-12 16:30:00,1,1,2,112,Lost Customers
13485,233,1,454.24,2011-04-20 13:58:00,1,1,2,112,Lost Customers
13486,78,3,1122.41,2011-09-22 13:13:00,2,3,4,234,At Risk
13487,58,3,575.4,2011-10-13 12:07:00,3,3,3,333,Other
13488,17,13,8968.31,2011-11-22 14:41:00,4,5,5,455,Champions
13489,105,4,449.52,2011-08-26 13:16:00,2,4,2,242,At Risk
13491,52,10,1215.82,2011-10-19 08:32:00,3,5,4,354,Loyal Customers
13492,136,3,1269.84,2011-07-26 14:25:00,2,3,4,234,At Risk
13493,275,2,618.63,2011-03-09 15:35:00,1,2,3,123,Lost Customers
13494,312,1,316.26000000000005,2011-02-01 11:58:00,1,1,2,112,Lost Customers
13495,8,5,2044.8700000000001,2011-12-02 11:21:00,5,4,4,544,Champions
13496,11,2,653.33,2011-11-29 10:58:00,5,2,3,523,Potential Loyalists
13497,283,2,348.05,2011-03-02 09:04:00,1,2,2,122,Lost Customers
13499,18,5,1159.1100000000001,2011-11-22 11:21:00,4,4,4,444,Champions
13500,23,3,1166.77,2011-11-16 15:35:00,4,3,4,434,Potential Loyalists
13501,288,1,1340.32,2011-02-24 18:59:00,1,1,4,114,At Risk
13502,17,3,292.0,2011-11-23 10:39:00,4,3,2,432,Potential Loyalists
13503,71,1,216.85,2011-09-29 13:23:00,3,1,1,311,Other
13504,64,1,295.93,2011-10-06 13:20:00,3,1,2,312,Other
13505,73,4,4393.63,2011-09-28 11:56:00,2,4,5,245,At Risk
13506,316,2,458.52,2011-01-27 13:53:00,1,2,2,122,Lost Customers
13507,3,4,2479.16,2011-12-06 13:13:00,5,4,5,545,Champions
13508,244,1,110.97,2011-04-10 11:58:00,1,1,1,111,Lost Customers
13509,9,7,979.72,2011-12-01 10:10:00,5,5,4,554,Champions
13510,1,4,1791.56,2011-12-08 13:46:00,5,4,4,544,Champions
13512,261,1,251.21,2011-03-24 10:03:00,1,1,2,112,Lost Customers
13513,127,1,205.1,2011-08-05 11:50:00,2,1,1,211,Lost Customers
13514,74,1,152.20000000000002,2011-09-27 09:39:00,2,1,1,211,Lost Customers
13515,73,4,891.12,2011-09-28 11:26:00,2,4,3,243,At Risk
13516,21,3,1389.41,2011-11-18 13:15:00,4,3,4,434,Potential Loyalists
13517,60,3,2128.42,2011-10-11 11:43:00,3,3,5,335,Other
13518,86,1,627.16,2011-09-15 10:29:00,2,1,3,213,Lost Customers
13519,78,1,122.75,2011-09-22 18:24:00,2,1,1,211,Lost Customers
13520,59,6,3624.35,2011-10-12 10:20:00,3,4,5,345,Loyal Customers
13521,1,3,1071.73,2011-12-08 13:50:00,5,3,4,534,Potential Loyalists
13522,30,1,125.80000000000001,2011-11-09 15:11:00,4,1,1,411,New Customers
13523,33,5,3964.88,2011-11-06 15:11:00,3,4,5,345,Loyal Customers
13524,41,5,680.1800000000001,2011-10-30 12:34:00,3,4,3,343,Loyal Customers
13525,15,2,628.78,2011-11-25 12:01:00,4,2,3,423,Potential Loyalists
13527,34,7,2242.36,2011-11-06 12:04:00,3,5,5,355,Loyal Customers
13529,79,2,307.76,2011-09-22 09:15:00,2,2,2,222,Lost Customers
13531,205,2,483.8,2011-05-18 16:56:00,1,2,2,122,Lost Customers
13532,34,1,210.31,2011-11-06 12:25:00,3,1,1,311,Other
13533,183,3,269.09,2011-06-10 11:54:00,1,3,2,132,At Risk
13534,2,25,5870.08,2011-12-07 14:52:00,5,5,5,555,Champions
13536,1,7,3444.39,2011-12-08 16:38:00,5,5,5,555,Champions
13538,43,7,1280.85,2011-10-27 16:34:00,3,5,4,354,Loyal Customers
13539,86,3,631.34,2011-09-15 10:18:00,2,3,3,233,At Risk
13544,40,2,276.06,2011-10-31 11:57:00,3,2,2,322,Other
13546,12,3,621.09,2011-11-27 14:50:00,5,3,3,533,Potential Loyalists
13548,96,2,678.16,2011-09-04 14:50:00,2,2,3,223,Lost Customers
13549,26,7,918.2,2011-11-14 09:20:00,4,5,3,453,Loyal Customers
13551,319,1,91.80000000000001,2011-01-24 14:46:00,1,1,1,111,Lost Customers
13552,66,12,3740.07,2011-10-04 15:19:00,3,5,5,355,Loyal Customers
13555,74,4,4098.88,2011-09-27 12:36:00,2,4,5,245,At Risk
13557,28,2,584.0600000000001,2011-11-11 15:24:00,4,2,3,423,Potential Loyalists
13558,6,4,594.52,2011-12-04 11:24:00,5,4,3,543,Loyal Customers
13560,7,1,171.42000000000002,2011-12-02 13:11:00,5,1,1,511,New Customers
13561,216,1,141.85999999999999,2011-05-08 12:39:00,1,1,1,111,Lost Customers
13562,82,3,1799.3300000000002,2011-09-19 10:51:00,2,3,4,234,At Risk
13563,84,2,777.53,2011-09-16 14:45:00,2,2,3,223,Lost Customers
13564,144,3,1724.67,2011-07-18 14:33:00,2,3,4,234,At Risk
13565,19,2,240.22,2011-11-20 14:33:00,4,2,1,421,Potential Loyalists
13566,41,2,856.84,2011-10-30 11:59:00,3,2,3,323,Other
13568,173,1,187.05,2011-06-19 14:42:00,2,1,1,211,Lost Customers
13569,17,2,338.62,2011-11-22 13:07:00,4,2,2,422,Potential Loyalists
13570,243,1,239.49,2011-04-10 13:36:00,1,1,1,111,Lost Customers
13571,13,12,2088.94,2011-11-27 10:47:00,5,5,5,555,Champions
13572,206,1,1384.25,2011-05-18 11:59:00,1,1,4,114,At Risk
13573,50,2,290.25,2011-10-20 14:33:00,3,2,2,322,Other
13575,23,5,732.07,2011-11-16 13:14:00,4,4,3,443,Loyal Customers
13576,10,18,6717.34,2011-11-29 15:34:00,5,5,5,555,Champions
13577,25,4,1687.6000000000001,2011-11-14 15:19:00,4,4,4,444,Champions
13579,15,2,467.04,2011-11-25 08:41:00,4,2,2,422,Potential Loyalists
13581,309,1,118.0,2011-02-03 14:41:00,1,1,1,111,Lost Customers
13583,156,1,781.03,2011-07-07 10:40:00,2,1,3,213,Lost Customers
13584,307,1,142.4,2011-02-06 12:49:00,1,1,1,111,Lost Customers
13587,64,1,712.4,2011-10-07 12:31:00,3,1,3,313,Other
13588,16,9,2478.95,2011-11-24 10:42:00,4,5,5,455,Champions
13589,15,2,379.65,2011-11-25 12:10:00,4,2,2,422,Potential Loyalists
13590,11,6,1981.92,2011-11-28 12:54:00,5,4,4,544,Champions
13591,65,3,1117.13,2011-10-06 12:26:00,3,3,4,334,Other
13592,36,4,247.95999999999998,2011-11-04 09:49:00,3,4,1,341,Loyal Customers
13593,108,5,2011.88,2011-08-23 13:35:00,2,4,4,244,At Risk
13594,53,1,396.97,2011-10-18 10:19:00,3,1,2,312,Other
13596,6,2,664.11,2011-12-04 12:01:00,5,2,3,523,Potential Loyalists
13598,47,1,160.04,2011-10-23 14:28:00,3,1,1,311,Other
13599,1,21,5149.92,2011-12-08 16:10:00,5,5,5,555,Champions
13600,312,1,219.52,2011-01-31 15:27:00,1,1,1,111,Lost Customers
13601,45,2,693.32,2011-10-25 17:31:00,3,2,3,323,Other
13602,65,1,428.89,2011-10-06 11:47:00,3,1,2,312,Other
13603,26,1,164.34,2011-11-13 15:57:00,4,1,1,411,New Customers
13606,29,3,276.75,2011-11-10 17:46:00,4,3,2,432,Potential Loyalists
13607,40,1,675.51,2011-10-30 16:17:00,3,1,3,313,Other
13610,12,7,1082.33,2011-11-27 15:38:00,5,5,4,554,Champions
13611,89,3,1154.4,2011-09-11 14:51:00,2,3,4,234,At Risk
13614,24,4,1585.46,2011-11-15 14:47:00,4,4,4,444,Champions
13615,319,1,417.69,2011-01-25 08:21:00,1,1,2,112,Lost Customers
13617,40,3,544.18,2011-10-30 13:50:00,3,3,3,333,Other
13618,174,1,177.34,2011-06-19 11:09:00,2,1,1,211,Lost Customers
13621,117,1,213.85,2011-08-15 08:26:00,2,1,1,211,Lost Customers
13623,31,5,727.74,2011-11-09 12:00:00,4,4,3,443,Loyal Customers
13626,253,1,257.23,2011-04-01 10:05:00,1,1,2,112,Lost Customers
13627,59,5,1638.47,2011-10-11 14:20:00,3,4,4,344,Loyal Customers
13629,23,11,7792.36,2011-11-16 13:21:00,4,5,5,455,Champions
13630,5,7,2031.78,2011-12-04 15:16:00,5,5,4,554,Champions
13631,100,11,3070.42,2011-09-01 09:57:00,2,5,5,255,At Risk
13632,25,5,2118.93,2011-11-15 10:51:00,4,4,5,445,Champions
13634,33,5,1547.3600000000001,2011-11-06 13:40:00,3,4,4,344,Loyal Customers
13635,68,1,1071.03,2011-10-03 10:55:00,3,1,4,314,Other
13636,37,5,949.12,2011-11-03 10:30:00,3,4,4,344,Loyal Customers
13637,52,3,804.3,2011-10-18 13:32:00,3,3,3,333,Other
13638,16,1,122.64,2011-11-24 10:38:00,4,1,1,411,New Customers
13639,74,1,1033.34,2011-09-26 13:36:00,2,1,4,214,At Risk
13642,216,1,312.28,2011-05-08 12:34:00,1,1,2,112,Lost Customers
13643,31,3,519.44,2011-11-08 15:37:00,4,3,3,433,Potential Loyalists
13644,16,4,2624.26,2011-11-23 14:07:00,4,4,5,445,Champions
13645,120,1,252.1,2011-08-11 16:11:00,2,1,2,212,Lost Customers
13647,10,4,1648.1200000000001,2011-11-30 12:00:00,5,4,4,544,Champions
13649,257,2,346.6,2011-03-28 11:51:00,1,2,2,122,Lost Customers
13650,17,6,1836.3400000000001,2011-11-23 12:22:00,4,4,4,444,Champions
13651,35,2,94.2,2011-11-04 14:59:00,3,2,1,321,Other
13652,46,3,1095.08,2011-10-25 08:51:00,3,3,4,334,Other
13654,43,6,2707.33,2011-10-27 16:24:00,3,4,5,345,Loyal Customers
13655,114,2,932.97,2011-08-17 14:25:00,2,2,3,223,Lost Customers
13656,165,2,379.65,2011-06-28 10:31:00,2,2,2,222,Lost Customers
13657,11,2,382.14,2011-11-29 12:32:00,5,2,2,522,Potential Loyalists
13658,10,5,2639.17,2011-11-30 10:13:00,5,4,5,545,Champions
13659,206,2,1563.0,2011-05-18 12:37:00,1,2,4,124,At Risk
13662,86,3,881.26,2011-09-15 12:04:00,2,3,3,233,At Risk
13663,179,1,189.47,2011-06-13 15:44:00,1,1,1,111,Lost Customers
13666,60,3,84.65,2011-10-10 15:39:00,3,3,1,331,Other
13667,149,1,299.05,2011-07-13 15:42:00,2,1,2,212,Lost Customers
13668,3,21,6309.83,2011-12-07 12:11:00,5,5,5,555,Champions
13669,51,2,218.55,2011-10-20 09:32:00,3,2,1,321,Other
13670,75,1,349.7,2011-09-25 15:25:00,2,1,2,212,Lost Customers
13672,301,2,186.39000000000001,2011-02-11 13:53:00,1,2,1,121,Lost Customers
13673,19,2,387.44,2011-11-21 12:11:00,4,2,2,422,Potential Loyalists
13675,151,2,486.82000000000005,2011-07-11 12:57:00,2,2,2,222,Lost Customers
13678,152,1,232.6,2011-07-11 10:14:00,2,1,1,211,Lost Customers
13680,1,4,3719.12,2011-12-08 13:47:00,5,4,5,545,Champions
13681,18,4,827.83,2011-11-22 11:13:00,4,4,3,443,Loyal Customers
13682,187,1,59.5,2011-06-05 14:06:00,1,1,1,111,Lost Customers
13684,286,1,65.13,2011-02-27 10:13:00,1,1,1,111,Lost Customers
13685,3,7,3119.44,2011-12-07 11:41:00,5,5,5,555,Champions
13686,183,1,72.0,2011-06-10 09:10:00,1,1,1,111,Lost Customers
13689,63,1,910.0,2011-10-07 13:21:00,3,1,3,313,Other
13690,59,1,172.25,2011-10-11 15:03:00,3,1,1,311,Other
13692,25,3,1488.32,2011-11-15 11:17:00,4,3,4,434,Potential Loyalists
13694,4,50,65039.62,2011-12-06 09:32:00,5,5,5,555,Champions
13695,31,15,2504.13,2011-11-08 14:26:00,4,5,5,455,Champions
13697,39,1,151.3,2011-11-01 09:14:00,3,1,1,311,Other
13699,155,1,308.58000000000004,2011-07-07 16:51:00,2,1,2,212,Lost Customers
13700,26,10,2248.63,2011-11-13 13:00:00,4,5,5,455,Champions
13703,318,1,99.5,2011-01-25 13:10:00,1,1,1,111,Lost Customers
13704,5,9,2308.06,2011-12-04 15:13:00,5,5,5,555,Champions
13705,8,3,711.86,2011-12-02 12:32:00,5,3,3,533,Potential Loyalists
13706,303,1,330.79,2011-02-10 09:21:00,1,1,2,112,Lost Customers
13707,267,2,806.41,2011-03-17 18:03:00,1,2,3,123,Lost Customers
13708,271,1,285.33,2011-03-13 13:46:00,1,1,2,112,Lost Customers
13709,4,13,6307.650000000001,2011-12-06 10:28:00,5,5,5,555,Champions
13710,32,1,180.48,2011-11-08 08:16:00,4,1,1,411,New Customers
13711,219,2,252.06,2011-05-05 10:31:00,1,2,2,122,Lost Customers
13712,247,1,228.84,2011-04-07 12:33:00,1,1,1,111,Lost Customers
13715,281,5,1077.39,2011-03-03 19:21:00,1,4,4,144,At Risk
13716,269,1,138.28,2011-03-15 13:49:00,1,1,1,111,Lost Customers
13717,32,6,1445.01,2011-11-07 14:13:00,4,4,4,444,Champions
13718,246,2,306.55,2011-04-07 13:24:00,1,2,2,122,Lost Customers
13719,15,5,1041.68,2011-11-24 15:26:00,4,4,4,444,Champions
13720,117,4,799.9,2011-08-15 12:46:00,2,4,3,243,At Risk
13721,36,1,524.14,2011-11-03 14:05:00,3,1,3,313,Other
13722,132,3,2375.41,2011-07-31 12:44:00,2,3,5,235,At Risk
13723,217,1,199.85000000000002,2011-05-06 17:04:00,1,1,1,111,Lost Customers
13725,50,8,1980.56,2011-10-21 10:03:00,3,5,4,354,Loyal Customers
13726,39,2,1079.66,2011-11-01 10:49:00,3,2,4,324,Other
13727,29,2,333.48,2011-11-11 09:46:00,4,2,2,422,Potential Loyalists
13728,37,6,1016.14,2011-11-03 10:49:00,3,4,4,344,Loyal Customers
13730,136,2,752.6,2011-07-27 08:35:00,2,2,3,223,Lost Customers
13731,219,2,610.59,2011-05-04 14:33:00,1,2,3,123,Lost Customers
13732,28,1,491.86,2011-11-11 15:49:00,4,1,3,413,New Customers
13735,25,4,2883.54,2011-11-15 11:14:00,4,4,5,445,Champions
13736,5,2,729.8,2011-12-04 15:19:00,5,2,3,523,Potential Loyalists
13737,200,1,339.6,2011-05-23 16:32:00,1,1,2,112,Lost Customers
13739,18,1,216.9,2011-11-21 13:35:00,4,1,1,411,New Customers
13740,241,1,350.75,2011-04-13 10:32:00,1,1,2,112,Lost Customers
13741,72,3,668.4300000000001,2011-09-29 09:19:00,2,3,3,233,At Risk
13742,17,12,3107.87,2011-11-23 11:07:00,4,5,5,455,Champions
13743,3,7,1341.6,2011-12-07 10:09:00,5,5,4,554,Champions
13744,95,2,1080.52,2011-09-05 15:19:00,2,2,4,224,At Risk
13745,162,1,300.04,2011-06-30 16:43:00,2,1,2,212,Lost Customers
13747,374,1,79.6,2010-12-01 10:37:00,1,1,1,111,Lost Customers
13748,96,5,948.25,2011-09-05 09:45:00,2,4,4,244,At Risk
13750,54,5,1647.26,2011-10-17 12:16:00,3,4,4,344,Loyal Customers
13751,288,1,296.25,2011-02-24 15:56:00,1,1,2,112,Lost Customers
13752,124,6,1175.38,2011-08-07 14:16:00,2,4,4,244,At Risk
13753,288,1,741.26,2011-02-25 12:48:00,1,1,3,113,Lost Customers
13754,152,2,282.6,2011-07-11 11:51:00,2,2,2,222,Lost Customers
13755,4,9,2108.06,2011-12-06 12:26:00,5,5,5,555,Champions
13756,2,14,5189.52,2011-12-07 16:44:00,5,5,5,555,Champions
13758,12,7,3190.55,2011-11-28 11:11:00,5,5,5,555,Champions
13759,33,2,659.4100000000001,2011-11-06 14:47:00,3,2,3,323,Other
13760,54,2,286.79,2011-10-16 16:13:00,3,2,2,322,Other
13761,50,2,1070.65,2011-10-20 14:01:00,3,2,4,324,Other
13762,219,1,306.72,2011-05-05 09:15:00,1,1,2,112,Lost Customers
13763,63,1,1714.96,2011-10-07 15:13:00,3,1,4,314,Other
13764,71,3,1519.42,2011-09-30 12:03:00,3,3,4,334,Other
13767,2,37,17220.36,2011-12-07 15:00:00,5,5,5,555,Champions
13769,2,10,2796.51,2011-12-07 15:08:00,5,5,5,555,Champions
13771,64,4,2634.45,2011-10-06 14:18:00,3,4,5,345,Loyal Customers
13772,34,3,1122.63,2011-11-06 11:43:00,3,3,4,334,Other
13774,82,1,345.0,2011-09-19 12:06:00,2,1,2,212,Lost Customers
13777,1,33,25977.16,2011-12-09 12:25:00,5,5,5,555,Champions
13778,103,1,178.7,2011-08-28 15:25:00,2,1,1,211,Lost Customers
13780,7,2,360.01,2011-12-02 13:49:00,5,2,2,522,Potential Loyalists
13781,251,1,127.84,2011-04-03 12:08:00,1,1,1,111,Lost Customers
13782,13,6,908.86,2011-11-27 11:54:00,5,4,3,543,Loyal Customers
13784,10,11,2462.79,2011-11-30 09:33:00,5,5,5,555,Champions
13786,367,1,230.4,2010-12-07 13:53:00,1,1,1,111,Lost Customers
13787,76,2,309.04,2011-09-25 12:06:00,2,2,2,222,Lost Customers
13790,4,1,348.79999999999995,2011-12-05 15:48:00,5,1,2,512,New Customers
13791,128,2,1516.0,2011-08-04 11:44:00,2,2,4,224,At Risk
13792,66,2,195.55,2011-10-04 14:31:00,3,2,1,321,Other
13798,1,57,37153.85,2011-12-08 15:51:00,5,5,5,555,Champions
13799,117,2,688.86,2011-08-15 12:07:00,2,2,3,223,Lost Customers
13800,310,1,558.32,2011-02-03 12:27:00,1,1,3,113,Lost Customers
13801,67,1,324.8,2011-10-04 10:15:00,3,1,2,312,Other
13802,139,3,4599.42,2011-07-24 10:54:00,2,3,5,235,At Risk
13803,255,1,277.07,2011-03-29 12:57:00,1,1,2,112,Lost Customers
13804,31,7,2588.39,2011-11-09 12:32:00,4,5,5,455,Champions
13805,52,2,924.5999999999999,2011-10-18 14:50:00,3,2,3,323,Other
13806,64,1,256.38,2011-10-07 11:43:00,3,1,2,312,Other
13807,367,1,112.6,2010-12-07 15:48:00,1,1,1,111,Lost Customers
13808,6,5,1747.66,2011-12-04 12:18:00,5,4,4,544,Champions
13809,305,1,155.05,2011-02-07 13:15:00,1,1,1,111,Lost Customers
13810,29,3,1499.01,2011-11-11 08:33:00,4,3,4,434,Potential Loyalists
13811,184,3,814.5,2011-06-09 09:54:00,1,3,3,133,At Risk
13812,42,3,539.0,2011-10-28 14:27:00,3,3,3,333,Other
13813,40,4,1366.8600000000001,2011-10-31 10:38:00,3,4,4,344,Loyal Customers
13814,92,2,1579.12,2011-09-08 13:48:00,2,2,4,224,At Risk
13815,22,4,4027.36,2011-11-17 14:19:00,4,4,5,445,Champions
13816,24,2,571.6700000000001,2011-11-16 08:38:00,4,2,3,423,Potential Loyalists
13817,29,2,382.98,2011-11-10 17:49:00,4,2,2,422,Potential Loyalists
13819,302,3,1140.35,2011-02-11 10:38:00,1,3,4,134,At Risk
13821,145,2,385.64,2011-07-18 09:49:00,2,2,2,222,Lost Customers
13822,6,2,632.0,2011-12-04 12:13:00,5,2,3,523,Potential Loyalists
13823,19,2,957.66,2011-11-21 10:22:00,4,2,4,424,Potential Loyalists
13824,33,5,1698.94,2011-11-07 12:41:00,3,4,4,344,Loyal Customers
13826,176,1,189.5,2011-06-16 13:48:00,2,1,1,211,Lost Customers
13827,58,3,409.8,2011-10-13 12:38:00,3,3,2,332,Other
13828,22,1,209.49,2011-11-17 16:02:00,4,1,1,411,New Customers
13831,16,6,2198.45,2011-11-23 15:41:00,4,4,5,445,Champions
13832,19,1,52.2,2011-11-20 15:36:00,4,1,1,411,New Customers
13833,159,1,383.85,2011-07-03 13:27:00,2,1,2,212,Lost Customers
13835,25,4,834.57,2011-11-14 15:37:00,4,4,3,443,Loyal Customers
13837,212,2,266.59000000000003,2011-05-12 12:10:00,1,2,2,122,Lost Customers
13838,6,4,674.82,2011-12-04 11:00:00,5,4,3,543,Loyal Customers
13841,253,1,85.0,2011-04-01 12:10:00,1,1,1,111,Lost Customers
13842,59,9,3385.62,2011-10-12 10:51:00,3,5,5,355,Loyal Customers
13844,11,1,361.62,2011-11-28 13:21:00,5,1,2,512,New Customers
13845,65,1,312.98,2011-10-06 08:25:00,3,1,2,312,Other
13846,25,3,865.0600000000001,2011-11-15 12:07:00,4,3,3,433,Potential Loyalists
13848,92,3,1255.0,2011-09-08 12:58:00,2,3,4,234,At Risk
13849,52,2,1537.95,2011-10-19 10:59:00,3,2,4,324,Other
13850,129,1,1595.48,2011-08-02 14:04:00,2,1,4,214,At Risk
13851,96,3,2651.46,2011-09-05 12:36:00,2,3,5,235,At Risk
13853,57,1,1090.1399999999999,2011-10-13 14:18:00,3,1,4,314,Other
13854,9,25,8109.5199999999995,2011-12-01 09:06:00,5,5,5,555,Champions
13856,169,3,388.5,2011-06-24 10:03:00,2,3,2,232,At Risk
13858,57,1,216.17000000000002,2011-10-13 16:17:00,3,1,1,311,Other
13859,326,1,201.16,2011-01-17 16:14:00,1,1,1,111,Lost Customers
13860,1,5,1245.9,2011-12-08 12:57:00,5,4,4,544,Champions
13862,18,8,2209.36,2011-11-21 16:24:00,4,5,5,455,Champions
13863,248,1,305.78,2011-04-06 10:20:00,1,1,2,112,Lost Customers
13865,58,4,501.56,2011-10-12 13:31:00,3,4,3,343,Loyal Customers
13866,74,1,145.67,2011-09-26 14:54:00,2,1,1,211,Lost Customers
13867,31,3,1005.09,2011-11-08 15:48:00,4,3,4,434,Potential Loyalists
13868,7,2,3192.54,2011-12-02 16:32:00,5,2,5,525,Potential Loyalists
13869,123,4,3083.65,2011-08-08 13:53:00,2,4,5,245,At Risk
13870,2,8,2770.94,2011-12-07 13:23:00,5,5,5,555,Champions
13871,23,13,6403.25,2011-11-17 10:49:00,4,5,5,455,Champions
13873,120,3,389.6,2011-08-12 10:08:00,2,3,2,232,At Risk
13874,358,1,540.45,2010-12-16 18:20:00,1,1,3,113,Lost Customers
13875,54,5,1786.79,2011-10-17 09:36:00,3,4,4,344,Loyal Customers
13876,64,1,122.7,2011-10-07 10:22:00,3,1,1,311,Other
13877,86,1,117.24,2011-09-14 15:49:00,2,1,1,211,Lost Customers
13878,55,1,1271.57,2011-10-16 12:19:00,3,1,4,314,Other
13880,21,13,3219.77,2011-11-18 13:44:00,4,5,5,455,Champions
13881,4,20,17159.52,2011-12-06 12:50:00,5,5,5,555,Champions
13882,3,5,1191.13,2011-12-07 11:16:00,5,4,4,544,Champions
13883,11,5,2674.48,2011-11-29 10:45:00,5,4,5,545,Champions
13884,7,5,787.6,2011-12-02 16:30:00,5,4,3,543,Loyal Customers
13885,189,2,506.8,2011-06-03 15:07:00,1,2,3,123,Lost Customers
13886,71,1,243.56,2011-09-29 13:17:00,3,1,1,311,Other
13887,204,1,349.55,2011-05-19 17:22:00,1,1,2,112,Lost Customers
13888,120,2,595.67,2011-08-12 10:13:00,2,2,3,223,Lost Customers
13889,93,1,416.90000000000003,2011-09-08 09:13:00,2,1,2,212,Lost Customers
13890,1,10,1883.81,2011-12-08 15:36:00,5,5,4,554,Champions
13892,27,4,632.97,2011-11-13 11:50:00,4,4,3,443,Loyal Customers
13893,298,1,821.1,2011-02-15 11:30:00,1,1,3,113,Lost Customers
13894,24,3,564.62,2011-11-16 09:44:00,4,3,3,433,Potential Loyalists
13895,28,4,2593.07,2011-11-11 16:57:00,4,4,5,445,Champions
13897,50,1,311.16,2011-10-20 14:30:00,3,1,2,312,Other
13898,326,1,155.93,2011-01-18 10:28:00,1,1,1,111,Lost Customers
13899,16,2,388.52,2011-11-23 13:40:00,4,2,2,422,Potential Loyalists
13900,183,3,740.95,2011-06-09 19:26:00,1,3,3,133,At Risk
13901,72,5,2867.2000000000003,2011-09-28 14:48:00,2,4,5,245,At Risk
13904,37,2,332.64,2011-11-02 13:41:00,3,2,2,322,Other
13908,80,4,2369.55,2011-09-21 11:49:00,2,4,5,245,At Risk
13911,57,9,2580.91,2011-10-13 15:43:00,3,5,5,355,Loyal Customers
13914,12,2,626.45,2011-11-28 10:35:00,5,2,3,523,Potential Loyalists
13917,50,2,272.04,2011-10-21 09:56:00,3,2,2,322,Other
13918,50,2,1212.8400000000001,2011-10-21 12:25:00,3,2,4,324,Other
13919,59,2,384.81,2011-10-11 14:24:00,3,2,2,322,Other
13922,352,1,172.25,2010-12-23 10:38:00,1,1,1,111,Lost Customers
13923,54,1,351.13,2011-10-17 12:33:00,3,1,2,312,Other
13924,2,6,1838.8500000000001,2011-12-08 09:39:00,5,4,4,544,Champions
13925,93,4,678.25,2011-09-08 12:47:00,2,4,3,243,At Risk
13926,23,1,223.85000000000002,2011-11-16 13:16:00,4,1,1,411,New Customers
13927,75,1,348.99,2011-09-26 12:00:00,2,1,2,212,Lost Customers
13928,11,4,464.57,2011-11-29 10:33:00,5,4,2,542,Loyal Customers
13929,169,2,842.65,2011-06-23 15:26:00,2,2,3,223,Lost Customers
13930,58,2,337.34,2011-10-13 09:45:00,3,2,2,322,Other
13931,96,2,1237.53,2011-09-05 10:12:00,2,2,4,224,At Risk
13932,295,1,307.4,2011-02-18 12:02:00,1,1,2,112,Lost Customers
13933,109,2,608.79,2011-08-22 14:03:00,2,2,3,223,Lost Customers
13934,264,1,922.1,2011-03-21 08:39:00,1,1,3,113,Lost Customers
13936,180,1,376.58,2011-06-13 08:47:00,1,1,2,112,Lost Customers
13937,169,1,158.85,2011-06-23 16:35:00,2,1,1,211,Lost Customers
13938,35,1,71.66,2011-11-04 14:37:00,3,1,1,311,Other
13939,23,3,568.55,2011-11-16 13:33:00,4,3,3,433,Potential Loyalists
13940,17,4,839.14,2011-11-22 15:15:00,4,4,3,443,Loyal Customers
13941,22,5,5112.96,2011-11-18 09:43:00,4,4,5,445,Champions
13946,79,3,561.57,2011-09-21 13:33:00,2,3,3,233,At Risk
13947,65,1,90.60000000000001,2011-10-05 14:42:00,3,1,1,311,Other
13948,361,1,102.0,2010-12-14 10:18:00,1,1,1,111,Lost Customers
13949,3,6,2427.32,2011-12-07 09:35:00,5,4,5,545,Champions
13950,11,4,745.0600000000001,2011-11-28 14:44:00,5,4,3,543,Loyal Customers
13951,176,3,674.45,2011-06-16 16:43:00,2,3,3,233,At Risk
13952,218,2,3251.071,2011-05-06 09:00:00,1,2,5,125,At Risk
13953,7,7,3515.68,2011-12-02 16:04:00,5,5,5,555,Champions
13954,2,2,439.92,2011-12-08 12:50:00,5,2,2,522,Potential Loyalists
13955,154,2,322.96,2011-07-08 17:19:00,2,2,2,222,Lost Customers
13956,5,5,1019.27,2011-12-04 13:20:00,5,4,4,544,Champions
13959,79,3,594.04,2011-09-21 15:06:00,2,3,3,233,At Risk
13960,21,2,230.22,2011-11-18 15:27:00,4,2,1,421,Potential Loyalists
13962,22,2,169.54999999999998,2011-11-18 08:47:00,4,2,1,421,Potential Loyalists
13963,308,4,664.54,2011-02-04 14:43:00,1,4,3,143,At Risk
13967,146,1,80.7,2011-07-17 12:02:00,2,1,1,211,Lost Customers
13969,7,18,9024.17,2011-12-02 15:11:00,5,5,5,555,Champions
13971,19,8,2758.26,2011-11-21 12:06:00,4,5,5,455,Champions
13972,71,2,190.25,2011-09-30 11:54:00,3,2,1,321,Other
13973,287,1,264.7,2011-02-25 15:21:00,1,1,2,112,Lost Customers
13974,49,1,413.59000000000003,2011-10-21 14:41:00,3,1,2,312,Other
13975,31,6,2461.2400000000002,2011-11-08 13:19:00,4,4,5,445,Champions
13976,207,1,357.98,2011-05-17 09:13:00,1,1,2,112,Lost Customers
13978,15,2,196.79,2011-11-25 11:36:00,4,2,1,421,Potential Loyalists
13979,73,1,869.87,2011-09-27 13:32:00,2,1,3,213,Lost Customers
13980,60,1,200.14,2011-10-10 13:34:00,3,1,1,311,Other
13982,39,4,1871.81,2011-10-31 16:24:00,3,4,4,344,Loyal Customers
13983,30,12,2603.43,2011-11-10 11:06:00,4,5,5,455,Champions
13984,27,5,920.51,2011-11-13 12:38:00,4,4,3,443,Loyal Customers
13985,4,15,7060.13,2011-12-05 17:06:00,5,5,5,555,Champions
13986,17,1,320.46,2011-11-22 15:00:00,4,1,2,412,New Customers
13988,20,6,4147.96,2011-11-20 10:15:00,4,4,5,445,Champions
13989,66,2,1266.08,2011-10-05 09:47:00,3,2,4,324,Other
13990,213,1,311.3,2011-05-10 15:19:00,1,1,2,112,Lost Customers
13991,12,6,852.88,2011-11-27 16:18:00,5,4,3,543,Loyal Customers
13992,30,1,76.8,2011-11-09 15:23:00,4,1,1,411,New Customers
13993,43,9,3466.36,2011-10-28 09:06:00,3,5,5,355,Loyal Customers
13994,4,6,2274.14,2011-12-06 11:05:00,5,4,5,545,Champions
13995,15,5,1393.69,2011-11-24 14:22:00,4,4,4,444,Champions
13999,10,12,3901.81,2011-11-29 13:40:00,5,5,5,555,Champions
14000,211,1,635.66,2011-05-12 16:50:00,1,1,3,113,Lost Customers
14001,46,3,2043.0800000000002,2011-10-25 10:31:00,3,3,4,334,Other
14002,134,2,529.73,2011-07-28 15:55:00,2,2,3,223,Lost Customers
14004,43,7,4582.64,2011-10-27 14:40:00,3,5,5,355,Loyal Customers
14005,10,5,2874.72,2011-11-30 12:41:00,5,4,5,545,Champions
14006,116,3,962.19,2011-08-16 09:39:00,2,3,4,234,At Risk
14009,198,2,695.61,2011-05-25 15:47:00,1,2,3,123,Lost Customers
14012,278,1,328.8,2011-03-07 12:26:00,1,1,2,112,Lost Customers
14013,110,3,473.02,2011-08-21 15:01:00,2,3,2,232,At Risk
14014,77,1,505.18,2011-09-23 13:18:00,2,1,3,213,Lost Customers
14015,53,1,917.34,2011-10-18 10:02:00,3,1,3,313,Other
14016,162,4,4341.21,2011-07-01 11:29:00,2,4,5,245,At Risk
14019,47,3,1421.6100000000001,2011-10-24 10:13:00,3,3,4,334,Other
14020,17,2,642.8,2011-11-23 09:22:00,4,2,3,423,Potential Loyalists
14021,155,3,631.9,2011-07-07 15:46:00,2,3,3,233,At Risk
14022,225,1,440.0,2011-04-28 14:39:00,1,1,2,112,Lost Customers
14023,7,2,584.07,2011-12-02 13:58:00,5,2,3,523,Potential Loyalists
14024,122,2,327.7,2011-08-10 11:30:00,2,2,2,222,Lost Customers
14027,61,1,104.82,2011-10-10 09:01:00,3,1,1,311,Other
14029,63,2,467.66,2011-10-07 14:46:00,3,2,2,322,Other
14030,18,8,2358.84,2011-11-21 16:48:00,4,5,5,455,Champions
14031,7,19,17286.86,2011-12-02 17:13:00,5,5,5,555,Champions
14032,2,11,2975.59,2011-12-07 15:23:00,5,5,5,555,Champions
14034,22,3,648.89,2011-11-17 14:02:00,4,3,3,433,Potential Loyalists
14035,29,5,1428.02,2011-11-11 10:03:00,4,4,4,444,Champions
14036,285,1,626.65,2011-02-28 09:26:00,1,1,3,113,Lost Customers
14037,176,2,147.20000000000002,2011-06-16 13:57:00,2,2,1,221,Lost Customers
14038,78,3,1560.38,2011-09-22 13:37:00,2,3,4,234,At Risk
14039,33,1,152.2,2011-11-06 13:48:00,3,1,1,311,Other
14040,41,12,3560.32,2011-10-30 12:42:00,3,5,5,355,Loyal Customers
14041,266,1,141.41,2011-03-18 13:25:00,1,1,1,111,Lost Customers
14044,27,4,646.42,2011-11-13 12:05:00,4,4,3,443,Loyal Customers
14045,109,4,1659.75,2011-08-22 15:27:00,2,4,4,244,At Risk
14046,284,1,154.99,2011-02-28 14:48:00,1,1,1,111,Lost Customers
14047,9,5,1308.6100000000001,2011-12-01 11:43:00,5,4,4,544,Champions
14048,305,1,409.93,2011-02-07 14:53:00,1,1,2,112,Lost Customers
14049,17,4,5578.72,2011-11-23 12:20:00,4,4,5,445,Champions
14050,32,2,746.36,2011-11-08 10:00:00,4,2,3,423,Potential Loyalists
14051,1,23,15610.390000000001,2011-12-09 10:20:00,5,5,5,555,Champions
14052,20,1,225.35999999999999,2011-11-20 12:30:00,4,1,1,411,New Customers
14053,124,2,260.25,2011-08-07 14:27:00,2,2,2,222,Lost Customers
14054,65,1,92.46000000000001,2011-10-05 15:49:00,3,1,1,311,Other
14055,106,1,725.6400000000001,2011-08-25 15:04:00,2,1,3,213,Lost Customers
14056,1,23,8152.71,2011-12-08 13:36:00,5,5,5,555,Champions
14057,24,17,6211.66,2011-11-16 10:32:00,4,5,5,455,Champions
14059,267,1,183.6,2011-03-18 10:06:00,1,1,1,111,Lost Customers
14060,5,19,6140.42,2011-12-05 12:29:00,5,5,5,555,Champions
14062,10,12,10464.85,2011-11-30 10:04:00,5,5,5,555,Champions
14064,29,5,1334.34,2011-11-10 13:14:00,4,4,4,444,Champions
14066,267,1,152.55,2011-03-18 12:21:00,1,1,1,111,Lost Customers
14067,64,2,374.7,2011-10-07 10:21:00,3,2,2,322,Other
14068,320,1,265.85,2011-01-23 16:02:00,1,1,2,112,Lost Customers
14071,4,8,1437.57,2011-12-06 12:27:00,5,5,4,554,Champions
14073,32,1,151.04,2011-11-07 15:49:00,4,1,1,411,New Customers
14075,5,3,942.26,2011-12-05 08:38:00,5,3,4,534,Potential Loyalists
14076,129,1,118.67,2011-08-02 15:19:00,2,1,1,211,Lost Customers
14077,41,5,499.42,2011-10-30 12:35:00,3,4,3,343,Loyal Customers
14078,102,6,1049.37,2011-08-30 12:16:00,2,4,4,244,At Risk
14079,125,1,375.1,2011-08-07 12:10:00,2,1,2,212,Lost Customers
14080,33,1,45.599999999999994,2011-11-07 11:09:00,3,1,1,311,Other
14081,302,2,921.62,2011-02-10 16:17:00,1,2,3,123,Lost Customers
14082,365,1,182.25,2010-12-10 11:02:00,1,1,1,111,Lost Customers
14083,4,9,1002.9,2011-12-05 13:14:00,5,5,4,554,Champions
14085,2,18,4421.29,2011-12-07 13:46:00,5,5,5,555,Champions
14087,3,1,191.47,2011-12-07 12:41:00,5,1,1,511,New Customers
14088,10,13,50491.81,2011-11-29 16:16:00,5,5,5,555,Champions
14089,57,1,158.75,2011-10-14 10:38:00,3,1,1,311,Other
14090,325,1,76.32000000000001,2011-01-19 10:51:00,1,1,1,111,Lost Customers
14092,8,14,4076.9100000000003,2011-12-02 12:13:00,5,5,5,555,Champions
14093,12,1,433.86,2011-11-27 16:27:00,5,1,2,512,New Customers
14096,4,17,65164.79,2011-12-05 17:17:00,5,5,5,555,Champions
14098,37,1,147.35,2011-11-03 10:13:00,3,1,1,311,Other
14099,16,11,3104.17,2011-11-23 13:53:00,4,5,5,455,Champions
14100,138,1,191.95,2011-07-25 11:01:00,2,1,1,211,Lost Customers
14101,74,6,5976.79,2011-09-27 12:28:00,2,4,5,245,At Risk
14102,5,5,1105.8799999999999,2011-12-04 15:38:00,5,4,4,544,Champions
14104,155,2,216.21,2011-07-08 12:50:00,2,2,1,221,Lost Customers
14105,239,1,1266.23,2011-04-14 17:58:00,1,1,4,114,At Risk
14107,52,7,2703.23,2011-10-19 12:12:00,3,5,5,355,Loyal Customers
14108,31,2,597.91,2011-11-09 10:41:00,4,2,3,423,Potential Loyalists
14109,73,1,144.2,2011-09-28 10:18:00,2,1,1,211,Lost Customers
14110,4,12,5683.15,2011-12-06 12:26:00,5,5,5,555,Champions
14111,14,4,692.85,2011-11-25 13:44:00,4,4,3,443,Loyal Customers
14112,23,7,2915.15,2011-11-17 12:30:00,4,5,5,455,Champions
14113,4,4,1840.42,2011-12-06 12:18:00,5,4,4,544,Champions
14114,274,2,386.53,2011-03-11 09:42:00,1,2,2,122,Lost Customers
14116,20,5,1382.74,2011-11-20 10:29:00,4,4,4,444,Champions
14117,144,1,90.0,2011-07-19 09:49:00,2,1,1,211,Lost Customers
14121,4,4,2780.15,2011-12-06 12:19:00,5,4,5,545,Champions
14124,84,1,419.58,2011-09-16 13:32:00,2,1,2,212,Lost Customers
14125,11,3,2720.63,2011-11-29 12:47:00,5,3,5,535,Potential Loyalists
14126,8,3,706.1300000000001,2011-12-02 11:45:00,5,3,3,533,Potential Loyalists
14127,123,3,709.71,2011-08-09 10:49:00,2,3,3,233,At Risk
14128,61,2,637.5,2011-10-10 12:00:00,3,2,3,323,Other
14129,2,5,1123.8600000000001,2011-12-08 11:02:00,5,4,4,544,Champions
14130,319,1,480.91,2011-01-24 16:05:00,1,1,2,112,Lost Customers
14132,2,11,3586.03,2011-12-07 13:35:00,5,5,5,555,Champions
14133,130,3,605.64,2011-08-02 11:34:00,2,3,3,233,At Risk
14135,2,15,4690.31,2011-12-08 11:38:00,5,5,5,555,Champions
14138,2,2,965.88,2011-12-08 12:44:00,5,2,4,524,Potential Loyalists
14139,46,1,415.82,2011-10-24 13:34:00,3,1,2,312,Other
14140,4,2,935.05,2011-12-06 09:05:00,5,2,4,524,Potential Loyalists
14141,3,4,915.13,2011-12-07 09:53:00,5,4,3,543,Loyal Customers
14142,373,1,311.81,2010-12-01 16:33:00,1,1,2,112,Lost Customers
14143,134,1,115.8,2011-07-29 09:48:00,2,1,1,211,Lost Customers
14145,47,4,3742.2,2011-10-24 12:10:00,3,4,5,345,Loyal Customers
14146,9,5,4191.0,2011-12-01 10:18:00,5,4,5,545,Champions
14147,78,2,483.4,2011-09-22 18:10:00,2,2,2,222,Lost Customers
14148,234,1,157.2,2011-04-20 12:02:00,1,1,1,111,Lost Customers
14149,221,1,446.62,2011-05-03 09:44:00,1,1,2,112,Lost Customers
14150,36,2,658.64,2011-11-04 10:05:00,3,2,3,323,Other
14152,75,2,621.29,2011-09-25 12:54:00,2,2,3,223,Lost Customers
14154,239,2,1345.62,2011-04-14 16:26:00,1,2,4,124,At Risk
14155,266,1,118.75,2011-03-18 14:13:00,1,1,1,111,Lost Customers
14156,10,55,117210.08,2011-11-30 10:54:00,5,5,5,555,Champions
14157,20,2,424.89000000000004,2011-11-20 11:32:00,4,2,2,422,Potential Loyalists
14158,40,1,507.65999999999997,2011-10-30 15:08:00,3,1,3,313,Other
14159,20,11,4630.35,2011-11-20 12:36:00,4,5,5,455,Champions
14161,216,3,1097.6200000000001,2011-05-08 11:41:00,1,3,4,134,At Risk
14162,174,2,289.36,2011-06-19 11:36:00,2,2,2,222,Lost Customers
14163,87,4,2445.91,2011-09-13 15:18:00,2,4,5,245,At Risk
14164,71,2,1631.77,2011-09-30 12:24:00,3,2,4,324,Other
14165,276,1,120.44,2011-03-09 12:39:00,1,1,1,111,Lost Customers
14167,39,4,562.59,2011-10-31 14:29:00,3,4,3,343,Loyal Customers
14171,98,1,363.79,2011-09-02 16:43:00,2,1,2,212,Lost Customers
14173,11,4,450.84,2011-11-29 11:54:00,5,4,2,542,Loyal Customers
14174,33,1,134.46,2011-11-06 13:17:00,3,1,1,311,Other
14175,60,3,3222.3,2011-10-11 11:55:00,3,3,5,335,Other
14176,297,4,576.9000000000001,2011-02-15 13:12:00,1,4,3,143,At Risk
14177,86,4,549.46,2011-09-14 15:11:00,2,4,3,243,At Risk
14178,9,7,1600.26,2011-12-01 12:01:00,5,5,4,554,Champions
14179,41,2,701.57,2011-10-30 12:07:00,3,2,3,323,Other
14180,11,25,4748.52,2011-11-29 10:56:00,5,5,5,555,Champions
14184,67,1,452.89,2011-10-04 12:43:00,3,1,2,312,Other
14185,331,1,197.65,2011-01-12 13:52:00,1,1,1,111,Lost Customers
14188,31,6,2054.36,2011-11-09 12:45:00,4,4,4,444,Champions
14189,2,15,4654.08,2011-12-07 15:55:00,5,5,5,555,Champions
14191,2,13,4684.76,2011-12-08 09:23:00,5,5,5,555,Champions
14193,68,2,853.39,2011-10-03 09:34:00,3,2,3,323,Other
14194,5,21,11349.52,2011-12-05 10:38:00,5,5,5,555,Champions
14195,202,2,1012.0,2011-05-22 10:29:00,1,2,4,124,At Risk
14196,107,1,335.52,2011-08-25 10:25:00,2,1,2,212,Lost Customers
14198,18,4,701.4,2011-11-21 16:35:00,4,4,3,443,Loyal Customers
14199,218,1,185.39999999999998,2011-05-05 13:44:00,1,1,1,111,Lost Customers
14201,60,7,747.44,2011-10-10 13:27:00,3,5,3,353,Loyal Customers
14204,2,1,150.61,2011-12-07 13:38:00,5,1,1,511,New Customers
14205,17,2,466.7,2011-11-23 10:55:00,4,2,2,422,Potential Loyalists
14206,239,1,328.15999999999997,2011-04-14 16:38:00,1,1,2,112,Lost Customers
14208,95,1,151.74,2011-09-06 12:48:00,2,1,1,211,Lost Customers
14209,11,6,2073.43,2011-11-29 10:18:00,5,4,5,545,Champions
14210,106,6,1905.8400000000001,2011-08-26 12:36:00,2,4,4,244,At Risk
14211,53,9,2241.1,2011-10-17 13:23:00,3,5,5,355,Loyal Customers
14212,90,1,1070.48,2011-09-11 12:45:00,2,1,4,214,At Risk
14214,31,5,1004.38,2011-11-09 10:31:00,4,4,4,444,Champions
14215,12,6,1789.72,2011-11-28 12:19:00,5,4,4,544,Champions
14216,3,4,1839.3,2011-12-06 14:56:00,5,4,4,544,Champions
14217,2,17,2004.98,2011-12-08 11:53:00,5,5,4,554,Champions
14218,43,1,169.48000000000002,2011-10-28 10:00:00,3,1,1,311,Other
14219,4,1,89.94,2011-12-05 16:23:00,5,1,1,511,New Customers
14220,247,2,632.4000000000001,2011-04-06 13:23:00,1,2,3,123,Lost Customers
14221,42,9,3432.8,2011-10-28 13:42:00,3,5,5,355,Loyal Customers
14222,177,1,683.17,2011-06-15 16:42:00,2,1,3,213,Lost Customers
14223,92,3,991.13,2011-09-08 13:38:00,2,3,4,234,At Risk
14224,110,4,1009.73,2011-08-21 13:24:00,2,4,4,244,At Risk
14226,29,5,2214.79,2011-11-11 11:34:00,4,4,5,445,Champions
14227,26,10,3350.96,2011-11-13 15:48:00,4,5,5,455,Champions
14229,52,3,1547.2,2011-10-19 10:04:00,3,3,4,334,Other
14231,184,3,925.71,2011-06-09 11:05:00,1,3,3,133,At Risk
14232,43,5,2048.07,2011-10-28 11:09:00,3,4,4,344,Loyal Customers
14233,49,4,1462.72,2011-10-21 15:54:00,3,4,4,344,Loyal Customers
14234,22,4,754.12,2011-11-17 17:53:00,4,4,3,443,Loyal Customers
14235,75,5,3144.86,2011-09-25 14:37:00,2,4,5,245,At Risk
14236,81,2,490.86,2011-09-20 09:13:00,2,2,3,223,Lost Customers
14237,373,1,161.0,2010-12-01 13:20:00,1,1,1,111,Lost Customers
14238,326,1,146.85,2011-01-17 14:40:00,1,1,1,111,Lost Customers
14239,43,11,2380.85,2011-10-27 14:40:00,3,5,5,355,Loyal Customers
14240,30,2,890.34,2011-11-09 13:45:00,4,2,3,423,Potential Loyalists
14241,184,1,213.70000000000002,2011-06-09 11:46:00,1,1,1,111,Lost Customers
14242,235,2,280.55,2011-04-19 11:46:00,1,2,2,122,Lost Customers
14243,9,10,2588.77,2011-12-01 11:12:00,5,5,5,555,Champions
14245,220,2,1693.45,2011-05-04 08:40:00,1,2,4,124,At Risk
14246,111,3,1474.06,2011-08-21 11:50:00,2,3,4,234,At Risk
14247,278,1,136.77,2011-03-06 15:21:00,1,1,1,111,Lost Customers
14248,318,1,302.58,2011-01-25 14:45:00,1,1,2,112,Lost Customers
14250,7,3,1904.05,2011-12-02 14:30:00,5,3,4,534,Potential Loyalists
14251,2,5,2879.7000000000003,2011-12-08 08:32:00,5,4,5,545,Champions
14256,260,2,969.0600000000001,2011-03-24 13:17:00,1,2,4,124,At Risk
14257,64,5,3099.7200000000003,2011-10-06 16:54:00,3,4,5,345,Loyal Customers
14258,9,9,12669.98,2011-11-30 15:27:00,5,5,5,555,Champions
14259,142,1,120.0,2011-07-21 10:44:00,2,1,1,211,Lost Customers
14261,51,2,1163.45,2011-10-20 10:04:00,3,2,4,324,Other
14262,8,8,2618.23,2011-12-01 14:17:00,5,5,5,555,Champions
14264,155,2,333.97,2011-07-08 10:20:00,2,2,2,222,Lost Customers
14265,109,2,530.18,2011-08-22 13:32:00,2,2,3,223,Lost Customers
14267,163,3,1516.24,2011-06-30 10:09:00,2,3,4,234,At Risk
14270,332,1,492.65000000000003,2011-01-12 09:33:00,1,1,3,113,Lost Customers
14271,226,1,112.32000000000001,2011-04-28 12:47:00,1,1,1,111,Lost Customers
14272,74,2,437.96,2011-09-27 10:08:00,2,2,2,222,Lost Customers
14273,51,4,559.97,2011-10-19 13:20:00,3,4,3,343,Loyal Customers
14276,99,3,1119.74,2011-09-02 09:45:00,2,3,4,234,At Risk
14277,15,3,4188.0,2011-11-24 15:01:00,4,3,5,435,Potential Loyalists
14280,197,1,134.04,2011-05-27 10:37:00,1,1,1,111,Lost Customers
14282,3,15,3701.44,2011-12-06 17:04:00,5,5,5,555,Champions
14284,31,2,595.25,2011-11-09 08:11:00,4,2,3,423,Potential Loyalists
14285,21,4,1910.01,2011-11-18 14:50:00,4,4,4,444,Champions
14286,24,3,4628.75,2011-11-16 10:34:00,4,3,5,435,Potential Loyalists
14287,8,3,176.63,2011-12-01 13:25:00,5,3,1,531,Potential Loyalists
14288,213,1,426.6,2011-05-10 13:22:00,1,1,2,112,Lost Customers
14289,9,6,911.26,2011-12-01 11:44:00,5,4,3,543,Loyal Customers
14290,11,5,2314.65,2011-11-28 14:02:00,5,4,5,545,Champions
14291,2,11,3883.25,2011-12-08 10:26:00,5,5,5,555,Champions
14292,8,9,4871.93,2011-12-02 11:50:00,5,5,5,555,Champions
14293,3,4,1046.56,2011-12-06 15:17:00,5,4,4,544,Champions
14295,40,1,166.20000000000002,2011-10-30 15:50:00,3,1,1,311,Other
14297,18,4,1305.33,2011-11-22 09:06:00,4,4,4,444,Champions
14298,8,44,51527.3,2011-12-01 13:12:00,5,5,5,555,Champions
14299,8,9,3965.62,2011-12-01 16:05:00,5,5,5,555,Champions
14300,19,1,43.2,2011-11-21 08:57:00,4,1,1,411,New Customers
14301,117,1,640.14,2011-08-14 15:33:00,2,1,3,213,Lost Customers
14304,223,1,383.45,2011-05-01 11:50:00,1,1,2,112,Lost Customers
14305,71,3,1858.96,2011-09-29 15:29:00,3,3,4,334,Other
14306,51,2,2093.32,2011-10-19 13:23:00,3,2,5,325,Other
14307,89,6,2995.7200000000003,2011-09-12 09:38:00,2,4,5,245,At Risk
14309,8,9,2352.53,2011-12-01 13:33:00,5,5,5,555,Champions
14311,243,1,310.26,2011-04-11 10:14:00,1,1,2,112,Lost Customers
14312,47,6,1611.5900000000001,2011-10-24 09:46:00,3,4,4,344,Loyal Customers
14314,107,1,120.0,2011-08-25 10:39:00,2,1,1,211,Lost Customers
14315,45,6,2481.13,2011-10-26 12:06:00,3,4,5,345,Loyal Customers
14317,65,1,508.58,2011-10-06 10:44:00,3,1,3,313,Other
14320,207,2,477.79,2011-05-17 09:24:00,1,2,2,122,Lost Customers
14321,11,5,1530.75,2011-11-29 09:47:00,5,4,4,544,Champions
14323,115,2,605.0600000000001,2011-08-17 11:37:00,2,2,3,223,Lost Customers
14326,242,1,183.85,2011-04-11 15:04:00,1,1,1,111,Lost Customers
14327,163,1,311.65000000000003,2011-06-29 13:58:00,2,1,2,212,Lost Customers
14329,17,7,4975.24,2011-11-22 15:50:00,4,5,5,455,Champions
14331,124,2,462.66,2011-08-07 13:17:00,2,2,2,222,Lost Customers
14332,23,3,840.21,2011-11-17 11:54:00,4,3,3,433,Potential Loyalists
14333,68,1,415.2,2011-10-03 10:38:00,3,1,2,312,Other
14334,17,8,2552.21,2011-11-23 10:01:00,4,5,5,455,Champions
14335,16,2,454.86,2011-11-23 13:41:00,4,2,2,422,Potential Loyalists
14336,17,4,1614.91,2011-11-23 11:40:00,4,4,4,444,Champions
14338,161,2,588.22,2011-07-01 14:08:00,2,2,3,223,Lost Customers
14339,243,1,309.52000000000004,2011-04-11 11:06:00,1,1,2,112,Lost Customers
14340,219,1,134.7,2011-05-05 09:44:00,1,1,1,111,Lost Customers
14341,45,8,2166.98,2011-10-25 15:48:00,3,5,5,355,Loyal Customers
14342,21,4,668.5600000000001,2011-11-18 13:21:00,4,4,3,443,Loyal Customers
14344,127,8,889.9300000000001,2011-08-04 13:51:00,2,5,3,253,At Risk
14345,39,1,108.98,2011-11-01 09:51:00,3,1,1,311,Other
14346,121,2,1021.58,2011-08-11 09:47:00,2,2,4,224,At Risk
14348,260,1,409.57,2011-03-24 16:23:00,1,1,2,112,Lost Customers
14349,10,1,133.5,2011-11-29 15:39:00,5,1,1,511,New Customers
14350,274,1,282.93,2011-03-10 14:14:00,1,1,2,112,Lost Customers
14351,165,1,51.0,2011-06-28 11:56:00,2,1,1,211,Lost Customers
14352,157,4,1078.96,2011-07-05 15:41:00,2,4,4,244,At Risk
14353,215,1,90.6,2011-05-08 16:06:00,1,1,1,111,Lost Customers
14354,6,2,163.62,2011-12-04 11:32:00,5,2,1,521,Potential Loyalists
14355,366,1,174.4,2010-12-09 12:16:00,1,1,1,111,Lost Customers
14356,80,2,701.23,2011-09-21 09:18:00,2,2,3,223,Lost Customers
14357,43,1,225.12,2011-10-27 16:23:00,3,1,1,311,Other
14359,19,3,912.1800000000001,2011-11-20 13:17:00,4,3,3,433,Potential Loyalists
14360,32,4,2118.03,2011-11-08 09:12:00,4,4,5,445,Champions
14362,22,1,151.5,2011-11-17 15:08:00,4,1,1,411,New Customers
14364,109,8,3717.35,2011-08-23 11:01:00,2,5,5,255,At Risk
14367,8,16,9227.82,2011-12-01 13:19:00,5,5,5,555,Champions
14368,320,1,155.0,2011-01-24 09:52:00,1,1,1,111,Lost Customers
14371,295,1,100.5,2011-02-17 16:35:00,1,1,1,111,Lost Customers
14373,358,1,76.55,2010-12-16 15:40:00,1,1,1,111,Lost Customers
14375,185,1,235.56,2011-06-07 13:44:00,1,1,1,111,Lost Customers
14377,191,2,617.05,2011-06-01 13:32:00,1,2,3,123,Lost Customers
14379,44,2,348.1,2011-10-26 16:43:00,3,2,2,322,Other
14381,52,1,202.68,2011-10-18 17:10:00,3,1,1,311,Other
14382,26,1,615.49,2011-11-13 16:18:00,4,1,3,413,New Customers
14383,38,3,1247.69,2011-11-01 15:53:00,3,3,4,334,Other
14385,9,3,202.10999999999999,2011-11-30 15:36:00,5,3,1,531,Potential Loyalists
14386,297,1,142.4,2011-02-16 09:45:00,1,1,1,111,Lost Customers
14387,33,3,1727.6,2011-11-07 12:29:00,3,3,4,334,Other
14388,10,8,3212.84,2011-11-29 13:32:00,5,5,5,555,Champions
14389,65,2,1043.46,2011-10-05 15:17:00,3,2,4,324,Other
14390,10,9,4642.57,2011-11-29 13:49:00,5,5,5,555,Champions
14393,218,1,67.95,2011-05-05 18:16:00,1,1,1,111,Lost Customers
14395,2,9,3479.91,2011-12-07 14:34:00,5,5,5,555,Champions
14396,65,2,487.99,2011-10-05 16:09:00,3,2,3,323,Other
14397,3,19,2612.96,2011-12-07 09:22:00,5,5,5,555,Champions
14400,149,1,574.7,2011-07-13 15:50:00,2,1,3,213,Lost Customers
14401,4,13,4051.48,2011-12-05 13:30:00,5,5,5,555,Champions
14403,130,4,1475.81,2011-08-01 12:57:00,2,4,4,244,At Risk
14404,34,6,1449.32,2011-11-06 12:30:00,3,4,4,344,Loyal Customers
14406,119,1,156.75,2011-08-12 16:54:00,2,1,1,211,Lost Customers
14407,107,6,2157.73,2011-08-24 14:02:00,2,4,5,245,At Risk
14408,11,7,2599.03,2011-11-29 11:41:00,5,5,5,555,Champions
14409,71,6,2059.4500000000003,2011-09-29 18:18:00,3,4,5,345,Loyal Customers
14410,92,9,1100.27,2011-09-08 15:08:00,2,5,4,254,At Risk
14411,311,1,1063.0,2011-02-02 10:56:00,1,1,4,114,At Risk
14412,43,2,770.03,2011-10-28 10:45:00,3,2,3,323,Other
14413,362,1,121.05,2010-12-12 13:37:00,1,1,1,111,Lost Customers
14414,92,7,1496.98,2011-09-09 12:09:00,2,5,4,254,At Risk
14415,1,13,5855.57,2011-12-08 14:38:00,5,5,5,555,Champions
14416,22,2,490.22,2011-11-17 15:22:00,4,2,3,423,Potential Loyalists
14418,4,3,1937.25,2011-12-06 11:39:00,5,3,4,534,Potential Loyalists
14419,11,6,1051.79,2011-11-29 11:22:00,5,4,4,544,Champions
14420,99,1,387.52,2011-09-01 18:07:00,2,1,2,212,Lost Customers
14421,57,2,813.11,2011-10-13 13:24:00,3,2,3,323,Other
14422,1,6,4263.64,2011-12-09 11:26:00,5,4,5,545,Champions
14423,218,1,265.2,2011-05-05 15:12:00,1,1,2,112,Lost Customers
14424,18,1,322.08,2011-11-22 11:48:00,4,1,2,412,New Customers
14426,24,10,4481.67,2011-11-16 12:25:00,4,5,5,455,Champions
14427,50,2,363.34000000000003,2011-10-20 14:23:00,3,2,2,322,Other
14428,7,5,1224.06,2011-12-02 13:17:00,5,4,4,544,Champions
14431,303,1,470.36,2011-02-10 10:40:00,1,1,2,112,Lost Customers
14432,10,6,2248.5,2011-11-30 08:04:00,5,4,5,545,Champions
14434,22,6,1372.8,2011-11-18 08:56:00,4,4,4,444,Champions
14436,99,1,89.06,2011-09-02 10:13:00,2,1,1,211,Lost Customers
14437,366,1,63.0,2010-12-09 09:27:00,1,1,1,111,Lost Customers
14438,306,1,131.9,2011-02-06 14:56:00,1,1,1,111,Lost Customers
14439,320,1,2661.24,2011-01-24 11:39:00,1,1,5,115,At Risk
14440,8,5,2357.68,2011-12-01 15:42:00,5,4,5,545,Champions
14441,1,4,1712.89,2011-12-09 09:07:00,5,4,4,544,Champions
14442,205,2,1589.82,2011-05-19 11:36:00,1,2,4,124,At Risk
14443,54,4,1420.2,2011-10-17 10:10:00,3,4,4,344,Loyal Customers
14446,1,4,1010.35,2011-12-09 11:34:00,5,4,4,544,Champions
14447,19,5,1163.23,2011-11-21 08:28:00,4,4,4,444,Champions
14448,9,2,375.35,2011-11-30 13:50:00,5,2,2,522,Potential Loyalists
14449,19,4,885.8,2011-11-21 12:06:00,4,4,3,443,Loyal Customers
14450,181,3,483.25,2011-06-12 10:46:00,1,3,2,132,At Risk
14451,60,2,643.9,2011-10-10 13:38:00,3,2,3,323,Other
14452,11,2,259.05,2011-11-29 12:06:00,5,2,2,522,Potential Loyalists
14453,190,1,119.93,2011-06-02 14:15:00,1,1,1,111,Lost Customers
14456,5,9,3017.28,2011-12-04 13:59:00,5,5,5,555,Champions
14457,311,1,113.64,2011-02-02 09:39:00,1,1,1,111,Lost Customers
14459,155,1,1837.92,2011-07-07 13:35:00,2,1,4,214,At Risk
14460,110,3,434.34,2011-08-21 14:19:00,2,3,2,232,At Risk
14461,148,3,2103.06,2011-07-14 17:11:00,2,3,5,235,At Risk
14462,66,11,1980.57,2011-10-04 15:55:00,3,5,4,354,Loyal Customers
14463,98,3,529.62,2011-09-02 15:20:00,2,3,3,233,At Risk
14465,247,3,1038.44,2011-04-07 12:38:00,1,3,4,134,At Risk
14466,29,7,2272.4,2011-11-10 14:07:00,4,5,5,455,Champions
14467,18,4,596.26,2011-11-22 12:48:00,4,4,3,443,Loyal Customers
14470,12,2,461.19,2011-11-28 10:31:00,5,2,2,522,Potential Loyalists
14472,104,8,1852.67,2011-08-28 11:01:00,2,5,4,254,At Risk
14473,74,2,234.34,2011-09-26 15:10:00,2,2,1,221,Lost Customers
14474,46,1,547.66,2011-10-24 13:26:00,3,1,3,313,Other
14475,72,3,925.85,2011-09-29 10:46:00,2,3,3,233,At Risk
14476,257,1,193.0,2011-03-27 15:39:00,1,1,1,111,Lost Customers
14477,20,4,1309.6,2011-11-20 11:11:00,4,4,4,444,Champions
14479,254,2,316.25,2011-03-31 09:07:00,1,2,2,122,Lost Customers
14480,11,1,279.05,2011-11-28 16:35:00,5,1,2,512,New Customers
14481,165,2,636.51,2011-06-28 10:38:00,2,2,3,223,Lost Customers
14482,18,6,2022.81,2011-11-21 13:14:00,4,4,4,444,Champions
14483,282,1,137.1,2011-03-03 10:26:00,1,1,1,111,Lost Customers
14484,50,1,321.92,2011-10-20 14:11:00,3,1,2,312,Other
14485,39,1,162.8,2011-11-01 12:25:00,3,1,1,311,Other
14487,27,6,1165.48,2011-11-13 12:17:00,4,4,4,444,Champions
14488,68,1,1064.28,2011-10-03 09:30:00,3,1,4,314,Other
14489,207,1,463.38,2011-05-16 14:51:00,1,1,2,112,Lost Customers
14491,175,2,340.93,2011-06-17 15:22:00,2,2,2,222,Lost Customers
14493,7,5,2383.2400000000002,2011-12-02 16:14:00,5,4,5,545,Champions
14494,26,1,139.56,2011-11-14 09:21:00,4,1,1,411,New Customers
14495,51,2,123.80000000000001,2011-10-20 12:28:00,3,2,1,321,Other
14496,312,2,538.8100000000001,2011-02-01 09:01:00,1,2,3,123,Lost Customers
14497,309,1,475.37,2011-02-03 17:01:00,1,1,2,112,Lost Customers
14498,43,5,1957.32,2011-10-28 12:09:00,3,4,4,344,Loyal Customers
14499,26,3,808.44,2011-11-13 13:01:00,4,3,3,433,Potential Loyalists
14500,88,3,356.85,2011-09-12 16:45:00,2,3,2,232,At Risk
14501,184,2,251.21,2011-06-09 12:02:00,1,2,2,122,Lost Customers
14502,20,11,2429.83,2011-11-20 11:50:00,4,5,5,455,Champions
14503,3,6,3543.26,2011-12-06 13:30:00,5,4,5,545,Champions
14504,47,4,673.26,2011-10-23 16:00:00,3,4,3,343,Loyal Customers
14505,17,8,5859.43,2011-11-22 15:45:00,4,5,5,455,Champions
14506,17,5,1960.65,2011-11-22 13:02:00,4,4,4,444,Champions
14507,24,6,1367.88,2011-11-16 12:21:00,4,4,4,444,Champions
14508,22,2,268.05,2011-11-17 19:48:00,4,2,2,422,Potential Loyalists
14511,11,5,1314.81,2011-11-28 17:05:00,5,4,4,544,Champions
14512,188,2,275.28,2011-06-05 12:39:00,1,2,2,122,Lost Customers
14513,101,3,455.59000000000003,2011-08-31 11:25:00,2,3,2,232,At Risk
14514,61,3,990.2,2011-10-09 16:05:00,3,3,4,334,Other
14515,18,6,2076.89,2011-11-22 11:37:00,4,4,5,445,Champions
14517,33,2,330.45,2011-11-06 14:20:00,3,2,2,322,Other
14518,64,1,174.37,2011-10-06 14:43:00,3,1,1,311,Other
14520,2,2,270.6,2011-12-08 09:46:00,5,2,2,522,Potential Loyalists
14522,24,4,974.54,2011-11-15 13:24:00,4,4,4,444,Champions
14523,108,1,241.09,2011-08-23 13:13:00,2,1,1,211,Lost Customers
14524,32,9,1843.83,2011-11-08 12:29:00,4,5,4,454,Champions
14525,20,9,4215.9,2011-11-20 11:37:00,4,5,5,455,Champions
14527,3,55,8507.13,2011-12-07 12:19:00,5,5,5,555,Champions
14528,37,1,364.21999999999997,2011-11-02 17:09:00,3,1,2,312,Other
14529,60,3,578.61,2011-10-10 15:27:00,3,3,3,333,Other
14530,26,6,2862.11,2011-11-14 10:38:00,4,4,5,445,Champions
14532,236,4,932.85,2011-04-17 13:05:00,1,4,3,143,At Risk
14533,25,7,1949.72,2011-11-15 12:05:00,4,5,4,454,Champions
14534,3,18,4397.3,2011-12-07 12:19:00,5,5,5,555,Champions
14535,60,3,2854.84,2011-10-10 15:39:00,3,3,5,335,Other
14536,260,1,170.95,2011-03-25 12:21:00,1,1,1,111,Lost Customers
14537,58,1,355.56,2011-10-13 10:54:00,3,1,2,312,Other
14538,65,2,388.25,2011-10-06 10:31:00,3,2,2,322,Other
14539,16,2,537.48,2011-11-24 09:50:00,4,2,3,423,Potential Loyalists
14540,10,3,952.66,2011-11-30 10:15:00,5,3,4,534,Potential Loyalists
14541,59,8,1453.35,2011-10-12 10:08:00,3,5,4,354,Loyal Customers
14542,186,1,103.25,2011-06-07 08:19:00,1,1,1,111,Lost Customers
14543,29,16,3599.73,2011-11-11 12:45:00,4,5,5,455,Champions
14544,24,2,2004.3,2011-11-15 15:06:00,4,2,4,424,Potential Loyalists
14546,5,5,2573.93,2011-12-04 13:00:00,5,4,5,545,Champions
14547,4,8,3974.75,2011-12-06 11:06:00,5,5,5,555,Champions
14548,151,2,652.8,2011-07-12 12:19:00,2,2,3,223,Lost Customers
14549,311,1,289.24,2011-02-01 13:47:00,1,1,2,112,Lost Customers
14550,11,2,757.37,2011-11-29 12:12:00,5,2,3,523,Potential Loyalists
14551,18,2,186.23,2011-11-21 13:36:00,4,2,1,421,Potential Loyalists
14552,152,1,164.22,2011-07-11 12:49:00,2,1,1,211,Lost Customers
14553,19,5,859.27,2011-11-20 13:20:00,4,4,3,443,Loyal Customers
14554,10,4,2279.4900000000002,2011-11-29 16:44:00,5,4,5,545,Champions
14555,57,2,312.54,2011-10-13 16:24:00,3,2,2,322,Other
14557,85,1,788.38,2011-09-15 15:48:00,2,1,3,213,Lost Customers
14560,7,22,2237.77,2011-12-02 15:22:00,5,5,5,555,Champions
14561,76,3,1080.76,2011-09-25 12:39:00,2,3,4,234,At Risk
14562,4,18,5006.77,2011-12-06 11:05:00,5,5,5,555,Champions
14565,96,4,3099.12,2011-09-05 09:07:00,2,4,5,245,At Risk
14566,111,1,1432.0,2011-08-21 11:05:00,2,1,4,214,At Risk
14567,57,2,1530.3600000000001,2011-10-14 10:21:00,3,2,4,324,Other
14569,1,1,227.39,2011-12-08 14:58:00,5,1,1,511,New Customers
14570,281,2,218.06,2011-03-04 10:58:00,1,2,1,121,Lost Customers
14572,3,7,2804.54,2011-12-06 14:40:00,5,5,5,555,Champions
14573,180,9,1639.82,2011-06-13 11:15:00,1,5,4,154,At Risk
14576,372,1,35.400000000000006,2010-12-02 17:51:00,1,1,1,111,Lost Customers
14577,13,4,859.71,2011-11-27 12:47:00,5,4,3,543,Loyal Customers
14578,3,1,168.63,2011-12-06 17:18:00,5,1,1,511,New Customers
14581,17,1,138.6,2011-11-23 12:39:00,4,1,1,411,New Customers
14582,41,1,114.11,2011-10-30 11:56:00,3,1,1,311,Other
14583,6,5,986.96,2011-12-04 12:32:00,5,4,4,544,Champions
14584,169,4,1033.06,2011-06-23 18:33:00,2,4,4,244,At Risk
14585,50,1,157.05,2011-10-20 14:33:00,3,1,1,311,Other
14586,277,1,237.35999999999999,2011-03-08 10:04:00,1,1,1,111,Lost Customers
14587,19,9,1580.29,2011-11-21 11:34:00,4,5,4,454,Champions
14589,372,1,39.75,2010-12-03 11:42:00,1,1,1,111,Lost Customers
14591,15,4,1320.21,2011-11-24 13:57:00,4,4,4,444,Champions
14592,35,3,557.94,2011-11-04 16:35:00,3,3,3,333,Other
14593,22,3,617.15,2011-11-18 12:48:00,4,3,3,433,Potential Loyalists
14594,7,2,363.33,2011-12-02 13:28:00,5,2,2,522,Potential Loyalists
14595,20,6,1740.6000000000001,2011-11-20 12:12:00,4,4,4,444,Champions
14597,11,2,866.24,2011-11-28 13:13:00,5,2,3,523,Potential Loyalists
14598,44,1,221.97,2011-10-26 13:19:00,3,1,1,311,Other
14600,306,1,393.33000000000004,2011-02-07 09:48:00,1,1,2,112,Lost Customers
14601,11,1,213.96,2011-11-29 09:48:00,5,1,1,511,New Customers
14603,275,1,660.0,2011-03-10 10:27:00,1,1,3,113,Lost Customers
14606,1,93,12076.15,2011-12-08 19:28:00,5,5,5,555,Champions
14607,16,14,16209.5,2011-11-24 10:35:00,4,5,5,455,Champions
14608,4,4,1785.15,2011-12-05 16:52:00,5,4,4,544,Champions
14609,72,4,601.56,2011-09-28 12:54:00,2,4,3,243,At Risk
14616,243,3,406.08000000000004,2011-04-11 09:54:00,1,3,2,132,At Risk
14618,9,3,553.44,2011-11-30 13:45:00,5,3,3,533,Potential Loyalists
14619,246,1,394.44,2011-04-08 07:37:00,1,1,2,112,Lost Customers
14620,206,2,412.78000000000003,2011-05-18 11:58:00,1,2,2,122,Lost Customers
14621,1,5,1788.3600000000001,2011-12-08 16:22:00,5,4,4,544,Champions
14622,185,1,320.58000000000004,2011-06-08 12:42:00,1,1,2,112,Lost Customers
14623,32,5,886.7,2011-11-07 13:56:00,4,4,3,443,Loyal Customers
14624,57,2,225.85,2011-10-13 13:44:00,3,2,1,321,Other
14625,196,2,899.63,2011-05-27 15:32:00,1,2,3,123,Lost Customers
14626,24,4,2791.27,2011-11-16 10:37:00,4,4,5,445,Champions
14628,91,2,671.96,2011-09-09 14:58:00,2,2,3,223,Lost Customers
14629,4,2,955.26,2011-12-05 16:55:00,5,2,4,524,Potential Loyalists
14631,51,3,1006.98,2011-10-20 11:17:00,3,3,4,334,Other
14632,263,1,114.56,2011-03-22 08:49:00,1,1,1,111,Lost Customers
14633,266,1,344.90000000000003,2011-03-18 17:07:00,1,1,2,112,Lost Customers
14636,36,2,609.85,2011-11-03 16:12:00,3,2,3,323,Other
14638,51,1,443.6,2011-10-20 10:10:00,3,1,2,312,Other
14639,52,6,2984.4900000000002,2011-10-18 15:06:00,3,4,5,345,Loyal Customers
14640,24,6,2107.38,2011-11-15 13:07:00,4,4,5,445,Champions
14641,22,1,110.46000000000001,2011-11-18 10:42:00,4,1,1,411,New Customers
14642,59,1,96.12,2011-10-12 11:08:00,3,1,1,311,Other
14643,170,2,693.8100000000001,2011-06-22 14:41:00,2,2,3,223,Lost Customers
14644,68,2,830.76,2011-10-03 08:30:00,3,2,3,323,Other
14645,157,2,597.09,2011-07-06 09:15:00,2,2,3,223,Lost Customers
14646,2,73,280206.02,2011-12-08 12:12:00,5,5,5,555,Champions
14647,201,1,236.04000000000002,2011-05-22 13:40:00,1,1,1,111,Lost Customers
14649,5,4,1402.59,2011-12-05 12:30:00,5,4,4,544,Champions
14651,67,2,653.75,2011-10-03 15:52:00,3,2,3,323,Other
14652,77,1,114.18,2011-09-23 14:21:00,2,1,1,211,Lost Customers
14653,1,7,1926.65,2011-12-08 13:45:00,5,5,4,554,Champions
14655,8,4,1932.23,2011-12-01 16:28:00,5,4,4,544,Champions
14656,169,2,291.05,2011-06-23 13:51:00,2,2,2,222,Lost Customers
14657,18,4,848.22,2011-11-22 12:47:00,4,4,3,443,Loyal Customers
14658,5,2,247.15,2011-12-04 15:35:00,5,2,1,521,Potential Loyalists
14659,9,9,2529.93,2011-12-01 12:17:00,5,5,5,555,Champions
14660,87,2,285.74,2011-09-14 11:34:00,2,2,2,222,Lost Customers
14661,27,1,107.95,2011-11-13 11:51:00,4,1,1,411,New Customers
14662,29,4,741.37,2011-11-11 12:13:00,4,4,3,443,Loyal Customers
14664,20,2,636.24,2011-11-20 10:59:00,4,2,3,423,Potential Loyalists
14665,61,5,1835.7,2011-10-10 09:14:00,3,4,4,344,Loyal Customers
14666,24,1,195.25,2011-11-15 12:57:00,4,1,1,411,New Customers
14667,11,25,9175.04,2011-11-29 11:30:00,5,5,5,555,Champions
14669,242,3,1259.24,2011-04-12 11:43:00,1,3,4,134,At Risk
14670,280,2,392.86,2011-03-04 14:13:00,1,2,2,122,Lost Customers
14672,235,2,765.5500000000001,2011-04-19 10:19:00,1,2,3,123,Lost Customers
14673,3,5,1736.4,2011-12-06 14:31:00,5,4,4,544,Champions
14675,16,1,596.36,2011-11-23 12:58:00,4,1,3,413,New Customers
14676,31,6,2548.2400000000002,2011-11-08 13:29:00,4,4,5,445,Champions
14680,25,16,28754.11,2011-11-14 16:59:00,4,5,5,455,Champions
14681,71,3,498.95,2011-09-29 15:52:00,3,3,3,333,Other
14682,188,2,52.0,2011-06-05 12:12:00,1,2,1,121,Lost Customers
14684,26,5,1201.51,2011-11-14 11:33:00,4,4,4,444,Champions
14687,107,1,628.38,2011-08-25 11:59:00,2,1,3,213,Lost Customers
14688,8,21,5579.1,2011-12-02 12:26:00,5,5,5,555,Champions
14689,209,1,112.80000000000001,2011-05-15 11:22:00,1,1,1,111,Lost Customers
14690,44,2,355.05,2011-10-26 15:39:00,3,2,2,322,Other
14691,31,5,2114.33,2011-11-09 12:30:00,4,4,5,445,Champions
14692,137,4,591.55,2011-07-25 15:08:00,2,4,3,243,At Risk
14693,265,1,172.9,2011-03-20 12:50:00,1,1,1,111,Lost Customers
14696,4,7,2078.95,2011-12-05 13:43:00,5,5,5,555,Champions
14697,218,2,188.61,2011-05-05 15:39:00,1,2,1,121,Lost Customers
14698,2,5,1217.27,2011-12-08 12:26:00,5,4,4,544,Champions
14699,214,1,109.13000000000001,2011-05-09 14:54:00,1,1,1,111,Lost Customers
14700,32,3,2195.1,2011-11-07 14:40:00,4,3,5,435,Potential Loyalists
14701,11,9,2526.09,2011-11-29 12:38:00,5,5,5,555,Champions
14702,1,17,3251.79,2011-12-08 19:29:00,5,5,5,555,Champions
14703,15,1,318.17,2011-11-25 09:23:00,4,1,2,412,New Customers
14704,11,9,1493.96,2011-11-28 12:51:00,5,5,4,554,Champions
14705,199,1,179.0,2011-05-25 12:39:00,1,1,1,111,Lost Customers
14708,3,3,1126.3700000000001,2011-12-07 08:21:00,5,3,4,534,Potential Loyalists
14709,15,13,4921.04,2011-11-24 15:41:00,4,5,5,455,Champions
14710,14,4,599.48,2011-11-25 14:53:00,4,4,3,443,Loyal Customers
14711,10,11,2839.62,2011-11-29 14:58:00,5,5,5,555,Champions
14712,29,3,917.07,2011-11-10 12:59:00,4,3,3,433,Potential Loyalists
14713,9,11,2662.2,2011-11-30 16:26:00,5,5,5,555,Champions
14714,24,1,160.19,2011-11-15 13:07:00,4,1,1,411,New Customers
14715,25,4,867.38,2011-11-15 12:10:00,4,4,3,443,Loyal Customers
14716,43,2,307.51,2011-10-27 17:29:00,3,2,2,322,Other
14719,2,5,1581.84,2011-12-08 12:43:00,5,4,4,544,Champions
14720,6,3,663.81,2011-12-04 12:02:00,5,3,3,533,Potential Loyalists
14722,147,1,180.42,2011-07-15 14:58:00,2,1,1,211,Lost Customers
14723,10,6,1122.36,2011-11-29 15:23:00,5,4,4,544,Champions
14725,25,1,655.58,2011-11-15 12:42:00,4,1,3,413,New Customers
14727,274,1,268.58,2011-03-10 14:45:00,1,1,2,112,Lost Customers
14729,374,1,313.49,2010-12-01 12:43:00,1,1,2,112,Lost Customers
14730,1,8,1897.57,2011-12-08 14:39:00,5,5,4,554,Champions
14731,47,3,380.02,2011-10-23 15:54:00,3,3,2,332,Other
14732,8,8,2702.4900000000002,2011-12-01 14:34:00,5,5,5,555,Champions
14733,16,12,9585.91,2011-11-23 15:39:00,4,5,5,455,Champions
14735,4,32,6065.6900000000005,2011-12-06 12:09:00,5,5,5,555,Champions
14737,4,3,1164.55,2011-12-06 10:16:00,5,3,4,534,Potential Loyalists
14738,43,7,1314.45,2011-10-28 08:56:00,3,5,4,354,Loyal Customers
14739,4,7,3902.28,2011-12-05 16:54:00,5,5,5,555,Champions
14740,197,3,1448.21,2011-05-26 18:17:00,1,3,4,134,At Risk
14741,12,6,1400.3400000000001,2011-11-28 08:48:00,5,4,4,544,Champions
14744,16,7,1099.98,2011-11-23 12:51:00,4,5,4,454,Champions
14745,113,5,1220.26,2011-08-19 10:05:00,2,4,4,244,At Risk
14747,249,1,328.2,2011-04-04 14:09:00,1,1,2,112,Lost Customers
14748,29,5,1415.75,2011-11-10 18:33:00,4,4,4,444,Champions
14752,44,1,389.64000000000004,2011-10-27 11:55:00,3,1,2,312,Other
14753,87,1,563.15,2011-09-13 14:50:00,2,1,3,213,Lost Customers
14754,45,2,638.05,2011-10-26 12:01:00,3,2,3,323,Other
14755,10,11,5010.28,2011-11-30 11:24:00,5,5,5,555,Champions
14756,15,1,738.96,2011-11-24 18:13:00,4,1,3,413,New Customers
14757,75,1,420.5,2011-09-25 14:36:00,2,1,2,212,Lost Customers
14758,145,4,1484.06,2011-07-18 08:21:00,2,4,4,244,At Risk
14759,5,3,1625.97,2011-12-05 12:03:00,5,3,4,534,Potential Loyalists
14760,297,1,89.2,2011-02-15 16:27:00,1,1,1,111,Lost Customers
14761,59,2,255.9,2011-10-12 12:10:00,3,2,2,322,Other
14762,264,1,300.52,2011-03-21 08:20:00,1,1,2,112,Lost Customers
14764,47,1,278.3,2011-10-24 11:54:00,3,1,2,312,Other
14765,29,3,254.11,2011-11-10 19:53:00,4,3,2,432,Potential Loyalists
14766,8,6,2473.37,2011-12-01 16:05:00,5,4,5,545,Champions
14768,17,2,192.60000000000002,2011-11-22 12:54:00,4,2,1,421,Potential Loyalists
14769,3,8,10416.98,2011-12-07 10:24:00,5,5,5,555,Champions
14770,232,2,876.4200000000001,2011-04-21 14:21:00,1,2,3,123,Lost Customers
14772,112,1,139.26,2011-08-19 15:04:00,2,1,1,211,Lost Customers
14775,58,3,1011.9,2011-10-12 15:27:00,3,3,4,334,Other
14776,51,11,2538.2999999999997,2011-10-19 15:34:00,3,5,5,355,Loyal Customers
14778,127,2,730.86,2011-08-04 15:23:00,2,2,3,223,Lost Customers
14779,281,3,386.15,2011-03-04 12:42:00,1,3,2,132,At Risk
14780,55,2,447.68,2011-10-16 12:46:00,3,2,2,322,Other
14782,320,1,200.10000000000002,2011-01-24 11:12:00,1,1,1,111,Lost Customers
14784,26,2,289.99,2011-11-13 13:30:00,4,2,2,422,Potential Loyalists
14785,10,2,77.4,2011-11-29 13:21:00,5,2,1,521,Potential Loyalists
14788,7,2,679.44,2011-12-02 17:06:00,5,2,3,523,Potential Loyalists
14789,29,1,197.64,2011-11-11 08:59:00,4,1,1,411,New Customers
14790,17,4,745.06,2011-11-23 09:28:00,4,4,3,443,Loyal Customers
14792,64,1,6.2,2011-10-07 09:19:00,3,1,1,311,Other
14793,21,1,228.99,2011-11-18 14:50:00,4,1,1,411,New Customers
14794,3,7,1319.91,2011-12-07 10:11:00,5,5,4,554,Champions
14795,166,1,131.45000000000002,2011-06-26 13:04:00,2,1,1,211,Lost Customers
14796,1,17,7975.49,2011-12-08 15:31:00,5,5,5,555,Champions
14798,53,3,173.74,2011-10-18 10:58:00,3,3,1,331,Other
14799,51,1,157.7,2011-10-19 16:16:00,3,1,1,311,Other
14800,48,12,4331.79,2011-10-23 12:46:00,3,5,5,355,Loyal Customers
14801,61,1,189.34,2011-10-09 15:24:00,3,1,1,311,Other
14803,162,3,845.5500000000001,2011-06-30 13:58:00,2,3,3,233,At Risk
14804,9,1,353.27,2011-12-01 11:20:00,5,1,2,512,New Customers
14805,15,4,546.4,2011-11-24 16:20:00,4,4,3,443,Loyal Customers
14806,75,1,193.39000000000001,2011-09-25 15:32:00,2,1,1,211,Lost Customers
14808,40,8,2718.6,2011-10-31 12:21:00,3,5,5,355,Loyal Customers
14810,41,11,2085.33,2011-10-30 11:19:00,3,5,5,355,Loyal Customers
14813,370,2,152.88,2010-12-05 11:57:00,1,2,1,121,Lost Customers
14815,37,2,778.5,2011-11-03 11:36:00,3,2,3,323,Other
14816,197,1,271.85,2011-05-26 13:16:00,1,1,2,112,Lost Customers
14817,200,2,1110.34,2011-05-23 13:35:00,1,2,4,124,At Risk
14818,74,3,657.8,2011-09-27 11:01:00,2,3,3,233,At Risk
14819,64,2,272.07,2011-10-06 13:41:00,3,2,2,322,Other
14820,21,4,507.29,2011-11-18 15:41:00,4,4,3,443,Loyal Customers
14821,367,1,48.800000000000004,2010-12-08 08:43:00,1,1,1,111,Lost Customers
14823,180,3,321.43,2011-06-12 13:12:00,1,3,2,132,At Risk
14824,10,4,1127.71,2011-11-29 14:20:00,5,4,4,544,Champions
14825,4,12,2221.01,2011-12-06 11:38:00,5,5,5,555,Champions
14828,197,3,2139.76,2011-05-27 10:16:00,1,3,5,135,At Risk
14829,29,4,697.55,2011-11-10 16:16:00,4,4,3,443,Loyal Customers
14830,53,1,188.88,2011-10-17 14:29:00,3,1,1,311,Other
14834,18,6,1720.3,2011-11-22 10:30:00,4,4,4,444,Champions
14836,10,3,102.45,2011-11-29 16:45:00,5,3,1,531,Potential Loyalists
14837,90,4,1649.5,2011-09-11 10:58:00,2,4,4,244,At Risk
14840,268,1,62.85,2011-03-17 12:00:00,1,1,1,111,Lost Customers
14841,53,6,3295.76,2011-10-17 15:03:00,3,4,5,345,Loyal Customers
14842,44,4,2824.69,2011-10-27 12:37:00,3,4,5,345,Loyal Customers
14844,64,4,3189.81,2011-10-07 10:41:00,3,4,5,345,Loyal Customers
14847,149,1,309.40000000000003,2011-07-14 10:52:00,2,1,2,212,Lost Customers
14849,22,25,7930.54,2011-11-18 10:58:00,4,5,5,455,Champions
14850,312,1,325.75,2011-02-01 11:21:00,1,1,2,112,Lost Customers
14851,23,2,511.35,2011-11-16 14:20:00,4,2,3,423,Potential Loyalists
14852,58,6,2836.69,2011-10-12 13:20:00,3,4,5,345,Loyal Customers
14853,24,2,475.8,2011-11-15 16:56:00,4,2,2,422,Potential Loyalists
14854,78,7,2740.03,2011-09-22 17:00:00,2,5,5,255,At Risk
14855,119,2,645.65,2011-08-12 14:02:00,2,2,3,223,Lost Customers
14856,36,3,1290.53,2011-11-03 14:53:00,3,3,4,334,Other
14857,60,2,1173.1200000000001,2011-10-11 09:23:00,3,2,4,324,Other
14859,13,4,1353.74,2011-11-27 11:18:00,5,4,4,544,Champions
14860,19,1,170.32,2011-11-20 14:17:00,4,1,1,411,New Customers
14861,52,1,125.79,2011-10-18 12:54:00,3,1,1,311,Other
14862,26,2,841.2,2011-11-14 10:01:00,4,2,3,423,Potential Loyalists
14863,29,1,266.76,2011-11-10 15:04:00,4,1,2,412,New Customers
14865,7,2,52.2,2011-12-02 16:25:00,5,2,1,521,Potential Loyalists
14866,11,12,14389.9,2011-11-29 11:45:00,5,5,5,555,Champions
14867,186,3,710.28,2011-06-07 11:39:00,1,3,3,133,At Risk
14868,3,8,2953.59,2011-12-06 14:49:00,5,5,5,555,Champions
14869,9,2,721.45,2011-12-01 12:36:00,5,2,3,523,Potential Loyalists
14870,262,1,327.25,2011-03-23 10:51:00,1,1,2,112,Lost Customers
14871,3,4,501.28000000000003,2011-12-06 13:42:00,5,4,3,543,Loyal Customers
14873,210,1,519.68,2011-05-13 13:52:00,1,1,3,113,Lost Customers
14875,108,2,1465.32,2011-08-24 12:20:00,2,2,4,224,At Risk
14878,13,9,1476.09,2011-11-27 11:15:00,5,5,4,554,Champions
14880,77,3,690.59,2011-09-23 13:42:00,2,3,3,233,At Risk
14881,20,1,255.4,2011-11-20 11:06:00,4,1,2,412,New Customers
14882,27,2,589.7,2011-11-13 12:47:00,4,2,3,423,Potential Loyalists
14883,19,6,761.59,2011-11-21 10:23:00,4,4,3,443,Loyal Customers
14885,132,1,765.3199999999999,2011-07-31 12:05:00,2,1,3,213,Lost Customers
14886,253,1,364.8,2011-04-01 08:56:00,1,1,2,112,Lost Customers
14887,79,1,1862.0,2011-09-21 15:32:00,2,1,4,214,At Risk
14888,207,1,369.2,2011-05-16 14:58:00,1,1,2,112,Lost Customers
14889,336,1,135.9,2011-01-07 15:19:00,1,1,1,111,Lost Customers
14890,254,1,125.65,2011-03-31 11:57:00,1,1,1,111,Lost Customers
14891,148,2,554.38,2011-07-14 18:08:00,2,2,3,223,Lost Customers
14893,10,2,1237.8500000000001,2011-11-30 12:31:00,5,2,4,524,Potential Loyalists
14894,85,1,655.75,2011-09-15 13:51:00,2,1,3,213,Lost Customers
14895,8,20,11138.710000000001,2011-12-02 09:23:00,5,5,5,555,Champions
14896,205,2,468.77000000000004,2011-05-19 10:20:00,1,2,2,122,Lost Customers
14897,8,4,1366.38,2011-12-02 10:32:00,5,4,4,544,Champions
14898,23,6,1269.31,2011-11-16 14:54:00,4,4,4,444,Champions
14901,11,9,1421.29,2011-11-28 17:09:00,5,5,4,554,Champions
14902,26,1,332.66,2011-11-14 10:34:00,4,1,2,412,New Customers
14903,21,5,2795.33,2011-11-18 16:07:00,4,4,5,445,Champions
14904,2,2,1025.44,2011-12-07 12:55:00,5,2,4,524,Potential Loyalists
14905,158,2,616.15,2011-07-05 12:41:00,2,2,3,223,Lost Customers
14907,3,7,3501.1,2011-12-06 14:14:00,5,5,5,555,Champions
14908,74,1,277.8,2011-09-26 12:56:00,2,1,2,212,Lost Customers
14910,3,4,434.35,2011-12-07 10:06:00,5,4,2,542,Loyal Customers
14911,1,201,143711.17,2011-12-08 15:54:00,5,5,5,555,Champions
14912,17,2,867.85,2011-11-23 09:20:00,4,2,3,423,Potential Loyalists
14913,36,4,1227.43,2011-11-04 08:29:00,3,4,4,344,Loyal Customers
14915,91,2,307.48,2011-09-09 13:34:00,2,2,2,222,Lost Customers
14916,71,4,1268.98,2011-09-30 09:20:00,3,4,4,344,Loyal Customers
14918,116,2,1610.15,2011-08-16 11:50:00,2,2,4,224,At Risk
14920,213,2,977.77,2011-05-11 10:32:00,1,2,4,124,At Risk
14921,30,2,1316.07,2011-11-09 13:17:00,4,2,4,424,Potential Loyalists
14923,51,1,749.1,2011-10-20 11:51:00,3,1,3,313,Other
14924,246,1,310.05,2011-04-08 09:25:00,1,1,2,112,Lost Customers
14929,32,1,223.88,2011-11-07 17:21:00,4,1,1,411,New Customers
14930,109,3,2362.96,2011-08-23 10:31:00,2,3,5,235,At Risk
14931,5,5,1257.68,2011-12-05 10:19:00,5,4,4,544,Champions
14932,366,1,363.53,2010-12-09 11:48:00,1,1,2,112,Lost Customers
14934,82,2,1890.94,2011-09-19 10:10:00,2,2,4,224,At Risk
14935,297,1,1784.71,2011-02-15 14:44:00,1,1,4,114,At Risk
14936,34,8,8137.02,2011-11-06 10:30:00,3,5,5,355,Loyal Customers
14937,57,3,1621.88,2011-10-14 12:29:00,3,3,4,334,Other
14944,30,12,5900.25,2011-11-10 09:10:00,4,5,5,455,Champions
14946,14,1,100.9,2011-11-25 13:33:00,4,1,1,411,New Customers
14947,72,2,290.82,2011-09-28 15:48:00,2,2,2,222,Lost Customers
14948,23,6,1101.97,2011-11-16 17:16:00,4,4,4,444,Champions
14950,19,1,371.2,2011-11-20 13:48:00,4,1,2,412,New Customers
14951,79,1,311.69,2011-09-21 15:15:00,2,1,2,212,Lost Customers
14952,60,11,8099.49,2011-10-11 10:33:00,3,5,5,355,Loyal Customers
14953,25,1,285.67,2011-11-14 14:59:00,4,1,2,412,New Customers
14954,12,1,294.85,2011-11-27 14:30:00,5,1,2,512,New Customers
14957,253,1,58.49,2011-03-31 17:59:00,1,1,1,111,Lost Customers
14958,147,3,483.73,2011-07-15 14:20:00,2,3,2,232,At Risk
14959,64,4,695.42,2011-10-06 18:23:00,3,4,3,343,Loyal Customers
14960,8,2,221.27,2011-12-01 12:54:00,5,2,1,521,Potential Loyalists
14961,11,9,7044.68,2011-11-29 09:42:00,5,5,5,555,Champions
14962,271,1,126.7,2011-03-14 09:42:00,1,1,1,111,Lost Customers
14963,10,5,1472.34,2011-11-30 12:16:00,5,4,4,544,Champions
14964,247,1,206.21,2011-04-06 14:13:00,1,1,1,111,Lost Customers
14965,96,2,596.09,2011-09-04 13:20:00,2,2,3,223,Lost Customers
14966,15,1,183.02,2011-11-25 12:20:00,4,1,1,411,New Customers
14967,50,1,463.8,2011-10-21 11:06:00,3,1,2,312,Other
14968,30,1,147.59,2011-11-09 13:58:00,4,1,1,411,New Customers
14970,68,4,1592.06,2011-10-02 13:44:00,3,4,4,344,Loyal Customers
14971,35,3,1097.98,2011-11-04 17:07:00,3,3,4,334,Other
14972,128,1,114.77,2011-08-03 14:54:00,2,1,1,211,Lost Customers
14973,107,3,1314.45,2011-08-24 15:51:00,2,3,4,234,At Risk
14974,37,1,89.94,2011-11-02 13:01:00,3,1,1,311,Other
14975,57,1,279.94,2011-10-13 14:08:00,3,1,2,312,Other
14976,57,7,790.86,2011-10-13 16:37:00,3,5,3,353,Loyal Customers
14978,72,5,1921.3700000000001,2011-09-28 13:07:00,2,4,4,244,At Risk
14981,246,1,102.12,2011-04-07 13:45:00,1,1,1,111,Lost Customers
14984,19,2,202.37,2011-11-20 14:28:00,4,2,1,421,Potential Loyalists
14985,198,2,292.01,2011-05-25 14:29:00,1,2,2,122,Lost Customers
14987,16,2,326.4,2011-11-24 09:59:00,4,2,2,422,Potential Loyalists
14988,212,1,334.54,2011-05-12 12:05:00,1,1,2,112,Lost Customers
14995,39,2,231.98000000000002,2011-11-01 11:39:00,3,2,1,321,Other
14997,46,3,546.1999999999999,2011-10-24 13:28:00,3,3,3,333,Other
14998,170,2,414.87,2011-06-22 17:30:00,2,2,2,222,Lost Customers
15000,48,1,490.52,2011-10-23 11:42:00,3,1,3,313,Other
15002,116,4,1641.76,2011-08-16 10:44:00,2,4,4,244,At Risk
15004,147,1,1220.77,2011-07-15 14:05:00,2,1,4,214,At Risk
15005,16,28,6295.37,2011-11-24 12:25:00,4,5,5,455,Champions
15006,51,1,480.38,2011-10-19 15:08:00,3,1,2,312,Other
15007,159,1,156.91,2011-07-03 16:00:00,2,1,1,211,Lost Customers
15009,12,3,1259.43,2011-11-27 13:35:00,5,3,4,534,Potential Loyalists
15010,36,1,308.94,2011-11-04 12:42:00,3,1,2,312,Other
15012,54,2,405.04,2011-10-17 12:22:00,3,2,2,322,Other
15014,43,2,257.67,2011-10-27 20:07:00,3,2,2,322,Other
15016,173,1,170.04,2011-06-20 12:06:00,2,1,1,211,Lost Customers
15017,34,1,125.58,2011-11-06 10:33:00,3,1,1,311,Other
15018,39,3,496.21,2011-11-01 12:47:00,3,3,3,333,Other
15019,267,1,252.81,2011-03-18 12:35:00,1,1,2,112,Lost Customers
15021,9,9,1871.77,2011-12-01 11:53:00,5,5,4,554,Champions
15022,12,4,852.39,2011-11-28 12:35:00,5,4,3,543,Loyal Customers
15023,3,11,6720.41,2011-12-06 17:23:00,5,5,5,555,Champions
15024,10,10,1636.43,2011-11-30 12:06:00,5,5,4,554,Champions
15025,33,1,361.96,2011-11-06 15:20:00,3,1,2,312,Other
15026,80,3,469.0,2011-09-20 13:52:00,2,3,2,232,At Risk
15027,31,4,1066.15,2011-11-09 10:16:00,4,4,4,444,Champions
15028,8,4,627.13,2011-12-01 14:06:00,5,4,3,543,Loyal Customers
15030,72,2,518.28,2011-09-29 10:50:00,2,2,3,223,Lost Customers
15031,4,4,653.19,2011-12-05 14:19:00,5,4,3,543,Loyal Customers
15032,256,3,4959.1,2011-03-28 15:03:00,1,3,5,135,At Risk
15033,5,10,2557.18,2011-12-05 12:40:00,5,5,5,555,Champions
15034,16,8,4274.16,2011-11-24 12:11:00,4,5,5,455,Champions
15035,90,1,252.73000000000002,2011-09-11 11:08:00,2,1,2,212,Lost Customers
15036,72,3,429.56,2011-09-28 15:42:00,2,3,2,232,At Risk
15038,59,6,685.74,2011-10-12 11:33:00,3,4,3,343,Loyal Customers
15039,10,47,19766.59,2011-11-30 11:31:00,5,5,5,555,Champions
15041,170,1,179.93,2011-06-22 16:16:00,2,1,1,211,Lost Customers
15042,199,1,135.93,2011-05-24 16:25:00,1,1,1,111,Lost Customers
15043,31,1,537.0,2011-11-08 14:26:00,4,1,3,413,New Customers
15044,19,17,7634.7300000000005,2011-11-20 13:20:00,4,5,5,455,Champions
15045,152,2,735.66,2011-07-11 11:33:00,2,2,3,223,Lost Customers
15046,9,15,5090.42,2011-11-30 15:50:00,5,5,5,555,Champions
15047,270,1,343.62,2011-03-15 10:49:00,1,1,2,112,Lost Customers
15048,65,4,381.0,2011-10-05 14:55:00,3,4,2,342,Loyal Customers
15049,274,1,121.17000000000002,2011-03-11 12:13:00,1,1,1,111,Lost Customers
15050,25,3,1737.69,2011-11-14 16:17:00,4,3,4,434,Potential Loyalists
15051,23,3,1383.36,2011-11-16 15:38:00,4,3,4,434,Potential Loyalists
15052,319,1,207.73000000000002,2011-01-24 15:52:00,1,1,1,111,Lost Customers
15053,5,3,693.95,2011-12-05 12:08:00,5,3,3,533,Potential Loyalists
15054,12,2,302.1,2011-11-27 15:02:00,5,2,2,522,Potential Loyalists
15057,275,2,1489.5,2011-03-09 15:17:00,1,2,4,124,At Risk
15058,25,11,2102.54,2011-11-14 14:57:00,4,5,5,455,Champions
15059,41,9,1337.72,2011-10-30 11:35:00,3,5,4,354,Loyal Customers
15060,8,4,294.25,2011-12-01 13:47:00,5,4,2,542,Loyal Customers
15061,4,48,54534.14,2011-12-06 12:06:00,5,5,5,555,Champions
15062,71,4,987.86,2011-09-29 16:51:00,3,4,4,344,Loyal Customers
15063,213,1,370.79999999999995,2011-05-10 13:25:00,1,1,2,112,Lost Customers
15065,38,4,3158.13,2011-11-02 09:45:00,3,4,5,345,Loyal Customers
15066,53,1,893.59,2011-10-17 13:25:00,3,1,3,313,Other
15067,78,3,1744.76,2011-09-22 13:20:00,2,3,4,234,At Risk
15068,46,2,553.36,2011-10-24 14:47:00,3,2,3,323,Other
15069,179,1,1109.53,2011-06-13 14:16:00,1,1,4,114,At Risk
15070,373,1,106.2,2010-12-02 11:23:00,1,1,1,111,Lost Customers
15071,94,2,982.07,2011-09-07 11:43:00,2,2,4,224,At Risk
15073,10,3,1043.41,2011-11-30 10:44:00,5,3,4,534,Potential Loyalists
15074,105,1,735.67,2011-08-26 14:45:00,2,1,3,213,Lost Customers
15075,78,1,773.03,2011-09-23 12:27:00,2,1,3,213,Lost Customers
15076,173,1,880.85,2011-06-20 08:23:00,2,1,3,213,Lost Customers
15078,7,32,9743.11,2011-12-02 15:41:00,5,5,5,555,Champions
15079,213,4,895.61,2011-05-11 12:45:00,1,4,3,143,At Risk
15081,22,5,504.8,2011-11-17 17:08:00,4,4,3,443,Loyal Customers
15083,257,1,88.2,2011-03-28 12:18:00,1,1,1,111,Lost Customers
15087,282,1,306.94,2011-03-03 10:34:00,1,1,2,112,Lost Customers
15088,21,2,1160.07,2011-11-18 13:14:00,4,2,4,424,Potential Loyalists
15089,10,6,2420.84,2011-11-29 16:31:00,5,4,5,545,Champions
15090,308,1,381.32,2011-02-04 14:03:00,1,1,2,112,Lost Customers
15091,68,1,480.71,2011-10-03 12:47:00,3,1,2,312,Other
15092,215,2,457.81,2011-05-08 14:10:00,1,2,2,122,Lost Customers
15093,18,6,4597.02,2011-11-21 13:09:00,4,4,5,445,Champions
15095,104,4,1370.6000000000001,2011-08-28 12:01:00,2,4,4,244,At Risk
15096,43,1,219.39000000000001,2011-10-28 10:27:00,3,1,1,311,Other
15097,4,1,248.08,2011-12-05 14:03:00,5,1,1,511,New Customers
15098,182,3,39916.5,2011-06-10 15:33:00,1,3,5,135,At Risk
15099,84,1,410.48,2011-09-16 13:13:00,2,1,2,212,Lost Customers
15100,334,3,876.0,2011-01-10 10:35:00,1,3,3,133,At Risk
15101,9,2,317.53000000000003,2011-12-01 10:18:00,5,2,2,522,Potential Loyalists
15103,31,2,703.36,2011-11-08 14:53:00,4,2,3,423,Potential Loyalists
15104,197,2,993.54,2011-05-27 12:29:00,1,2,4,124,At Risk
15105,18,7,2298.93,2011-11-21 16:54:00,4,5,5,455,Champions
15106,18,5,1422.52,2011-11-22 09:16:00,4,4,4,444,Champions
15107,311,6,319.5,2011-02-01 14:46:00,1,4,2,142,At Risk
15108,142,4,1300.25,2011-07-21 10:24:00,2,4,4,244,At Risk
15109,246,1,484.95,2011-04-08 09:58:00,1,1,2,112,Lost Customers
15110,24,4,996.1,2011-11-16 11:16:00,4,4,4,444,Champions
15111,29,3,1567.48,2011-11-10 16:58:00,4,3,4,434,Potential Loyalists
15113,10,3,3509.43,2011-11-30 08:23:00,5,3,5,535,Potential Loyalists
15114,30,10,2760.56,2011-11-09 15:05:00,4,5,5,455,Champions
15115,18,1,340.11,2011-11-21 14:59:00,4,1,2,412,New Customers
15116,18,4,1352.75,2011-11-22 12:25:00,4,4,4,444,Champions
15117,15,5,1551.78,2011-11-25 08:12:00,4,4,4,444,Champions
15118,134,1,244.8,2011-07-28 14:54:00,2,1,1,211,Lost Customers
15119,246,1,266.4,2011-04-08 09:08:00,1,1,2,112,Lost Customers
15120,134,1,358.82,2011-07-29 09:48:00,2,1,2,212,Lost Customers
15121,50,2,457.72,2011-10-20 14:51:00,3,2,2,322,Other
15122,114,3,1633.78,2011-08-17 16:48:00,2,3,4,234,At Risk
15123,7,2,2199.31,2011-12-02 13:12:00,5,2,5,525,Potential Loyalists
15124,23,2,184.19,2011-11-17 10:09:00,4,2,1,421,Potential Loyalists
15125,25,15,11528.48,2011-11-14 13:57:00,4,5,5,455,Champions
15127,66,1,406.53000000000003,2011-10-05 10:30:00,3,1,2,312,Other
15128,60,4,1471.0,2011-10-10 13:54:00,3,4,4,344,Loyal Customers
15129,50,11,3447.4,2011-10-20 14:40:00,3,5,5,355,Loyal Customers
15130,170,1,330.11,2011-06-23 10:15:00,2,1,2,212,Lost Customers
15132,18,5,977.9300000000001,2011-11-21 17:10:00,4,4,4,444,Champions
15133,128,3,982.42,2011-08-04 10:44:00,2,3,4,234,At Risk
15134,15,8,1387.99,2011-11-25 08:55:00,4,5,4,454,Champions
15135,239,1,139.05,2011-04-14 19:16:00,1,1,1,111,Lost Customers
15136,3,4,1286.7,2011-12-07 12:26:00,5,4,4,544,Champions
15139,240,2,178.96,2011-04-14 11:39:00,1,2,1,121,Lost Customers
15140,52,7,2354.25,2011-10-18 14:07:00,3,5,5,355,Loyal Customers
15142,46,1,498.74,2011-10-24 12:51:00,3,1,3,313,Other
15143,226,1,259.45,2011-04-28 12:03:00,1,1,2,112,Lost Customers
15144,8,17,6580.4400000000005,2011-12-01 15:12:00,5,5,5,555,Champions
15145,4,4,1194.73,2011-12-05 17:21:00,5,4,4,544,Champions
15146,165,2,1327.16,2011-06-28 12:09:00,2,2,4,224,At Risk
15147,240,1,623.5,2011-04-13 15:57:00,1,1,3,113,Lost Customers
15148,11,1,301.29,2011-11-29 08:21:00,5,1,2,512,New Customers
15149,134,1,520.8000000000001,2011-07-29 10:58:00,2,1,3,213,Lost Customers
15150,17,10,5291.33,2011-11-22 12:52:00,4,5,5,455,Champions
15152,10,13,4745.69,2011-11-30 12:32:00,5,5,5,555,Champions
15153,31,1,329.25,2011-11-08 17:09:00,4,1,2,412,New Customers
15154,75,1,254.28,2011-09-25 16:05:00,2,1,2,212,Lost Customers
15156,1,3,961.49,2011-12-08 18:22:00,5,3,4,534,Potential Loyalists
15157,4,3,1936.07,2011-12-06 11:28:00,5,3,4,534,Potential Loyalists
15158,45,1,401.40000000000003,2011-10-25 13:53:00,3,1,2,312,Other
15159,2,30,18641.010000000002,2011-12-08 12:05:00,5,5,5,555,Champions
15160,357,1,158.16,2010-12-17 14:15:00,1,1,1,111,Lost Customers
15163,18,2,304.47,2011-11-21 13:10:00,4,2,2,422,Potential Loyalists
15164,69,3,824.58,2011-10-02 12:05:00,3,3,3,333,Other
15165,373,1,487.75,2010-12-01 14:03:00,1,1,3,113,Lost Customers
15167,321,1,158.8,2011-01-23 12:41:00,1,1,1,111,Lost Customers
15168,26,1,106.56,2011-11-14 11:26:00,4,1,1,411,New Customers
15171,331,1,1289.5,2011-01-12 15:36:00,1,1,4,114,At Risk
15172,9,5,1624.05,2011-12-01 11:51:00,5,4,4,544,Champions
15174,323,1,135.75,2011-01-21 09:06:00,1,1,1,111,Lost Customers
15175,72,1,224.14,2011-09-29 11:31:00,2,1,1,211,Lost Customers
15178,260,1,40.5,2011-03-24 15:12:00,1,1,1,111,Lost Customers
15179,18,5,2206.9500000000003,2011-11-21 12:53:00,4,4,5,445,Champions
15180,367,1,87.5,2010-12-07 14:57:00,1,1,1,111,Lost Customers
15181,66,3,689.48,2011-10-04 13:58:00,3,3,3,333,Other
15182,154,2,622.85,2011-07-08 13:37:00,2,2,3,223,Lost Customers
15184,29,2,402.2,2011-11-10 13:41:00,4,2,2,422,Potential Loyalists
15185,70,1,310.62,2011-09-30 14:06:00,3,1,2,312,Other
15186,14,2,411.41,2011-11-25 14:58:00,4,2,2,422,Potential Loyalists
15187,2,16,4777.18,2011-12-08 11:56:00,5,5,5,555,Champions
15189,1,41,16225.39,2011-12-08 13:22:00,5,5,5,555,Champions
15192,120,3,1044.32,2011-08-12 11:41:00,2,3,4,234,At Risk
15193,61,1,499.32,2011-10-10 08:23:00,3,1,3,313,Other
15194,3,15,7616.53,2011-12-06 15:10:00,5,5,5,555,Champions
15195,3,1,3861.0,2011-12-07 12:20:00,5,1,5,515,New Customers
15197,11,3,1079.61,2011-11-29 10:00:00,5,3,4,534,Potential Loyalists
15198,92,2,193.64,2011-09-08 14:42:00,2,2,1,221,Lost Customers
15199,59,4,1268.7,2011-10-11 15:12:00,3,4,4,344,Loyal Customers
15201,87,5,1236.54,2011-09-13 14:53:00,2,4,4,244,At Risk
15203,26,6,1827.8,2011-11-14 08:16:00,4,4,4,444,Champions
15204,357,1,316.58,2010-12-17 13:49:00,1,1,2,112,Lost Customers
15205,85,2,653.24,2011-09-15 19:36:00,2,2,3,223,Lost Customers
15206,10,4,420.3,2011-11-29 13:41:00,5,4,2,542,Loyal Customers
15208,1,5,870.12,2011-12-08 17:24:00,5,4,3,543,Loyal Customers
15210,225,1,331.18,2011-04-28 16:11:00,1,1,2,112,Lost Customers
15211,60,2,894.4100000000001,2011-10-10 13:31:00,3,2,3,323,Other
15212,241,1,101.8,2011-04-12 13:45:00,1,1,1,111,Lost Customers
15213,319,2,328.35,2011-01-25 12:21:00,1,2,2,122,Lost Customers
15214,2,8,1661.44,2011-12-08 12:07:00,5,5,4,554,Champions
15215,47,3,734.94,2011-10-24 11:41:00,3,3,3,333,Other
15216,88,1,96.6,2011-09-13 11:41:00,2,1,1,211,Lost Customers
15218,11,11,5756.89,2011-11-29 11:48:00,5,5,5,555,Champions
15219,176,1,305.75,2011-06-16 16:57:00,2,1,2,212,Lost Customers
15220,52,6,1778.96,2011-10-19 12:39:00,3,4,4,344,Loyal Customers
15221,366,1,403.25,2010-12-08 13:08:00,1,1,2,112,Lost Customers
15222,319,1,585.0,2011-01-25 08:03:00,1,1,3,113,Lost Customers
15223,226,2,755.75,2011-04-28 11:31:00,1,2,3,123,Lost Customers
15224,358,2,322.08,2010-12-16 15:02:00,1,2,2,122,Lost Customers
15225,234,1,409.40000000000003,2011-04-19 14:51:00,1,1,2,112,Lost Customers
15226,311,1,154.41,2011-02-02 11:41:00,1,1,1,111,Lost Customers
15227,37,5,1219.4,2011-11-03 11:59:00,3,4,4,344,Loyal Customers
15228,66,4,3386.71,2011-10-04 13:56:00,3,4,5,345,Loyal Customers
15230,239,2,429.6,2011-04-14 14:39:00,1,2,2,122,Lost Customers
15232,113,2,612.06,2011-08-18 16:27:00,2,2,3,223,Lost Customers
15234,277,1,197.0,2011-03-08 08:53:00,1,1,1,111,Lost Customers
15235,218,12,2247.51,2011-05-06 09:44:00,1,5,5,155,At Risk
15236,299,1,321.05,2011-02-14 10:52:00,1,1,2,112,Lost Customers
15237,2,4,1412.32,2011-12-08 09:46:00,5,4,4,544,Champions
15238,29,3,1071.99,2011-11-10 14:28:00,4,3,4,434,Potential Loyalists
15239,10,2,780.59,2011-11-29 14:14:00,5,2,3,523,Potential Loyalists
15240,45,5,1706.57,2011-10-26 09:50:00,3,4,4,344,Loyal Customers
15241,67,8,1756.44,2011-10-04 09:05:00,3,5,4,354,Loyal Customers
15243,74,1,316.68,2011-09-26 14:12:00,2,1,2,212,Lost Customers
15244,65,2,631.57,2011-10-05 13:19:00,3,2,3,323,Other
15245,134,3,2515.84,2011-07-28 18:56:00,2,3,5,235,At Risk
15246,238,2,514.15,2011-04-15 14:45:00,1,2,3,123,Lost Customers
15247,122,1,356.0,2011-08-09 12:52:00,2,1,2,212,Lost Customers
15249,32,13,6688.46,2011-11-08 11:45:00,4,5,5,455,Champions
15251,9,11,10484.99,2011-11-30 15:02:00,5,5,5,555,Champions
15252,36,2,740.78,2011-11-03 13:30:00,3,2,3,323,Other
15253,16,5,918.2,2011-11-23 16:22:00,4,4,3,443,Loyal Customers
15254,127,1,300.36,2011-08-04 15:04:00,2,1,2,212,Lost Customers
15255,67,1,890.85,2011-10-04 12:43:00,3,1,3,313,Other
15256,149,1,98.45,2011-07-14 11:47:00,2,1,1,211,Lost Customers
15257,283,1,317.15,2011-03-01 12:58:00,1,1,2,112,Lost Customers
15258,169,2,623.16,2011-06-24 12:30:00,2,2,3,223,Lost Customers
15260,100,7,1810.77,2011-08-31 13:55:00,2,5,4,254,At Risk
15261,135,1,254.82,2011-07-27 15:20:00,2,1,2,212,Lost Customers
15262,324,1,178.95000000000002,2011-01-20 12:16:00,1,1,1,111,Lost Customers
15263,107,1,156.51,2011-08-25 10:26:00,2,1,1,211,Lost Customers
15264,64,1,393.74,2011-10-06 13:49:00,3,1,2,312,Other
15265,151,2,1506.1200000000001,2011-07-11 14:46:00,2,2,4,224,At Risk
15266,338,1,119.3,2011-01-05 13:40:00,1,1,1,111,Lost Customers
15267,22,5,1717.36,2011-11-17 15:59:00,4,4,4,444,Champions
15269,24,1,408.8,2011-11-16 09:32:00,4,1,2,412,New Customers
15270,16,7,2379.49,2011-11-24 09:24:00,4,5,5,455,Champions
15271,7,15,2493.34,2011-12-02 14:11:00,5,5,5,555,Champions
15272,57,2,721.94,2011-10-13 12:59:00,3,2,3,323,Other
15274,4,2,716.57,2011-12-05 16:57:00,5,2,3,523,Potential Loyalists
15275,38,1,615.14,2011-11-02 11:20:00,3,1,3,313,Other
15276,66,1,128.63,2011-10-04 16:39:00,3,1,1,311,Other
15277,47,1,255.89999999999998,2011-10-24 10:08:00,3,1,2,312,Other
15279,355,1,290.51,2010-12-20 10:48:00,1,1,2,112,Lost Customers
15280,172,1,113.12,2011-06-20 17:14:00,2,1,1,211,Lost Customers
15281,59,9,2332.15,2011-10-12 09:10:00,3,5,5,355,Loyal Customers
15286,50,1,240.55,2011-10-21 11:08:00,3,1,1,311,Other
15287,22,2,486.69,2011-11-17 15:34:00,4,2,2,422,Potential Loyalists
15288,43,5,2306.52,2011-10-27 16:58:00,3,4,5,345,Loyal Customers
15289,29,3,939.78,2011-11-10 13:49:00,4,3,4,434,Potential Loyalists
15290,5,18,7943.22,2011-12-05 11:39:00,5,5,5,555,Champions
15291,26,15,4668.3,2011-11-14 11:02:00,4,5,5,455,Champions
15292,201,1,178.39,2011-05-22 15:00:00,1,1,1,111,Lost Customers
15296,51,6,3672.86,2011-10-20 11:47:00,3,4,5,345,Loyal Customers
15297,10,3,641.94,2011-11-29 16:32:00,5,3,3,533,Potential Loyalists
15298,2,12,4799.9,2011-12-07 17:17:00,5,5,5,555,Champions
15299,67,7,4507.01,2011-10-03 14:19:00,3,5,5,355,Loyal Customers
15300,64,1,496.44,2011-10-06 17:08:00,3,1,3,313,Other
15301,51,12,5049.95,2011-10-20 09:57:00,3,5,5,355,Loyal Customers
15303,290,1,574.02,2011-02-22 13:59:00,1,1,3,113,Lost Customers
15304,61,8,694.4,2011-10-10 10:23:00,3,5,3,353,Loyal Customers
15306,64,3,1174.3500000000001,2011-10-06 12:56:00,3,3,4,334,Other
15307,96,1,205.3,2011-09-05 11:38:00,2,1,1,211,Lost Customers
15308,274,1,310.47,2011-03-10 13:08:00,1,1,2,112,Lost Customers
15311,1,91,60632.75,2011-12-09 12:00:00,5,5,5,555,Champions
15312,75,4,924.85,2011-09-25 13:10:00,2,4,3,243,At Risk
15313,110,1,52.0,2011-08-21 16:02:00,2,1,1,211,Lost Customers
15314,199,1,327.97,2011-05-24 14:39:00,1,1,2,112,Lost Customers
15315,64,2,570.5,2011-10-06 12:51:00,3,2,3,323,Other
15316,327,1,165.0,2011-01-17 11:34:00,1,1,1,111,Lost Customers
15318,4,1,312.62,2011-12-06 11:30:00,5,1,2,512,New Customers
15319,284,1,204.5,2011-03-01 12:48:00,1,1,1,111,Lost Customers
15320,44,1,267.13,2011-10-26 13:27:00,3,1,2,312,Other
15321,71,3,2748.31,2011-09-30 09:40:00,3,3,5,335,Other
15322,86,1,679.68,2011-09-15 09:34:00,2,1,3,213,Lost Customers
15325,104,1,161.74,2011-08-28 11:55:00,2,1,1,211,Lost Customers
15326,334,1,311.71,2011-01-10 11:38:00,1,1,2,112,Lost Customers
15327,53,1,208.75,2011-10-18 11:55:00,3,1,1,311,Other
15329,39,3,1049.7,2011-10-31 15:36:00,3,3,4,334,Other
15330,32,2,714.9599999999999,2011-11-07 17:50:00,4,2,3,423,Potential Loyalists
15332,366,4,1661.06,2010-12-08 14:43:00,1,4,4,144,At Risk
15333,208,1,1028.56,2011-05-15 13:27:00,1,1,4,114,At Risk
15334,157,3,350.82,2011-07-06 11:22:00,2,3,2,232,At Risk
15335,54,1,170.22,2011-10-17 12:50:00,3,1,1,311,Other
15339,66,2,574.07,2011-10-04 12:51:00,3,2,3,323,Other
15341,81,1,2020.52,2011-09-20 09:40:00,2,1,4,214,At Risk
15342,130,1,406.09000000000003,2011-08-02 10:19:00,2,1,2,212,Lost Customers
15343,87,1,364.5,2011-09-13 13:55:00,2,1,2,212,Lost Customers
15344,1,3,563.94,2011-12-09 10:45:00,5,3,3,533,Potential Loyalists
15345,46,1,393.54,2011-10-25 11:28:00,3,1,2,312,Other
15346,333,1,252.42000000000002,2011-01-11 11:18:00,1,1,2,112,Lost Customers
15347,366,1,201.60000000000002,2010-12-08 15:25:00,1,1,1,111,Lost Customers
15348,72,1,158.04,2011-09-28 13:17:00,2,1,1,211,Lost Customers
15349,158,2,463.91,2011-07-04 16:06:00,2,2,2,222,Lost Customers
15350,373,1,115.65,2010-12-01 13:33:00,1,1,1,111,Lost Customers
15351,12,7,1934.66,2011-11-27 12:52:00,5,5,4,554,Champions
15353,255,2,770.12,2011-03-30 12:15:00,1,2,3,123,Lost Customers
15355,29,2,277.05,2011-11-10 13:44:00,4,2,2,422,Potential Loyalists
15356,31,10,2718.03,2011-11-08 13:11:00,4,5,5,455,Champions
15358,5,22,8347.2,2011-12-05 09:04:00,5,5,5,555,Champions
15360,40,1,427.93,2011-10-31 09:35:00,3,1,2,312,Other
15361,362,1,418.92,2010-12-13 09:52:00,1,1,2,112,Lost Customers
15363,373,1,326.0,2010-12-02 12:28:00,1,1,2,112,Lost Customers
15364,96,2,913.19,2011-09-05 09:46:00,2,2,3,223,Lost Customers
15365,26,7,2314.32,2011-11-14 08:29:00,4,5,5,455,Champions
15366,75,2,602.51,2011-09-25 15:01:00,2,2,3,223,Lost Customers
15367,57,4,1877.5900000000001,2011-10-13 14:13:00,3,4,4,344,Loyal Customers
15368,21,1,446.94000000000005,2011-11-18 14:42:00,4,1,2,412,New Customers
15370,41,7,2386.05,2011-10-30 10:58:00,3,5,5,355,Loyal Customers
15372,137,1,2007.4,2011-07-25 16:39:00,2,1,4,214,At Risk
15373,8,12,2415.91,2011-12-01 15:05:00,5,5,5,555,Champions
15374,129,1,168.0,2011-08-03 09:59:00,2,1,1,211,Lost Customers
15376,40,3,1221.56,2011-10-30 15:04:00,3,3,4,334,Other
15379,169,7,3703.29,2011-06-23 13:13:00,2,5,5,255,At Risk
15380,9,5,1690.26,2011-12-01 12:13:00,5,4,4,544,Champions
15381,214,2,596.85,2011-05-10 11:55:00,1,2,3,123,Lost Customers
15382,15,6,5955.71,2011-11-25 10:58:00,4,4,5,445,Champions
15384,170,2,642.41,2011-06-23 10:57:00,2,2,3,223,Lost Customers
15385,40,1,316.88,2011-10-30 15:11:00,3,1,2,312,Other
15386,186,1,394.14,2011-06-06 13:47:00,1,1,2,112,Lost Customers
15388,270,1,140.54,2011-03-14 13:53:00,1,1,1,111,Lost Customers
15389,172,1,500.0,2011-06-20 16:18:00,2,1,3,213,Lost Customers
15392,5,4,1535.53,2011-12-05 11:01:00,5,4,4,544,Champions
15393,16,2,231.86,2011-11-23 16:48:00,4,2,1,421,Potential Loyalists
15394,10,4,2183.54,2011-11-30 11:49:00,5,4,5,545,Champions
15395,326,1,107.45,2011-01-18 12:40:00,1,1,1,111,Lost Customers
15396,113,1,288.18,2011-08-19 10:56:00,2,1,2,212,Lost Customers
15397,290,1,94.0,2011-02-23 09:25:00,1,1,1,111,Lost Customers
15398,16,2,1345.53,2011-11-23 16:47:00,4,2,4,424,Potential Loyalists
15399,1,3,815.77,2011-12-08 13:04:00,5,3,3,533,Potential Loyalists
15400,92,5,716.2,2011-09-08 13:57:00,2,4,3,243,At Risk
15402,149,2,626.77,2011-07-14 12:17:00,2,2,3,223,Lost Customers
15405,189,1,349.1,2011-06-03 14:44:00,1,1,2,112,Lost Customers
15406,31,2,510.71000000000004,2011-11-08 13:22:00,4,2,3,423,Potential Loyalists
15407,34,4,1046.74,2011-11-06 11:55:00,3,4,4,344,Loyal Customers
15408,264,1,267.18,2011-03-20 15:02:00,1,1,2,112,Lost Customers
15410,84,8,3450.84,2011-09-16 14:47:00,2,5,5,255,At Risk
15411,26,4,1348.93,2011-11-13 15:19:00,4,4,4,444,Champions
15412,171,1,190.53,2011-06-21 15:24:00,2,1,1,211,Lost Customers
15414,10,3,774.9000000000001,2011-11-30 09:50:00,5,3,3,533,Potential Loyalists
15415,313,1,559.61,2011-01-30 14:13:00,1,1,3,113,Lost Customers
15416,65,4,3984.32,2011-10-06 09:38:00,3,4,5,345,Loyal Customers
15417,85,1,508.8,2011-09-15 15:26:00,2,1,3,213,Lost Customers
15419,25,1,135.86,2011-11-15 09:23:00,4,1,1,411,New Customers
15421,59,4,950.36,2011-10-12 09:20:00,3,4,4,344,Loyal Customers
15422,323,2,97.7,2011-01-20 16:17:00,1,2,1,121,Lost Customers
15423,38,1,43.5,2011-11-01 14:01:00,3,1,1,311,Other
15424,254,2,383.34,2011-03-30 13:02:00,1,2,2,122,Lost Customers
15426,19,5,1404.07,2011-11-20 15:36:00,4,4,4,444,Champions
15427,33,3,1430.54,2011-11-06 14:29:00,3,3,4,334,Other
15428,15,1,93.78,2011-11-24 16:54:00,4,1,1,411,New Customers
15429,27,2,397.35,2011-11-13 12:28:00,4,2,2,422,Potential Loyalists
15432,23,1,171.19000000000003,2011-11-16 16:30:00,4,1,1,411,New Customers
15433,214,2,533.3,2011-05-10 10:45:00,1,2,3,123,Lost Customers
15434,8,5,1041.48,2011-12-01 13:33:00,5,4,4,544,Champions
15435,22,1,149.29,2011-11-17 16:39:00,4,1,1,411,New Customers
15436,12,3,1067.75,2011-11-27 16:05:00,5,3,4,534,Potential Loyalists
15437,262,1,200.16,2011-03-22 13:11:00,1,1,1,111,Lost Customers
15438,131,1,156.57999999999998,2011-07-31 14:19:00,2,1,1,211,Lost Customers
15440,55,3,383.68,2011-10-16 12:16:00,3,3,2,332,Other
15442,249,1,594.0,2011-04-05 12:24:00,1,1,3,113,Lost Customers
15443,2,7,3213.59,2011-12-08 10:40:00,5,5,5,555,Champions
15444,9,2,1411.21,2011-11-30 17:37:00,5,2,4,524,Potential Loyalists
15445,264,1,113.5,2011-03-20 15:06:00,1,1,1,111,Lost Customers
15447,331,1,155.17000000000002,2011-01-13 11:26:00,1,1,1,111,Lost Customers
15448,313,1,494.64,2011-01-31 10:42:00,1,1,3,113,Lost Customers
15449,26,3,974.52,2011-11-13 15:02:00,4,3,4,434,Potential Loyalists
15450,30,1,429.84,2011-11-09 17:11:00,4,1,2,412,New Customers
15452,30,3,528.48,2011-11-10 12:13:00,4,3,3,433,Potential Loyalists
15453,2,7,1371.77,2011-12-08 10:59:00,5,5,4,554,Champions
15454,362,1,179.1,2010-12-12 14:21:00,1,1,1,111,Lost Customers
15456,283,3,434.59,2011-03-01 13:51:00,1,3,2,132,At Risk
15457,262,1,237.07,2011-03-22 15:31:00,1,1,1,111,Lost Customers
15458,25,1,161.64,2011-11-14 13:08:00,4,1,1,411,New Customers
15460,354,1,214.26,2010-12-20 16:08:00,1,1,1,111,Lost Customers
15462,94,3,234.6,2011-09-06 13:11:00,2,3,1,231,At Risk
15463,29,1,126.14,2011-11-10 12:57:00,4,1,1,411,New Customers
15464,338,1,1044.65,2011-01-05 15:56:00,1,1,4,114,At Risk
15465,20,18,7354.62,2011-11-20 10:11:00,4,5,5,455,Champions
15466,85,1,334.53,2011-09-15 14:08:00,2,1,2,212,Lost Customers
15467,9,3,524.88,2011-11-30 14:17:00,5,3,3,533,Potential Loyalists
15468,51,2,467.51,2011-10-19 13:49:00,3,2,2,322,Other
15469,50,2,538.55,2011-10-20 16:21:00,3,2,3,323,Other
15471,2,1,454.48,2011-12-07 14:12:00,5,1,2,512,New Customers
15472,113,1,371.56,2011-08-18 15:17:00,2,1,2,212,Lost Customers
15473,14,7,1771.2,2011-11-25 15:15:00,4,5,4,454,Champions
15475,77,1,454.11,2011-09-23 15:20:00,2,1,2,212,Lost Customers
15478,40,2,1399.92,2011-10-30 14:19:00,3,2,4,324,Other
15480,116,1,905.5,2011-08-15 14:32:00,2,1,3,213,Lost Customers
15482,16,12,10879.76,2011-11-24 10:46:00,4,5,5,455,Champions
15483,161,4,225.26,2011-07-01 13:07:00,2,4,1,241,At Risk
15484,1,4,3590.41,2011-12-08 15:03:00,5,4,5,545,Champions
15485,30,3,2564.5,2011-11-09 14:31:00,4,3,5,435,Potential Loyalists
15488,93,1,91.32000000000001,2011-09-08 10:11:00,2,1,1,211,Lost Customers
15489,23,3,1134.28,2011-11-17 08:53:00,4,3,4,434,Potential Loyalists
15491,95,6,3100.09,2011-09-05 15:56:00,2,4,5,245,At Risk
15492,28,2,659.46,2011-11-11 14:53:00,4,2,3,423,Potential Loyalists
15493,33,5,1953.41,2011-11-07 12:04:00,3,4,4,344,Loyal Customers
15494,21,2,1280.58,2011-11-18 14:51:00,4,2,4,424,Potential Loyalists
15497,18,2,1262.2,2011-11-22 11:51:00,4,2,4,424,Potential Loyalists
15498,3,27,13316.4,2011-12-07 12:48:00,5,5,5,555,Champions
15500,8,4,1131.56,2011-12-01 13:47:00,5,4,4,544,Champions
15502,16,12,10384.93,2011-11-24 12:48:00,4,5,5,455,Champions
15503,363,1,141.04,2010-12-12 10:57:00,1,1,1,111,Lost Customers
15504,81,1,52.83,2011-09-19 13:45:00,2,1,1,211,Lost Customers
15505,53,5,3610.96,2011-10-18 07:56:00,3,4,5,345,Loyal Customers
15506,23,3,972.08,2011-11-17 12:11:00,4,3,4,434,Potential Loyalists
15507,172,1,475.86,2011-06-21 11:19:00,2,1,2,212,Lost Customers
15508,189,6,1000.27,2011-06-03 15:43:00,1,4,4,144,At Risk
15510,331,1,250.0,2011-01-13 12:10:00,1,1,2,112,Lost Customers
15511,12,5,900.53,2011-11-28 09:43:00,5,4,3,543,Loyal Customers
15512,156,2,121.0,2011-07-07 10:20:00,2,2,1,221,Lost Customers
15513,33,19,14758.22,2011-11-06 14:36:00,3,5,5,355,Loyal Customers
15514,12,11,4023.7200000000003,2011-11-27 14:40:00,5,5,5,555,Champions
15516,45,3,62.43,2011-10-26 10:51:00,3,3,1,331,Other
15517,233,1,267.03,2011-04-20 14:02:00,1,1,2,112,Lost Customers
15518,64,8,1921.55,2011-10-06 13:05:00,3,5,4,354,Loyal Customers
15520,2,1,343.5,2011-12-08 10:58:00,5,1,2,512,New Customers
15521,40,8,3000.2,2011-10-30 13:42:00,3,5,5,355,Loyal Customers
15522,33,2,397.99,2011-11-07 11:26:00,3,2,2,322,Other
15523,84,1,412.01000000000005,2011-09-16 16:29:00,2,1,2,212,Lost Customers
15524,25,1,440.0,2011-11-15 12:09:00,4,1,2,412,New Customers
15525,2,3,734.37,2011-12-07 14:43:00,5,3,3,533,Potential Loyalists
15526,33,2,148.44,2011-11-06 15:04:00,3,2,1,321,Other
15527,19,8,2428.53,2011-11-21 12:17:00,4,5,5,455,Champions
15528,254,1,229.33,2011-03-30 16:14:00,1,1,1,111,Lost Customers
15529,23,11,3962.6,2011-11-17 11:29:00,4,5,5,455,Champions
15530,22,4,1497.31,2011-11-18 12:25:00,4,4,4,444,Champions
15531,8,2,1972.39,2011-12-01 18:43:00,5,2,4,524,Potential Loyalists
15532,25,4,1564.73,2011-11-14 14:51:00,4,4,4,444,Champions
15533,19,3,807.57,2011-11-20 15:35:00,4,3,3,433,Potential Loyalists
15535,173,4,502.9,2011-06-19 16:02:00,2,4,3,243,At Risk
15537,163,1,110.92,2011-06-29 13:10:00,2,1,1,211,Lost Customers
15539,7,1,538.46,2011-12-02 13:36:00,5,1,3,513,New Customers
15540,11,1,213.3,2011-11-28 13:51:00,5,1,1,511,New Customers
15541,114,1,85.13000000000001,2011-08-17 14:58:00,2,1,1,211,Lost Customers
15543,288,1,127.86,2011-02-24 15:26:00,1,1,1,111,Lost Customers
15544,9,9,3546.71,2011-11-30 16:43:00,5,5,5,555,Champions
15545,54,2,288.96999999999997,2011-10-16 13:24:00,3,2,2,322,Other
15547,7,14,4910.6,2011-12-02 12:52:00,5,5,5,555,Champions
15549,77,3,1681.46,2011-09-23 16:22:00,2,3,4,234,At Risk
15550,4,4,575.63,2011-12-05 15:38:00,5,4,3,543,Loyal Customers
15551,37,1,436.06,2011-11-03 12:37:00,3,1,2,312,Other
15552,217,1,90.12,2011-05-06 14:47:00,1,1,1,111,Lost Customers
15553,60,1,428.93,2011-10-10 14:02:00,3,1,2,312,Other
15554,278,1,217.2,2011-03-07 09:00:00,1,1,1,111,Lost Customers
15555,12,16,4794.86,2011-11-27 16:19:00,5,5,5,555,Champions
15556,24,1,279.77,2011-11-15 16:08:00,4,1,2,412,New Customers
15557,29,1,468.91,2011-11-11 12:46:00,4,1,2,412,New Customers
15561,12,4,800.5899999999999,2011-11-28 11:07:00,5,4,3,543,Loyal Customers
15562,352,1,134.55,2010-12-23 09:55:00,1,1,1,111,Lost Customers
15563,22,4,1400.44,2011-11-17 14:50:00,4,4,4,444,Champions
15565,50,2,173.16000000000003,2011-10-20 14:33:00,3,2,1,321,Other
15567,19,1,186.01,2011-11-21 10:48:00,4,1,1,411,New Customers
15568,3,3,758.29,2011-12-07 11:27:00,5,3,3,533,Potential Loyalists
15569,104,5,1375.71,2011-08-28 10:15:00,2,4,4,244,At Risk
15570,7,12,4148.82,2011-12-02 14:47:00,5,5,5,555,Champions
15571,12,4,650.4300000000001,2011-11-28 10:02:00,5,4,3,543,Loyal Customers
15572,5,7,2533.42,2011-12-05 10:09:00,5,5,5,555,Champions
15573,32,2,591.1899999999999,2011-11-08 11:38:00,4,2,3,423,Potential Loyalists
15574,178,4,675.64,2011-06-15 12:01:00,2,4,3,243,At Risk
15576,38,1,921.37,2011-11-02 12:03:00,3,1,3,313,Other
15577,151,3,258.88,2011-07-11 17:03:00,2,3,2,232,At Risk
15578,162,1,127.1,2011-06-30 13:03:00,2,1,1,211,Lost Customers
15579,69,2,327.6,2011-10-02 12:45:00,3,2,2,322,Other
15581,121,13,3675.77,2011-08-11 09:38:00,2,5,5,255,At Risk
15582,25,3,682.9100000000001,2011-11-15 09:55:00,4,3,3,433,Potential Loyalists
15584,24,4,720.86,2011-11-16 10:55:00,4,4,3,443,Loyal Customers
15585,177,1,455.3,2011-06-16 08:38:00,2,1,2,212,Lost Customers
15587,50,4,913.68,2011-10-20 13:37:00,3,4,3,343,Loyal Customers
15589,256,3,478.53,2011-03-29 09:54:00,1,3,2,132,At Risk
15592,47,1,388.58,2011-10-24 08:59:00,3,1,2,312,Other
15593,71,1,199.8,2011-09-30 11:46:00,3,1,1,311,Other
15594,16,5,1771.78,2011-11-24 08:53:00,4,4,4,444,Champions
15596,101,5,1406.59,2011-08-31 10:55:00,2,4,4,244,At Risk
15597,35,1,324.57,2011-11-04 13:26:00,3,1,2,312,Other
15598,53,1,240.68,2011-10-17 16:04:00,3,1,1,311,Other
15599,27,2,761.74,2011-11-13 11:44:00,4,2,3,423,Potential Loyalists
15601,11,14,6776.56,2011-11-28 15:15:00,5,5,5,555,Champions
15602,8,9,1297.8700000000001,2011-12-01 14:14:00,5,5,4,554,Champions
15603,79,1,48.480000000000004,2011-09-22 10:04:00,2,1,1,211,Lost Customers
15604,52,1,216.39000000000001,2011-10-18 14:47:00,3,1,1,311,Other
15605,36,5,1198.23,2011-11-03 14:17:00,3,4,4,344,Loyal Customers
15606,61,9,2920.16,2011-10-09 15:47:00,3,5,5,355,Loyal Customers
15607,337,1,104.76,2011-01-07 12:44:00,1,1,1,111,Lost Customers
15608,28,4,1093.68,2011-11-11 13:20:00,4,4,4,444,Champions
15609,184,1,298.48,2011-06-08 13:00:00,1,1,2,112,Lost Customers
15610,52,1,112.46000000000001,2011-10-19 10:36:00,3,1,1,311,Other
15611,10,13,1591.45,2011-11-30 12:36:00,5,5,4,554,Champions
15612,36,2,195.15,2011-11-03 14:52:00,3,2,1,321,Other
15615,10,23,10399.74,2011-11-29 14:42:00,5,5,5,555,Champions
15618,33,4,776.851,2011-11-07 08:34:00,3,4,3,343,Loyal Customers
15619,11,1,336.4,2011-11-29 08:14:00,5,1,2,512,New Customers
15620,57,3,1553.18,2011-10-14 12:41:00,3,3,4,334,Other
15621,4,4,1293.03,2011-12-05 14:01:00,5,4,4,544,Champions
15622,43,9,3709.56,2011-10-27 16:44:00,3,5,5,355,Loyal Customers
15623,141,1,301.03000000000003,2011-07-21 17:26:00,2,1,2,212,Lost Customers
15624,117,4,588.13,2011-08-15 11:38:00,2,4,3,243,At Risk
15625,104,4,1534.26,2011-08-28 10:21:00,2,4,4,244,At Risk
15626,75,2,675.8,2011-09-26 10:03:00,2,2,3,223,Lost Customers
15628,5,9,2870.2400000000002,2011-12-05 10:24:00,5,5,5,555,Champions
15630,45,2,1186.35,2011-10-25 15:36:00,3,2,4,324,Other
15632,16,8,3285.31,2011-11-24 09:51:00,4,5,5,455,Champions
15634,17,1,243.55,2011-11-22 16:28:00,4,1,1,411,New Customers
15636,90,2,724.76,2011-09-11 11:17:00,2,2,3,223,Lost Customers
15637,53,1,223.36,2011-10-18 08:28:00,3,1,1,311,Other
15639,134,1,425.32,2011-07-28 14:30:00,2,1,2,212,Lost Customers
15640,4,15,12416.11,2011-12-05 14:35:00,5,5,5,555,Champions
15641,105,4,1887.2,2011-08-26 14:04:00,2,4,4,244,At Risk
15643,192,3,664.0,2011-06-01 07:38:00,1,3,3,133,At Risk
15644,166,4,803.54,2011-06-26 14:54:00,2,4,3,243,At Risk
15645,19,1,612.01,2011-11-21 11:55:00,4,1,3,413,New Customers
15646,158,3,447.64000000000004,2011-07-05 09:53:00,2,3,2,232,At Risk
15648,204,2,639.5,2011-05-19 15:53:00,1,2,3,123,Lost Customers
15649,336,2,816.0,2011-01-07 13:34:00,1,2,3,123,Lost Customers
15651,37,3,646.3,2011-11-03 08:41:00,3,3,3,333,Other
15652,91,1,337.74,2011-09-09 14:22:00,2,1,2,212,Lost Customers
15653,93,2,877.44,2011-09-08 10:49:00,2,2,3,223,Lost Customers
15654,9,2,922.53,2011-11-30 13:08:00,5,2,3,523,Potential Loyalists
15655,243,1,560.6700000000001,2011-04-10 15:25:00,1,1,3,113,Lost Customers
15656,45,4,748.5,2011-10-25 14:56:00,3,4,3,343,Loyal Customers
15657,23,1,30.0,2011-11-17 12:19:00,4,1,1,411,New Customers
15658,190,5,1024.1000000000001,2011-06-02 15:22:00,1,4,4,144,At Risk
15659,44,1,306.45,2011-10-27 09:23:00,3,1,2,312,Other
15660,25,9,1600.86,2011-11-14 16:58:00,4,5,4,454,Champions
15661,317,2,309.8,2011-01-26 13:56:00,1,2,2,122,Lost Customers
15663,106,1,138.14,2011-08-25 15:50:00,2,1,1,211,Lost Customers
15664,51,1,386.43,2011-10-20 10:57:00,3,1,2,312,Other
15665,168,2,2222.21,2011-06-24 14:57:00,2,2,5,225,At Risk
15667,40,1,301.32000000000005,2011-10-31 10:56:00,3,1,2,312,Other
15668,218,1,76.32000000000001,2011-05-06 10:39:00,1,1,1,111,Lost Customers
15669,40,4,684.34,2011-10-30 16:03:00,3,4,3,343,Loyal Customers
15670,297,1,173.05,2011-02-16 10:50:00,1,1,1,111,Lost Customers
15671,19,7,2657.13,2011-11-21 12:43:00,4,5,5,455,Champions
15673,88,4,2726.23,2011-09-12 16:12:00,2,4,5,245,At Risk
15674,73,5,2446.6,2011-09-27 15:17:00,2,4,5,245,At Risk
15675,81,3,323.69,2011-09-19 13:48:00,2,3,2,232,At Risk
15676,19,3,3435.76,2011-11-21 12:40:00,4,3,5,435,Potential Loyalists
15677,49,1,657.23,2011-10-21 15:36:00,3,1,3,313,Other
15678,53,1,352.7,2011-10-18 09:25:00,3,1,2,312,Other
15679,24,4,781.28,2011-11-15 16:19:00,4,4,3,443,Loyal Customers
15680,9,3,1333.68,2011-11-30 13:46:00,5,3,4,534,Potential Loyalists
15681,25,5,1426.16,2011-11-14 16:30:00,4,4,4,444,Champions
15683,117,1,193.75,2011-08-14 12:56:00,2,1,1,211,Lost Customers
15687,9,9,2993.1,2011-12-01 08:33:00,5,5,5,555,Champions
15689,120,2,254.1,2011-08-12 09:37:00,2,2,2,222,Lost Customers
15690,4,2,239.76,2011-12-05 15:59:00,5,2,1,521,Potential Loyalists
15691,252,1,136.8,2011-04-01 15:13:00,1,1,1,111,Lost Customers
15692,28,1,191.04,2011-11-11 14:12:00,4,1,1,411,New Customers
15694,1,14,6479.4,2011-12-09 09:44:00,5,5,5,555,Champions
15695,267,2,409.98,2011-03-18 08:32:00,1,2,2,122,Lost Customers
15696,33,8,2711.11,2011-11-06 14:02:00,3,5,5,355,Loyal Customers
15699,18,1,309.65,2011-11-22 08:26:00,4,1,2,412,New Customers
15700,172,2,696.68,2011-06-20 16:53:00,2,2,3,223,Lost Customers
15701,2,4,1529.0,2011-12-07 14:39:00,5,4,4,544,Champions
15703,265,1,211.5,2011-03-20 10:51:00,1,1,1,111,Lost Customers
15704,140,4,2293.62,2011-07-22 13:35:00,2,4,5,245,At Risk
15705,201,1,143.1,2011-05-22 15:37:00,1,1,1,111,Lost Customers
15706,64,4,1060.56,2011-10-07 10:09:00,3,4,4,344,Loyal Customers
15707,35,4,916.98,2011-11-04 14:35:00,3,4,3,343,Loyal Customers
15708,41,7,3235.25,2011-10-30 10:54:00,3,5,5,355,Loyal Customers
15709,284,1,133.25,2011-03-01 10:38:00,1,1,1,111,Lost Customers
15712,9,5,1072.3600000000001,2011-11-30 14:09:00,5,4,4,544,Champions
15713,143,2,356.7,2011-07-19 13:34:00,2,2,2,222,Lost Customers
15714,12,2,330.03000000000003,2011-11-28 11:26:00,5,2,2,522,Potential Loyalists
15716,146,4,1101.11,2011-07-17 11:59:00,2,4,4,244,At Risk
15717,234,1,150.3,2011-04-19 13:21:00,1,1,1,111,Lost Customers
15719,33,13,5030.07,2011-11-07 12:29:00,3,5,5,355,Loyal Customers
15720,24,1,598.73,2011-11-15 14:48:00,4,1,3,413,New Customers
15721,12,1,471.40000000000003,2011-11-28 12:14:00,5,1,2,512,New Customers
15722,36,5,2211.21,2011-11-04 11:43:00,3,4,5,345,Loyal Customers
15723,365,1,190.70000000000002,2010-12-10 11:12:00,1,1,1,111,Lost Customers
15724,201,2,218.25,2011-05-22 14:40:00,1,2,1,121,Lost Customers
15725,15,1,415.25,2011-11-24 14:51:00,4,1,2,412,New Customers
15727,17,7,5159.06,2011-11-23 12:36:00,4,5,5,455,Champions
15729,213,1,85.0,2011-05-11 12:36:00,1,1,1,111,Lost Customers
15730,66,3,1120.88,2011-10-05 12:31:00,3,3,4,334,Other
15732,212,2,294.12,2011-05-11 14:24:00,1,2,2,122,Lost Customers
15733,283,1,162.3,2011-03-02 09:05:00,1,1,1,111,Lost Customers
15734,115,2,1339.45,2011-08-17 10:50:00,2,2,4,224,At Risk
15737,15,8,1188.1200000000001,2011-11-25 11:21:00,4,5,4,454,Champions
15738,19,16,4812.42,2011-11-21 08:26:00,4,5,5,455,Champions
15739,66,1,449.12,2011-10-04 13:42:00,3,1,2,312,Other
15740,49,1,154.88,2011-10-21 14:29:00,3,1,1,311,Other
15743,16,4,775.96,2011-11-23 17:19:00,4,4,3,443,Loyal Customers
15744,78,1,34.8,2011-09-23 09:52:00,2,1,1,211,Lost Customers
15745,19,4,1094.5900000000001,2011-11-20 13:45:00,4,4,4,444,Champions
15746,134,1,196.88,2011-07-28 15:21:00,2,1,1,211,Lost Customers
15747,13,3,946.64,2011-11-27 12:26:00,5,3,4,534,Potential Loyalists
15748,40,1,144.36,2011-10-30 12:51:00,3,1,1,311,Other
15749,235,3,44534.3,2011-04-18 13:20:00,1,3,5,135,At Risk
15750,3,8,2463.05,2011-12-07 12:34:00,5,5,5,555,Champions
15752,40,7,2626.6,2011-10-31 11:37:00,3,5,5,355,Loyal Customers
15753,305,1,79.2,2011-02-08 12:41:00,1,1,1,111,Lost Customers
15754,51,3,458.57,2011-10-19 14:40:00,3,3,2,332,Other
15755,10,6,2364.25,2011-11-29 14:57:00,5,4,5,545,Champions
15756,61,4,528.01,2011-10-09 13:30:00,3,4,3,343,Loyal Customers
15757,66,2,714.42,2011-10-05 12:14:00,3,2,3,323,Other
15758,25,1,205.25,2011-11-15 10:48:00,4,1,1,411,New Customers
15759,218,3,253.04000000000002,2011-05-05 15:13:00,1,3,2,132,At Risk
15762,65,2,583.75,2011-10-05 16:15:00,3,2,3,323,Other
15763,32,2,1086.92,2011-11-08 09:44:00,4,2,4,424,Potential Loyalists
15764,88,6,3279.9700000000003,2011-09-12 17:58:00,2,4,5,245,At Risk
15766,64,1,315.06,2011-10-06 17:03:00,3,1,2,312,Other
15768,116,3,621.83,2011-08-16 10:48:00,2,3,3,233,At Risk
15769,7,26,56252.72,2011-12-02 13:52:00,5,5,5,555,Champions
15773,6,1,635.6800000000001,2011-12-04 12:48:00,5,1,3,513,New Customers
15774,69,1,270.8,2011-10-02 12:04:00,3,1,2,312,Other
15775,245,1,104.9,2011-04-08 12:56:00,1,1,1,111,Lost Customers
15776,133,1,241.62,2011-07-29 13:46:00,2,1,1,211,Lost Customers
15777,241,4,1047.1100000000001,2011-04-12 16:43:00,1,4,4,144,At Risk
15780,184,3,475.28000000000003,2011-06-09 12:01:00,1,3,2,132,At Risk
15781,25,3,345.46000000000004,2011-11-14 14:57:00,4,3,2,432,Potential Loyalists
15782,10,3,2614.74,2011-11-30 10:49:00,5,3,5,535,Potential Loyalists
15783,11,1,246.3,2011-11-29 09:50:00,5,1,1,511,New Customers
15785,33,5,2328.9700000000003,2011-11-07 11:33:00,3,4,5,345,Loyal Customers
15786,46,3,4919.0,2011-10-24 14:13:00,3,3,5,335,Other
15787,26,3,933.26,2011-11-13 14:55:00,4,3,3,433,Potential Loyalists
15789,358,1,351.3,2010-12-16 14:35:00,1,1,2,112,Lost Customers
15790,10,1,218.75,2011-11-29 14:53:00,5,1,1,511,New Customers
15791,44,2,1612.69,2011-10-27 10:14:00,3,2,4,324,Other
15793,15,3,965.61,2011-11-25 09:31:00,4,3,4,434,Potential Loyalists
15795,150,1,610.01,2011-07-13 10:43:00,2,1,3,213,Lost Customers
15796,1,8,2708.61,2011-12-08 19:55:00,5,5,5,555,Champions
15797,113,4,2207.4,2011-08-18 17:04:00,2,4,5,245,At Risk
15799,76,3,884.14,2011-09-25 12:46:00,2,3,3,233,At Risk
15800,107,2,696.89,2011-08-24 14:23:00,2,2,3,223,Lost Customers
15801,46,3,1063.95,2011-10-24 13:52:00,3,3,4,334,Other
15802,143,1,451.42,2011-07-20 11:38:00,2,1,2,212,Lost Customers
15803,51,1,415.82000000000005,2011-10-19 14:56:00,3,1,2,312,Other
15804,1,13,4206.39,2011-12-09 12:31:00,5,5,5,555,Champions
15805,23,17,5488.18,2011-11-16 16:32:00,4,5,5,455,Champions
15806,46,3,784.58,2011-10-24 14:35:00,3,3,3,333,Other
15807,50,3,903.9,2011-10-20 14:10:00,3,3,3,333,Other
15808,306,4,3651.27,2011-02-06 14:33:00,1,4,5,145,At Risk
15809,36,5,515.77,2011-11-03 16:40:00,3,4,3,343,Loyal Customers
15810,79,4,1391.98,2011-09-22 09:38:00,2,4,4,244,At Risk
15811,22,6,2218.62,2011-11-17 15:31:00,4,4,5,445,Champions
15812,107,5,1801.14,2011-08-24 14:19:00,2,4,4,244,At Risk
15813,208,2,1303.9099999999999,2011-05-16 08:13:00,1,2,4,124,At Risk
15814,17,4,1945.3300000000002,2011-11-23 08:17:00,4,4,4,444,Champions
15815,64,5,2100.6,2011-10-07 12:42:00,3,4,5,345,Loyal Customers
15819,49,4,1905.45,2011-10-21 14:50:00,3,4,4,344,Loyal Customers
15820,320,1,206.98,2011-01-24 12:00:00,1,1,1,111,Lost Customers
15821,44,2,570.96,2011-10-26 15:48:00,3,2,3,323,Other
15822,3,2,885.47,2011-12-06 14:50:00,5,2,3,523,Potential Loyalists
15823,372,1,15.0,2010-12-02 15:08:00,1,1,1,111,Lost Customers
15825,172,1,532.94,2011-06-20 13:27:00,2,1,3,213,Lost Customers
15826,56,3,1654.31,2011-10-14 16:05:00,3,3,4,334,Other
15827,73,14,1836.09,2011-09-27 15:35:00,2,5,4,254,At Risk
15829,99,2,636.14,2011-09-01 16:45:00,2,2,3,223,Lost Customers
15830,38,1,576.0,2011-11-02 10:40:00,3,1,3,313,Other
15831,58,3,794.64,2011-10-12 13:14:00,3,3,3,333,Other
15832,254,1,836.79,2011-03-30 15:29:00,1,1,3,113,Lost Customers
15834,70,4,2225.15,2011-09-30 14:41:00,3,4,5,345,Loyal Customers
15835,44,4,954.09,2011-10-26 15:47:00,3,4,4,344,Loyal Customers
15836,50,1,137.37,2011-10-20 17:13:00,3,1,1,311,Other
15837,65,1,391.98,2011-10-06 09:01:00,3,1,2,312,Other
15838,11,19,33643.08,2011-11-28 14:00:00,5,5,5,555,Champions
15839,33,3,1048.49,2011-11-06 13:54:00,3,3,4,334,Other
15840,59,2,355.56,2011-10-12 09:08:00,3,2,2,322,Other
15841,73,4,1224.06,2011-09-28 12:15:00,2,4,4,244,At Risk
15843,304,1,118.95,2011-02-09 10:19:00,1,1,1,111,Lost Customers
15844,46,1,130.73999999999998,2011-10-24 15:19:00,3,1,1,311,Other
15845,18,8,3711.77,2011-11-22 09:42:00,4,5,5,455,Champions
15847,38,2,389.27,2011-11-01 14:41:00,3,2,2,322,Other
15850,19,2,234.88,2011-11-20 14:14:00,4,2,1,421,Potential Loyalists
15852,187,2,160.71,2011-06-06 11:22:00,1,2,1,121,Lost Customers
15853,52,1,110.8,2011-10-19 10:38:00,3,1,1,311,Other
15854,4,12,2969.12,2011-12-05 13:39:00,5,5,5,555,Champions
15855,137,5,712.24,2011-07-26 10:20:00,2,4,3,243,At Risk
15856,4,27,16143.64,2011-12-05 17:09:00,5,5,5,555,Champions
15857,19,1,297.0,2011-11-21 12:18:00,4,1,2,412,New Customers
15858,16,5,1427.57,2011-11-24 12:48:00,4,4,4,444,Champions
15860,41,8,965.16,2011-10-30 11:25:00,3,5,4,354,Loyal Customers
15861,12,8,3146.92,2011-11-27 15:59:00,5,5,5,555,Champions
15862,8,4,832.88,2011-12-01 13:28:00,5,4,3,543,Loyal Customers
15863,26,2,68.84,2011-11-14 12:49:00,4,2,1,421,Potential Loyalists
15864,22,6,1936.32,2011-11-17 13:32:00,4,4,4,444,Champions
15865,41,3,895.13,2011-10-30 12:43:00,3,3,3,333,Other
15866,101,1,211.89,2011-08-30 14:09:00,2,1,1,211,Lost Customers
15867,5,15,3810.14,2011-12-04 13:32:00,5,5,5,555,Champions
15869,277,2,149.64,2011-03-07 17:23:00,1,2,1,121,Lost Customers
15870,33,1,351.44,2011-11-07 10:58:00,3,1,2,312,Other
15872,15,2,316.25,2011-11-25 11:55:00,4,2,2,422,Potential Loyalists
15874,64,7,4405.88,2011-10-07 12:31:00,3,5,5,355,Loyal Customers
15877,2,2,490.33,2011-12-08 11:53:00,5,2,3,523,Potential Loyalists
15880,369,1,329.03,2010-12-05 13:00:00,1,1,2,112,Lost Customers
15881,312,5,501.39,2011-01-31 16:59:00,1,4,3,143,At Risk
15882,199,4,516.36,2011-05-25 11:35:00,1,4,3,143,At Risk
15883,2,2,396.48,2011-12-07 17:05:00,5,2,2,522,Potential Loyalists
15885,93,3,379.35,2011-09-08 10:43:00,2,3,2,232,At Risk
15886,60,1,181.09,2011-10-10 14:25:00,3,1,1,311,Other
15888,81,1,168.31,2011-09-20 12:30:00,2,1,1,211,Lost Customers
15889,157,2,420.07,2011-07-06 11:10:00,2,2,2,222,Lost Customers
15891,227,1,511.68,2011-04-27 12:35:00,1,1,3,113,Lost Customers
15894,253,2,258.25,2011-03-31 13:50:00,1,2,2,122,Lost Customers
15895,150,1,179.17,2011-07-13 10:27:00,2,1,1,211,Lost Customers
15897,194,2,208.59,2011-05-29 13:50:00,1,2,1,121,Lost Customers
15898,1,5,1383.83,2011-12-08 15:23:00,5,4,4,544,Champions
15899,369,1,56.25,2010-12-06 10:36:00,1,1,1,111,Lost Customers
15900,24,1,337.28000000000003,2011-11-16 12:19:00,4,1,2,412,New Customers
15901,17,3,351.73,2011-11-23 12:43:00,4,3,2,432,Potential Loyalists
15903,10,7,5126.76,2011-11-30 08:08:00,5,5,5,555,Champions
15904,8,1,164.68,2011-12-01 14:50:00,5,1,1,511,New Customers
15906,20,7,1567.69,2011-11-20 12:24:00,4,5,4,454,Champions
15907,4,3,882.72,2011-12-06 12:21:00,5,3,3,533,Potential Loyalists
15909,174,1,191.94,2011-06-19 10:38:00,2,1,1,211,Lost Customers
15910,1,8,1228.88,2011-12-09 10:51:00,5,5,4,554,Champions
15912,178,2,264.62,2011-06-14 14:29:00,2,2,2,222,Lost Customers
15916,16,8,1502.8600000000001,2011-11-23 13:46:00,4,5,4,454,Champions
15917,248,1,123.1,2011-04-06 10:40:00,1,1,1,111,Lost Customers
15918,191,2,334.23,2011-06-02 11:42:00,1,2,2,122,Lost Customers
15919,20,2,525.69,2011-11-20 11:28:00,4,2,3,423,Potential Loyalists
15920,154,4,167.5,2011-07-08 15:31:00,2,4,1,241,At Risk
15921,173,1,323.03000000000003,2011-06-20 11:03:00,2,1,2,212,Lost Customers
15922,373,1,369.5,2010-12-01 13:51:00,1,1,2,112,Lost Customers
15923,373,1,127.08,2010-12-02 12:16:00,1,1,1,111,Lost Customers
15925,194,1,207.15,2011-05-29 15:35:00,1,1,1,111,Lost Customers
15930,67,1,426.63,2011-10-03 14:52:00,3,1,2,312,Other
15932,4,8,2495.87,2011-12-05 17:13:00,5,5,5,555,Champions
15933,21,3,1107.46,2011-11-18 13:14:00,4,3,4,434,Potential Loyalists
15935,239,2,416.86,2011-04-14 13:27:00,1,2,2,122,Lost Customers
15937,64,1,145.35000000000002,2011-10-06 15:48:00,3,1,1,311,Other
15938,112,5,404.58000000000004,2011-08-19 12:56:00,2,4,2,242,At Risk
15939,90,15,6115.01,2011-09-11 11:30:00,2,5,5,255,At Risk
15940,311,1,35.8,2011-02-01 16:18:00,1,1,1,111,Lost Customers
15942,134,1,337.44,2011-07-29 09:01:00,2,1,2,212,Lost Customers
15944,277,1,325.1,2011-03-08 10:33:00,1,1,2,112,Lost Customers
15945,365,1,181.0,2010-12-09 13:14:00,1,1,1,111,Lost Customers
15947,83,1,1708.24,2011-09-18 10:46:00,2,1,4,214,At Risk
15948,8,2,955.24,2011-12-01 15:32:00,5,2,4,524,Potential Loyalists
15949,17,2,364.72,2011-11-23 09:09:00,4,2,2,422,Potential Loyalists
15950,32,4,1744.71,2011-11-08 11:09:00,4,4,4,444,Champions
15951,9,2,708.22,2011-12-01 08:34:00,5,2,3,523,Potential Loyalists
15952,34,4,781.91,2011-11-06 11:18:00,3,4,3,343,Loyal Customers
15953,15,8,1657.28,2011-11-24 15:32:00,4,5,4,454,Champions
15955,24,14,4416.26,2011-11-15 14:15:00,4,5,5,455,Champions
15957,32,1,428.89,2011-11-08 12:14:00,4,1,2,412,New Customers
15958,74,1,104.35,2011-09-26 13:41:00,2,1,1,211,Lost Customers
15963,20,2,470.76,2011-11-20 11:33:00,4,2,2,422,Potential Loyalists
15965,17,4,808.87,2011-11-22 16:44:00,4,4,3,443,Loyal Customers
15967,23,2,397.68,2011-11-16 15:41:00,4,2,2,422,Potential Loyalists
15969,3,3,666.1,2011-12-07 11:06:00,5,3,3,533,Potential Loyalists
15970,304,1,314.09999999999997,2011-02-09 12:08:00,1,1,2,112,Lost Customers
15971,18,12,4199.85,2011-11-22 12:50:00,4,5,5,455,Champions
15973,367,1,307.82000000000005,2010-12-08 11:42:00,1,1,2,112,Lost Customers
15974,39,7,3442.15,2011-10-31 13:13:00,3,5,5,355,Loyal Customers
15975,84,1,371.01,2011-09-16 13:33:00,2,1,2,212,Lost Customers
15976,165,2,427.64,2011-06-27 13:00:00,2,2,2,222,Lost Customers
15977,17,2,1054.73,2011-11-22 13:29:00,4,2,4,424,Potential Loyalists
15978,77,1,1098.78,2011-09-23 15:21:00,2,1,4,214,At Risk
15980,89,3,2398.86,2011-09-12 09:41:00,2,3,5,235,At Risk
15981,25,8,3408.48,2011-11-15 08:00:00,4,5,5,455,Champions
15983,22,4,1465.12,2011-11-17 17:34:00,4,4,4,444,Champions
15984,3,10,2780.63,2011-12-07 12:16:00,5,5,5,555,Champions
15985,123,2,1142.42,2011-08-08 16:31:00,2,2,4,224,At Risk
15986,30,1,168.12,2011-11-09 15:17:00,4,1,1,411,New Customers
15987,12,7,1432.77,2011-11-27 15:38:00,5,5,4,554,Champions
15988,19,1,156.78,2011-11-20 13:23:00,4,1,1,411,New Customers
15990,44,2,792.11,2011-10-26 15:58:00,3,2,3,323,Other
15992,4,1,41.989999999999995,2011-12-06 11:00:00,5,1,1,511,New Customers
15993,9,7,2777.67,2011-12-01 10:45:00,5,5,5,555,Champions
15994,55,1,414.27,2011-10-16 12:28:00,3,1,2,312,Other
15996,88,6,1032.58,2011-09-12 15:14:00,2,4,4,244,At Risk
15998,37,5,3080.22,2011-11-03 12:45:00,3,4,5,345,Loyal Customers
16000,3,3,12393.7,2011-12-07 12:17:00,5,3,5,535,Potential Loyalists
16003,30,5,2735.37,2011-11-10 09:57:00,4,4,5,445,Champions
16005,12,4,578.71,2011-11-27 13:47:00,5,4,3,543,Loyal Customers
16006,211,1,101.4,2011-05-12 13:12:00,1,1,1,111,Lost Customers
16007,48,4,1693.81,2011-10-23 11:05:00,3,4,4,344,Loyal Customers
16008,24,3,478.78,2011-11-16 10:32:00,4,3,2,432,Potential Loyalists
16009,22,4,972.11,2011-11-17 16:51:00,4,4,4,444,Champions
16010,246,3,392.4,2011-04-08 10:14:00,1,3,2,132,At Risk
16011,8,16,3352.96,2011-12-01 16:31:00,5,5,5,555,Champions
16012,35,3,1415.29,2011-11-04 13:25:00,3,3,4,334,Other
16013,4,47,37130.6,2011-12-06 10:36:00,5,5,5,555,Champions
16014,38,3,646.83,2011-11-02 12:04:00,3,3,3,333,Other
16015,4,3,704.55,2011-12-06 10:58:00,5,3,3,533,Potential Loyalists
16016,3,8,1465.51,2011-12-06 14:35:00,5,5,4,554,Champions
16017,47,1,211.88,2011-10-23 12:56:00,3,1,1,311,Other
16018,39,2,408.9,2011-10-31 14:13:00,3,2,2,322,Other
16019,47,9,3786.24,2011-10-24 11:51:00,3,5,5,355,Loyal Customers
16020,17,3,851.01,2011-11-23 11:18:00,4,3,3,433,Potential Loyalists
16022,260,1,602.63,2011-03-24 13:16:00,1,1,3,113,Lost Customers
16023,46,3,719.81,2011-10-24 16:34:00,3,3,3,333,Other
16024,12,1,251.03,2011-11-27 13:26:00,5,1,2,512,New Customers
16025,30,1,439.65999999999997,2011-11-10 11:45:00,4,1,2,412,New Customers
16026,43,1,236.09,2011-10-27 13:53:00,3,1,1,311,Other
16027,92,6,934.62,2011-09-09 10:47:00,2,4,4,244,At Risk
16029,39,63,80850.84,2011-11-01 10:27:00,3,5,5,355,Loyal Customers
16030,310,1,331.24,2011-02-03 11:28:00,1,1,2,112,Lost Customers
16031,92,2,547.9,2011-09-08 13:07:00,2,2,3,223,Lost Customers
16033,6,20,8778.82,2011-12-04 12:44:00,5,5,5,555,Champions
16034,196,3,437.70000000000005,2011-05-27 16:17:00,1,3,2,132,At Risk
16036,87,2,758.9200000000001,2011-09-13 14:53:00,2,2,3,223,Lost Customers
16037,270,3,855.02,2011-03-15 09:13:00,1,3,3,133,At Risk
16038,8,3,471.78,2011-12-02 12:40:00,5,3,2,532,Potential Loyalists
16040,65,3,1313.55,2011-10-05 13:47:00,3,3,4,334,Other
16041,31,3,3166.4,2011-11-09 12:25:00,4,3,5,435,Potential Loyalists
16042,22,5,1177.47,2011-11-17 17:50:00,4,4,4,444,Champions
16043,38,4,773.99,2011-11-02 12:50:00,3,4,3,343,Loyal Customers
16045,120,4,1340.7,2011-08-12 12:41:00,2,4,4,244,At Risk
16048,373,2,256.44,2010-12-01 15:28:00,1,2,2,122,Lost Customers
16049,40,3,1074.81,2011-10-30 13:19:00,3,3,4,334,Other
16050,174,1,137.9,2011-06-19 11:44:00,2,1,1,211,Lost Customers
16052,54,1,362.06,2011-10-16 15:13:00,3,1,2,312,Other
16053,33,2,1511.95,2011-11-07 11:21:00,3,2,4,324,Other
16054,145,1,783.9,2011-07-17 13:08:00,2,1,3,213,Lost Customers
16055,221,1,134.8,2011-05-03 09:26:00,1,1,1,111,Lost Customers
16056,45,1,650.75,2011-10-25 15:19:00,3,1,3,313,Other
16057,16,7,2263.12,2011-11-23 15:23:00,4,5,5,455,Champions
16059,66,6,1453.16,2011-10-05 09:56:00,3,4,4,344,Loyal Customers
16062,10,4,1153.62,2011-11-30 12:15:00,5,4,4,544,Champions
16063,260,1,335.32,2011-03-24 14:56:00,1,1,2,112,Lost Customers
16065,365,1,367.14,2010-12-09 13:03:00,1,1,2,112,Lost Customers
16066,17,5,1521.04,2011-11-23 11:54:00,4,4,4,444,Champions
16070,22,2,852.15,2011-11-17 15:50:00,4,2,3,423,Potential Loyalists
16071,45,1,326.24,2011-10-26 11:14:00,3,1,2,312,Other
16072,288,1,584.3199999999999,2011-02-24 14:32:00,1,1,3,113,Lost Customers
16073,297,1,122.4,2011-02-15 15:41:00,1,1,1,111,Lost Customers
16076,3,10,2234.73,2011-12-06 14:59:00,5,5,5,555,Champions
16078,284,1,79.2,2011-03-01 09:47:00,1,1,1,111,Lost Customers
16079,17,3,1352.0,2011-11-23 12:48:00,4,3,4,434,Potential Loyalists
16080,82,2,217.16,2011-09-19 10:42:00,2,2,1,221,Lost Customers
16081,56,5,2799.42,2011-10-14 13:06:00,3,4,5,345,Loyal Customers
16083,101,2,1317.62,2011-08-31 10:47:00,2,2,4,224,At Risk
16084,299,1,436.18,2011-02-13 16:05:00,1,1,2,112,Lost Customers
16085,23,5,981.51,2011-11-16 13:24:00,4,4,4,444,Champions
16086,59,5,1121.39,2011-10-11 13:09:00,3,4,4,344,Loyal Customers
16091,155,2,315.06,2011-07-08 08:45:00,2,2,2,222,Lost Customers
16092,115,3,817.86,2011-08-17 10:46:00,2,3,3,233,At Risk
16093,107,1,17.0,2011-08-25 11:09:00,2,1,1,211,Lost Customers
16094,12,4,1078.23,2011-11-28 12:45:00,5,4,4,544,Champions
16096,264,1,320.62,2011-03-20 13:38:00,1,1,2,112,Lost Customers
16097,240,1,185.04999999999998,2011-04-13 13:47:00,1,1,1,111,Lost Customers
16098,88,7,2005.63,2011-09-13 09:59:00,2,5,4,254,At Risk
16099,50,3,731.9,2011-10-20 13:13:00,3,3,3,333,Other
16101,71,1,1290.7,2011-09-30 10:18:00,3,1,4,314,Other
16102,42,3,1842.14,2011-10-28 13:19:00,3,3,4,334,Other
16103,7,6,1429.64,2011-12-02 14:16:00,5,4,4,544,Champions
16104,62,1,298.21,2011-10-09 10:23:00,3,1,2,312,Other
16105,249,1,336.96,2011-04-05 10:13:00,1,1,2,112,Lost Customers
16106,66,1,108.38,2011-10-05 10:37:00,3,1,1,311,Other
16107,18,7,3204.1600000000003,2011-11-22 09:40:00,4,5,5,455,Champions
16108,85,1,842.5,2011-09-16 11:48:00,2,1,3,213,Lost Customers
16109,219,2,611.88,2011-05-05 09:17:00,1,2,3,123,Lost Customers
16110,45,3,1320.95,2011-10-25 14:35:00,3,3,4,334,Other
16112,143,4,195.74,2011-07-19 14:28:00,2,4,1,241,At Risk
16113,183,1,161.38,2011-06-09 16:16:00,1,1,1,111,Lost Customers
16114,171,1,135.75000000000003,2011-06-22 10:13:00,2,1,1,211,Lost Customers
16115,10,8,1660.8799999999999,2011-11-30 11:32:00,5,5,4,554,Champions
16116,212,1,612.78,2011-05-12 12:01:00,1,1,3,113,Lost Customers
16117,190,1,232.21,2011-06-03 11:42:00,1,1,1,111,Lost Customers
16119,8,2,423.36,2011-12-01 15:11:00,5,2,2,522,Potential Loyalists
16120,59,4,1309.14,2011-10-11 14:22:00,3,4,4,344,Loyal Customers
16121,57,2,854.66,2011-10-13 12:59:00,3,2,3,323,Other
16122,73,4,684.42,2011-09-27 15:34:00,2,4,3,243,At Risk
16123,52,1,307.78000000000003,2011-10-19 09:18:00,3,1,2,312,Other
16124,317,1,249.0,2011-01-26 14:45:00,1,1,1,111,Lost Customers
16125,367,1,289.35,2010-12-07 15:48:00,1,1,2,112,Lost Customers
16126,29,4,6287.77,2011-11-10 16:03:00,4,4,5,445,Champions
16127,39,1,656.25,2011-10-31 13:58:00,3,1,3,313,Other
16128,18,5,1880.22,2011-11-22 11:14:00,4,4,4,444,Champions
16131,52,6,3506.54,2011-10-19 11:53:00,3,4,5,345,Loyal Customers
16133,4,33,14589.04,2011-12-06 11:24:00,5,5,5,555,Champions
16134,22,2,618.09,2011-11-18 10:05:00,4,2,3,423,Potential Loyalists
16135,263,1,517.55,2011-03-22 12:30:00,1,1,3,113,Lost Customers
16136,60,3,709.38,2011-10-11 09:10:00,3,3,3,333,Other
16139,19,3,635.4100000000001,2011-11-21 08:37:00,4,3,3,433,Potential Loyalists
16140,66,2,725.1800000000001,2011-10-05 12:15:00,3,2,3,323,Other
16141,88,1,620.4,2011-09-12 13:11:00,2,1,3,213,Lost Customers
16142,250,1,535.34,2011-04-04 10:16:00,1,1,3,113,Lost Customers
16143,3,6,2424.94,2011-12-06 14:13:00,5,4,5,545,Champions
16144,247,1,175.2,2011-04-07 10:09:00,1,1,1,111,Lost Customers
16145,9,11,3799.4900000000002,2011-12-01 10:33:00,5,5,5,555,Champions
16146,157,3,734.13,2011-07-05 14:20:00,2,3,3,233,At Risk
16147,134,1,375.0,2011-07-29 09:57:00,2,1,2,212,Lost Customers
16148,296,1,76.32000000000001,2011-02-16 14:01:00,1,1,1,111,Lost Customers
16149,5,2,280.52,2011-12-05 11:29:00,5,2,2,522,Potential Loyalists
16150,43,5,2053.02,2011-10-28 12:39:00,3,4,4,344,Loyal Customers
16152,269,1,1829.04,2011-03-16 09:47:00,1,1,4,114,At Risk
16153,50,5,1824.23,2011-10-21 10:50:00,3,4,4,344,Loyal Customers
16156,9,9,3092.04,2011-12-01 12:42:00,5,5,5,555,Champions
16157,16,3,656.69,2011-11-24 11:41:00,4,3,3,433,Potential Loyalists
16159,282,1,348.2,2011-03-03 12:27:00,1,1,2,112,Lost Customers
16160,65,2,1025.44,2011-10-05 14:19:00,3,2,4,324,Other
16161,2,19,5533.67,2011-12-08 12:10:00,5,5,5,555,Champions
16162,252,1,37.4,2011-04-01 15:03:00,1,1,1,111,Lost Customers
16163,232,2,856.6,2011-04-21 15:15:00,1,2,3,123,Lost Customers
16164,17,3,822.48,2011-11-22 15:04:00,4,3,3,433,Potential Loyalists
16168,11,27,3787.6,2011-11-29 12:45:00,5,5,5,555,Champions
16169,8,4,1822.97,2011-12-01 15:28:00,5,4,4,544,Champions
16170,51,6,1885.05,2011-10-20 08:21:00,3,4,4,344,Loyal Customers
16171,59,1,73.19999999999999,2011-10-11 14:51:00,3,1,1,311,Other
16172,95,5,1140.21,2011-09-05 13:22:00,2,4,4,244,At Risk
16173,16,6,1418.32,2011-11-24 10:53:00,4,4,4,444,Champions
16174,126,3,1009.55,2011-08-05 13:26:00,2,3,4,234,At Risk
16175,94,4,1037.5900000000001,2011-09-06 14:32:00,2,4,4,244,At Risk
16177,50,1,331.95,2011-10-20 12:57:00,3,1,2,312,Other
16178,138,1,197.9,2011-07-24 16:05:00,2,1,1,211,Lost Customers
16179,61,1,215.83,2011-10-10 09:41:00,3,1,1,311,Other
16180,100,8,10254.18,2011-08-31 16:28:00,2,5,5,255,At Risk
16181,73,1,305.54,2011-09-27 13:38:00,2,1,2,212,Lost Customers
16182,72,4,6617.65,2011-09-28 13:23:00,2,4,5,245,At Risk
16183,67,1,338.71000000000004,2011-10-03 14:59:00,3,1,2,312,Other
16184,64,6,1158.79,2011-10-06 17:43:00,3,4,4,344,Loyal Customers
16185,17,2,529.41,2011-11-23 09:41:00,4,2,3,423,Potential Loyalists
16186,23,12,4006.94,2011-11-17 12:43:00,4,5,5,455,Champions
16187,32,15,6911.4400000000005,2011-11-08 09:50:00,4,5,5,455,Champions
16188,45,4,981.86,2011-10-26 12:19:00,3,4,4,344,Loyal Customers
16189,16,2,215.48,2011-11-24 11:47:00,4,2,1,421,Potential Loyalists
16190,40,1,215.08,2011-10-30 15:59:00,3,1,1,311,Other
16191,3,13,5180.52,2011-12-07 11:26:00,5,5,5,555,Champions
16193,237,1,314.45,2011-04-17 11:45:00,1,1,2,112,Lost Customers
16198,75,1,400.68100000000004,2011-09-25 14:58:00,2,1,2,212,Lost Customers
16200,4,2,1068.8700000000001,2011-12-05 14:40:00,5,2,4,524,Potential Loyalists
16201,3,4,1863.47,2011-12-06 16:02:00,5,4,4,544,Champions
16202,361,1,365.27,2010-12-14 10:43:00,1,1,2,112,Lost Customers
16203,59,4,592.9,2011-10-12 12:31:00,3,4,3,343,Loyal Customers
16204,23,1,384.18,2011-11-16 13:40:00,4,1,2,412,New Customers
16205,31,4,757.63,2011-11-09 09:32:00,4,4,3,443,Loyal Customers
16206,55,4,537.0600000000001,2011-10-16 10:41:00,3,4,3,343,Loyal Customers
16207,25,1,394.38,2011-11-14 13:51:00,4,1,2,412,New Customers
16208,45,2,664.26,2011-10-26 11:36:00,3,2,3,323,Other
16209,89,5,2262.62,2011-09-12 11:58:00,2,4,5,245,At Risk
16210,2,18,21086.3,2011-12-08 12:36:00,5,5,5,555,Champions
16211,89,1,547.02,2011-09-12 12:11:00,2,1,3,213,Lost Customers
16212,19,2,690.34,2011-11-20 13:00:00,4,2,3,423,Potential Loyalists
16213,79,1,159.0,2011-09-22 10:03:00,2,1,1,211,Lost Customers
16214,171,3,1062.75,2011-06-22 11:30:00,2,3,4,234,At Risk
16215,81,1,242.35,2011-09-20 10:18:00,2,1,1,211,Lost Customers
16216,267,1,914.9300000000001,2011-03-17 15:34:00,1,1,3,113,Lost Customers
16217,235,2,304.25,2011-04-18 13:31:00,1,2,2,122,Lost Customers
16218,30,7,3084.68,2011-11-10 09:59:00,4,5,5,455,Champions
16221,37,3,860.86,2011-11-03 11:43:00,3,3,3,333,Other
16222,318,1,773.55,2011-01-25 13:38:00,1,1,3,113,Lost Customers
16224,57,4,1295.3,2011-10-13 17:51:00,3,4,4,344,Loyal Customers
16225,45,5,1096.32,2011-10-26 08:30:00,3,4,4,344,Loyal Customers
16226,203,3,255.12,2011-05-20 14:41:00,1,3,2,132,At Risk
16227,225,1,314.22,2011-04-28 13:33:00,1,1,2,112,Lost Customers
16229,87,2,1010.6,2011-09-13 17:16:00,2,2,4,224,At Risk
16230,190,2,542.03,2011-06-03 10:06:00,1,2,3,123,Lost Customers
16232,44,4,990.88,2011-10-27 12:16:00,3,4,4,344,Loyal Customers
16233,71,3,536.6800000000001,2011-09-29 17:27:00,3,3,3,333,Other
16235,41,5,867.3100000000001,2011-10-30 10:56:00,3,4,3,343,Loyal Customers
16236,78,1,432.2,2011-09-22 14:10:00,2,1,2,212,Lost Customers
16239,57,2,414.2,2011-10-14 08:29:00,3,2,2,322,Other
16240,24,2,3718.8,2011-11-15 14:30:00,4,2,5,425,Potential Loyalists
16241,10,13,2590.31,2011-11-30 11:08:00,5,5,5,555,Champions
16242,8,7,3579.86,2011-12-01 15:12:00,5,5,5,555,Champions
16243,34,2,409.1,2011-11-06 12:32:00,3,2,2,322,Other
16244,212,2,1522.75,2011-05-12 10:18:00,1,2,4,124,At Risk
16245,24,3,1413.66,2011-11-16 10:14:00,4,3,4,434,Potential Loyalists
16247,170,1,114.56,2011-06-22 14:23:00,2,1,1,211,Lost Customers
16248,62,1,152.94,2011-10-09 11:32:00,3,1,1,311,Other
16249,53,5,1800.07,2011-10-18 10:07:00,3,4,4,344,Loyal Customers
16250,261,2,389.44,2011-03-23 15:07:00,1,2,2,122,Lost Customers
16253,67,2,3683.86,2011-10-04 09:09:00,3,2,5,325,Other
16255,17,8,2619.91,2011-11-23 12:40:00,4,5,5,455,Champions
16256,267,1,752.4300000000001,2011-03-18 12:18:00,1,1,3,113,Lost Customers
16257,177,1,46.95,2011-06-16 10:11:00,2,1,1,211,Lost Customers
16258,45,5,5203.51,2011-10-25 13:30:00,3,4,5,345,Loyal Customers
16260,51,1,1035.45,2011-10-20 09:40:00,3,1,4,314,Other
16261,17,4,728.54,2011-11-22 17:23:00,4,4,3,443,Loyal Customers
16265,9,9,5447.0,2011-11-30 16:41:00,5,5,5,555,Champions
16266,74,7,861.89,2011-09-27 12:08:00,2,5,3,253,At Risk
16268,71,2,667.65,2011-09-29 18:30:00,3,2,3,323,Other
16270,353,1,1141.24,2010-12-21 14:26:00,1,1,4,114,At Risk
16271,3,5,1404.64,2011-12-07 12:45:00,5,4,4,544,Champions
16272,117,1,411.7,2011-08-15 10:54:00,2,1,2,212,Lost Customers
16274,373,1,351.75,2010-12-01 15:35:00,1,1,2,112,Lost Customers
16275,197,1,559.87,2011-05-27 12:41:00,1,1,3,113,Lost Customers
16276,177,1,810.6,2011-06-16 09:34:00,2,1,3,213,Lost Customers
16278,100,1,566.38,2011-08-31 17:12:00,2,1,3,213,Lost Customers
16279,21,3,1502.78,2011-11-18 15:00:00,4,3,4,434,Potential Loyalists
16281,72,1,2062.06,2011-09-28 14:57:00,2,1,5,215,At Risk
16282,340,1,168.3,2011-01-04 11:42:00,1,1,1,111,Lost Customers
16283,6,5,1570.81,2011-12-04 12:08:00,5,4,4,544,Champions
16284,31,2,812.68,2011-11-08 16:12:00,4,2,3,423,Potential Loyalists
16287,170,1,142.5,2011-06-23 09:08:00,2,1,1,211,Lost Customers
16292,122,1,302.25,2011-08-10 12:24:00,2,1,2,212,Lost Customers
16293,22,10,2248.9900000000002,2011-11-18 09:58:00,4,5,5,455,Champions
16295,10,4,1328.55,2011-11-30 08:17:00,5,4,4,544,Champions
16297,269,1,301.9,2011-03-16 08:29:00,1,1,2,112,Lost Customers
16298,23,3,598.2,2011-11-17 11:59:00,4,3,3,433,Potential Loyalists
16302,127,1,233.22,2011-08-05 09:44:00,2,1,1,211,Lost Customers
16303,26,3,5360.63,2011-11-14 10:49:00,4,3,5,435,Potential Loyalists
16305,139,1,361.22,2011-07-24 12:18:00,2,1,2,212,Lost Customers
16306,214,6,632.27,2011-05-10 12:12:00,1,4,3,143,At Risk
16308,38,4,2560.0,2011-11-02 11:24:00,3,4,5,345,Loyal Customers
16309,106,2,706.57,2011-08-25 15:35:00,2,2,3,223,Lost Customers
16311,18,2,616.26,2011-11-22 08:54:00,4,2,3,423,Potential Loyalists
16313,3,2,274.15000000000003,2011-12-06 13:02:00,5,2,2,522,Potential Loyalists
16315,331,1,226.37,2011-01-13 11:57:00,1,1,1,111,Lost Customers
16316,64,8,2938.91,2011-10-06 13:48:00,3,5,5,355,Loyal Customers
16317,120,3,1341.65,2011-08-12 12:46:00,2,3,4,234,At Risk
16318,35,1,328.15000000000003,2011-11-04 13:05:00,3,1,2,312,Other
16319,218,1,404.40000000000003,2011-05-06 11:27:00,1,1,2,112,Lost Customers
16320,172,2,1038.46,2011-06-20 15:25:00,2,2,4,224,At Risk
16321,72,5,373.65000000000003,2011-09-28 14:55:00,2,4,2,242,At Risk
16322,1,2,326.75,2011-12-08 15:41:00,5,2,2,522,Potential Loyalists
16323,196,1,207.50000000000003,2011-05-27 14:48:00,1,1,1,111,Lost Customers
16324,128,3,408.59000000000003,2011-08-03 12:58:00,2,3,2,232,At Risk
16325,47,3,594.24,2011-10-24 08:48:00,3,3,3,333,Other
16326,6,14,3039.2200000000003,2011-12-04 10:11:00,5,5,5,555,Champions
16327,14,6,3820.27,2011-11-25 13:23:00,4,4,5,445,Champions
16330,18,3,251.91,2011-11-22 12:24:00,4,3,2,432,Potential Loyalists
16332,28,7,1582.8,2011-11-11 14:22:00,4,5,4,454,Champions
16333,8,22,26626.8,2011-12-02 12:19:00,5,5,5,555,Champions
16337,37,1,151.05,2011-11-03 10:03:00,3,1,1,311,Other
16338,157,1,214.8,2011-07-05 13:56:00,2,1,1,211,Lost Customers
16339,284,1,94.05,2011-02-28 13:41:00,1,1,1,111,Lost Customers
16340,107,1,534.31,2011-08-24 14:53:00,2,1,3,213,Lost Customers
16341,25,4,1971.8700000000001,2011-11-15 09:12:00,4,4,4,444,Champions
16342,75,4,322.41,2011-09-25 14:36:00,2,4,2,242,At Risk
16343,16,2,328.58,2011-11-23 17:45:00,4,2,2,422,Potential Loyalists
16344,158,1,101.10000000000001,2011-07-04 15:50:00,2,1,1,211,Lost Customers
16345,44,1,565.46,2011-10-26 16:03:00,3,1,3,313,Other
16347,11,2,847.45,2011-11-28 13:14:00,5,2,3,523,Potential Loyalists
16348,32,7,1415.65,2011-11-07 15:44:00,4,5,4,454,Champions
16349,291,1,53.5,2011-02-22 12:40:00,1,1,1,111,Lost Customers
16350,21,4,1116.47,2011-11-18 15:53:00,4,4,4,444,Champions
16351,333,1,153.9,2011-01-11 10:26:00,1,1,1,111,Lost Customers
16352,18,2,494.44,2011-11-22 10:32:00,4,2,3,423,Potential Loyalists
16353,4,23,6675.71,2011-12-06 12:23:00,5,5,5,555,Champions
16354,63,2,395.8,2011-10-07 14:28:00,3,2,2,322,Other
16356,198,3,211.77,2011-05-26 11:51:00,1,3,1,131,At Risk
16357,33,3,658.88,2011-11-06 16:04:00,3,3,3,333,Other
16358,1,4,2027.5,2011-12-08 15:09:00,5,4,4,544,Champions
16359,7,9,1750.92,2011-12-02 17:04:00,5,5,4,554,Champions
16360,5,6,3450.41,2011-12-05 12:16:00,5,4,5,545,Champions
16361,10,4,891.21,2011-11-30 12:32:00,5,4,3,543,Loyal Customers
16362,32,5,709.99,2011-11-07 13:01:00,4,4,3,443,Loyal Customers
16363,53,1,109.36000000000001,2011-10-17 14:14:00,3,1,1,311,Other
16364,12,2,705.79,2011-11-28 11:27:00,5,2,3,523,Potential Loyalists
16365,18,9,1540.42,2011-11-22 11:24:00,4,5,4,454,Champions
16366,19,1,327.3,2011-11-21 08:19:00,4,1,2,412,New Customers
16367,37,2,800.67,2011-11-02 13:13:00,3,2,3,323,Other
16368,2,2,479.91,2011-12-07 13:12:00,5,2,2,522,Potential Loyalists
16369,18,3,1545.41,2011-11-21 16:25:00,4,3,4,434,Potential Loyalists
16370,82,4,1301.91,2011-09-18 15:55:00,2,4,4,244,At Risk
16372,33,2,355.73,2011-11-06 13:08:00,3,2,2,322,Other
16374,66,2,466.73,2011-10-04 15:21:00,3,2,2,322,Other
16376,9,2,974.96,2011-12-01 11:38:00,5,2,4,524,Potential Loyalists
16377,267,1,676.2,2011-03-17 15:41:00,1,1,3,113,Lost Customers
16378,247,3,362.95,2011-04-06 15:07:00,1,3,2,132,At Risk
16379,4,4,2157.4,2011-12-05 15:38:00,5,4,5,545,Champions
16380,61,1,1743.1499999999999,2011-10-09 15:40:00,3,1,4,314,Other
16383,75,2,643.76,2011-09-26 12:45:00,2,2,3,223,Lost Customers
16384,90,2,584.5,2011-09-11 11:19:00,2,2,3,223,Lost Customers
16385,60,3,554.86,2011-10-10 13:12:00,3,3,3,333,Other
16386,29,2,302.57,2011-11-11 12:28:00,4,2,2,422,Potential Loyalists
16387,323,1,94.36,2011-01-21 11:34:00,1,1,1,111,Lost Customers
16389,53,4,1382.0700000000002,2011-10-17 14:41:00,3,4,4,344,Loyal Customers
16392,270,1,217.89000000000001,2011-03-15 12:11:00,1,1,1,111,Lost Customers
16393,2,13,3040.96,2011-12-07 12:51:00,5,5,5,555,Champions
16394,57,5,1555.34,2011-10-14 09:48:00,3,4,4,344,Loyal Customers
16395,61,5,1482.06,2011-10-10 12:50:00,3,4,4,344,Loyal Customers
16398,154,2,1705.8,2011-07-08 15:16:00,2,2,4,224,At Risk
16399,19,2,408.02,2011-11-20 16:12:00,4,2,2,422,Potential Loyalists
16400,95,1,303.93,2011-09-06 12:27:00,2,1,2,212,Lost Customers
16401,1,12,4098.32,2011-12-08 18:15:00,5,5,5,555,Champions
16402,265,2,293.45,2011-03-20 12:25:00,1,2,2,122,Lost Customers
16403,312,1,177.5,2011-01-31 13:39:00,1,1,1,111,Lost Customers
16404,70,1,443.05,2011-09-30 14:55:00,3,1,2,312,Other
16405,302,2,167.25,2011-02-10 15:24:00,1,2,1,121,Lost Customers
16406,19,1,154.35,2011-11-21 11:57:00,4,1,1,411,New Customers
16407,13,10,2079.68,2011-11-27 11:05:00,5,5,5,555,Champions
16409,36,5,2022.98,2011-11-03 16:45:00,3,4,4,344,Loyal Customers
16411,19,2,211.7,2011-11-20 13:23:00,4,2,1,421,Potential Loyalists
16412,54,1,135.99,2011-10-17 12:35:00,3,1,1,311,Other
16413,57,1,262.2,2011-10-14 12:08:00,3,1,2,312,Other
16414,22,2,126.25,2011-11-18 09:42:00,4,2,1,421,Potential Loyalists
16415,44,1,200.27,2011-10-26 13:35:00,3,1,1,311,Other
16416,27,3,1051.4,2011-11-13 12:50:00,4,3,4,434,Potential Loyalists
16418,45,3,631.12,2011-10-26 12:39:00,3,3,3,333,Other
16419,113,6,958.71,2011-08-19 12:33:00,2,4,4,244,At Risk
16422,17,51,34684.4,2011-11-22 14:00:00,4,5,5,455,Champions
16423,25,1,346.12,2011-11-15 09:21:00,4,1,2,412,New Customers
16424,191,1,133.56,2011-06-01 13:40:00,1,1,1,111,Lost Customers
16425,302,1,302.7,2011-02-10 14:30:00,1,1,2,112,Lost Customers
16426,2,10,1863.76,2011-12-07 14:01:00,5,5,4,554,Champions
16427,263,2,241.06,2011-03-21 17:10:00,1,2,1,121,Lost Customers
16429,106,1,284.55,2011-08-25 13:54:00,2,1,2,212,Lost Customers
16430,57,1,300.85,2011-10-13 14:47:00,3,1,2,312,Other
16431,213,3,623.28,2011-05-10 14:09:00,1,3,3,133,At Risk
16432,64,1,287.40000000000003,2011-10-06 13:59:00,3,1,2,312,Other
16433,28,1,184.26,2011-11-11 14:09:00,4,1,1,411,New Customers
16434,29,7,1511.8,2011-11-10 14:28:00,4,5,4,454,Champions
16438,6,5,798.35,2011-12-04 10:51:00,5,4,3,543,Loyal Customers
16440,8,5,3640.67,2011-12-02 12:02:00,5,4,5,545,Champions
16441,67,2,381.2,2011-10-03 17:48:00,3,2,2,322,Other
16442,2,3,609.3,2011-12-08 11:43:00,5,3,3,533,Potential Loyalists
16444,46,4,654.67,2011-10-24 13:50:00,3,4,3,343,Loyal Customers
16445,34,1,230.51,2011-11-06 12:32:00,3,1,1,311,Other
16446,1,2,168472.5,2011-12-09 09:15:00,5,2,5,525,Potential Loyalists
16447,136,1,255.91,2011-07-27 12:45:00,2,1,2,212,Lost Customers
16448,198,1,182.99,2011-05-25 16:28:00,1,1,1,111,Lost Customers
16449,198,2,707.69,2011-05-26 10:25:00,1,2,3,123,Lost Customers
16450,150,1,311.92,2011-07-13 11:47:00,2,1,2,212,Lost Customers
16451,88,1,266.97,2011-09-13 09:17:00,2,1,2,212,Lost Customers
16454,45,2,6.9,2011-10-26 11:40:00,3,2,1,321,Other
16455,64,7,1841.18,2011-10-07 12:17:00,3,5,4,354,Loyal Customers
16456,99,5,2158.18,2011-09-01 13:50:00,2,4,5,245,At Risk
16457,218,1,208.36,2011-05-05 13:19:00,1,1,1,111,Lost Customers
16458,3,18,3482.7400000000002,2011-12-07 09:34:00,5,5,5,555,Champions
16460,28,3,811.23,2011-11-11 13:46:00,4,3,3,433,Potential Loyalists
16461,178,1,142.92,2011-06-15 12:07:00,2,1,1,211,Lost Customers
16462,74,3,136.0,2011-09-27 10:24:00,2,3,1,231,At Risk
16463,21,4,1422.4,2011-11-18 14:01:00,4,4,4,444,Champions
16464,20,3,1298.66,2011-11-20 12:11:00,4,3,4,434,Potential Loyalists
16466,34,7,1595.96,2011-11-06 11:35:00,3,5,4,354,Loyal Customers
16468,74,1,74.9,2011-09-26 14:13:00,2,1,1,211,Lost Customers
16469,24,4,625.42,2011-11-16 12:25:00,4,4,3,443,Loyal Customers
16470,52,4,752.77,2011-10-19 12:11:00,3,4,3,343,Loyal Customers
16471,275,1,223.95000000000002,2011-03-10 09:41:00,1,1,1,111,Lost Customers
16473,165,3,316.11,2011-06-28 09:10:00,2,3,2,232,At Risk
16474,7,7,1810.65,2011-12-02 13:02:00,5,5,4,554,Champions
16475,88,4,544.3,2011-09-12 14:37:00,2,4,3,243,At Risk
16477,64,7,2494.46,2011-10-07 09:44:00,3,5,5,355,Loyal Customers
16478,25,3,331.0,2011-11-14 15:51:00,4,3,2,432,Potential Loyalists
16479,10,2,300.83,2011-11-29 13:40:00,5,2,2,522,Potential Loyalists
16480,76,1,769.29,2011-09-25 11:40:00,2,1,3,213,Lost Customers
16482,16,1,220.62,2011-11-24 12:33:00,4,1,1,411,New Customers
16483,192,1,139.35,2011-05-31 13:08:00,1,1,1,111,Lost Customers
16484,174,2,404.3,2011-06-19 12:06:00,2,2,2,222,Lost Customers
16485,77,1,363.65,2011-09-23 15:50:00,2,1,2,212,Lost Customers
16488,33,3,498.8,2011-11-06 13:42:00,3,3,3,333,Other
16491,47,1,731.5,2011-10-24 10:18:00,3,1,3,313,Other
16493,80,4,1351.63,2011-09-21 11:10:00,2,4,4,244,At Risk
16494,297,1,826.53,2011-02-16 12:49:00,1,1,3,113,Lost Customers
16495,3,3,648.26,2011-12-06 13:20:00,5,3,3,533,Potential Loyalists
16496,9,3,1599.52,2011-12-01 10:31:00,5,3,4,534,Potential Loyalists
16497,50,6,2965.69,2011-10-21 10:55:00,3,4,5,345,Loyal Customers
16498,161,2,100.97,2011-07-01 15:07:00,2,2,1,221,Lost Customers
16499,360,2,365.45,2010-12-14 13:31:00,1,2,2,122,Lost Customers
16500,5,6,400.86,2011-12-05 12:04:00,5,4,2,542,Loyal Customers
16503,107,4,1431.93,2011-08-25 11:46:00,2,4,4,244,At Risk
16504,25,1,465.88,2011-11-14 15:18:00,4,1,2,412,New Customers
16505,32,1,777.6,2011-11-08 12:14:00,4,1,3,413,New Customers
16506,20,2,90.30000000000001,2011-11-20 12:17:00,4,2,1,421,Potential Loyalists
16509,297,1,363.70000000000005,2011-02-16 09:25:00,1,1,2,112,Lost Customers
16510,372,1,248.1,2010-12-02 13:39:00,1,1,1,111,Lost Customers
16511,22,3,918.33,2011-11-18 10:41:00,4,3,3,433,Potential Loyalists
16513,5,4,874.59,2011-12-05 10:18:00,5,4,3,543,Loyal Customers
16515,52,5,1624.14,2011-10-18 13:10:00,3,4,4,344,Loyal Customers
16516,30,1,101.69999999999999,2011-11-09 14:59:00,4,1,1,411,New Customers
16517,277,1,162.70000000000002,2011-03-07 13:50:00,1,1,1,111,Lost Customers
16518,61,2,484.32,2011-10-09 15:04:00,3,2,2,322,Other
16519,25,2,215.07999999999998,2011-11-14 15:41:00,4,2,1,421,Potential Loyalists
16520,186,3,1046.57,2011-06-06 13:24:00,1,3,4,134,At Risk
16523,2,21,9418.470000000001,2011-12-08 09:06:00,5,5,5,555,Champions
16525,2,26,13027.45,2011-12-07 15:07:00,5,5,5,555,Champions
16526,172,1,290.36,2011-06-21 12:02:00,2,1,2,212,Lost Customers
16527,81,1,228.06,2011-09-19 16:21:00,2,1,1,211,Lost Customers
16528,4,1,244.41,2011-12-06 12:45:00,5,1,1,511,New Customers
16529,190,1,455.25,2011-06-02 17:23:00,1,1,2,112,Lost Customers
16531,22,7,1244.59,2011-11-17 16:29:00,4,5,4,454,Champions
16532,18,3,6748.8,2011-11-22 11:08:00,4,3,5,435,Potential Loyalists
16533,19,3,1082.81,2011-11-20 13:08:00,4,3,4,434,Potential Loyalists
16535,5,1,593.75,2011-12-04 15:18:00,5,1,3,513,New Customers
16536,110,1,548.12,2011-08-21 15:54:00,2,1,3,213,Lost Customers
16539,3,4,1388.81,2011-12-07 08:41:00,5,4,4,544,Champions
16542,54,1,119.62,2011-10-17 10:47:00,3,1,1,311,Other
16545,165,1,339.3,2011-06-28 10:37:00,2,1,2,212,Lost Customers
16546,291,2,787.15,2011-02-22 11:20:00,1,2,3,123,Lost Customers
16549,10,10,4034.9,2011-11-29 15:06:00,5,5,5,555,Champions
16550,109,5,2298.97,2011-08-23 11:12:00,2,4,5,245,At Risk
16551,96,3,922.12,2011-09-05 09:38:00,2,3,3,233,At Risk
16552,243,2,379.73,2011-04-11 10:04:00,1,2,2,122,Lost Customers
16553,163,12,5719.82,2011-06-29 15:42:00,2,5,5,255,At Risk
16554,42,3,837.1,2011-10-28 14:51:00,3,3,3,333,Other
16555,35,2,285.89,2011-11-04 14:31:00,3,2,2,322,Other
16556,67,7,3313.79,2011-10-04 11:36:00,3,5,5,355,Loyal Customers
16557,24,2,281.85,2011-11-15 14:04:00,4,2,2,422,Potential Loyalists
16558,1,20,8338.49,2011-12-09 10:20:00,5,5,5,555,Champions
16560,27,2,841.41,2011-11-13 10:35:00,4,2,3,423,Potential Loyalists
16561,6,2,511.12,2011-12-04 11:50:00,5,2,3,523,Potential Loyalists
16563,54,1,1077.74,2011-10-17 11:51:00,3,1,4,314,Other
16565,364,1,173.7,2010-12-10 15:21:00,1,1,1,111,Lost Customers
16566,15,5,614.66,2011-11-24 16:34:00,4,4,3,443,Loyal Customers
16567,194,2,865.6,2011-05-29 13:57:00,1,2,3,123,Lost Customers
16569,3,1,124.2,2011-12-06 15:32:00,5,1,1,511,New Customers
16570,15,10,3738.4,2011-11-24 17:02:00,4,5,5,455,Champions
16571,27,3,1421.69,2011-11-13 11:46:00,4,3,4,434,Potential Loyalists
16572,127,3,1009.6,2011-08-04 16:34:00,2,3,4,234,At Risk
16573,85,2,663.61,2011-09-16 09:13:00,2,2,3,223,Lost Customers
16574,71,1,451.44,2011-09-29 13:39:00,3,1,2,312,Other
16581,183,1,105.84,2011-06-10 10:05:00,1,1,1,111,Lost Customers
16582,113,1,313.62,2011-08-18 17:02:00,2,1,2,212,Lost Customers
16583,374,1,233.45,2010-12-01 12:03:00,1,1,1,111,Lost Customers
16584,80,2,936.08,2011-09-20 13:45:00,2,2,4,224,At Risk
16586,249,1,463.95,2011-04-05 09:32:00,1,1,2,112,Lost Customers
16587,232,1,225.15,2011-04-21 15:51:00,1,1,1,111,Lost Customers
16589,71,3,459.24,2011-09-29 14:50:00,3,3,2,332,Other
16591,69,1,213.5,2011-10-02 10:43:00,3,1,1,311,Other
16592,4,16,4113.68,2011-12-05 13:49:00,5,5,5,555,Champions
16593,51,3,330.03,2011-10-20 12:41:00,3,3,2,332,Other
16594,75,1,181.09,2011-09-25 14:08:00,2,1,1,211,Lost Customers
16595,61,1,360.16,2011-10-09 13:15:00,3,1,2,312,Other
16596,16,2,250.15,2011-11-24 10:02:00,4,2,2,422,Potential Loyalists
16597,4,1,90.04,2011-12-05 15:44:00,5,1,1,511,New Customers
16598,286,1,145.05,2011-02-27 11:42:00,1,1,1,111,Lost Customers
16600,4,6,813.52,2011-12-05 16:00:00,5,4,3,543,Loyal Customers
16601,41,1,242.7,2011-10-30 11:09:00,3,1,1,311,Other
16602,36,1,528.08,2011-11-03 15:54:00,3,1,3,313,Other
16603,75,2,482.47,2011-09-26 10:06:00,2,2,2,222,Lost Customers
16607,18,14,3347.71,2011-11-22 10:24:00,4,5,5,455,Champions
16609,15,7,5493.46,2011-11-24 13:32:00,4,5,5,455,Champions
16610,219,1,75.66,2011-05-04 13:13:00,1,1,1,111,Lost Customers
16611,186,1,129.49,2011-06-06 15:46:00,1,1,1,111,Lost Customers
16612,33,4,1187.66,2011-11-07 07:38:00,3,4,4,344,Loyal Customers
16613,70,1,618.59,2011-09-30 15:52:00,3,1,3,313,Other
16614,183,1,506.19,2011-06-10 11:36:00,1,1,3,113,Lost Customers
16616,15,2,500.42,2011-11-24 16:31:00,4,2,3,423,Potential Loyalists
16617,236,1,151.85,2011-04-18 10:35:00,1,1,1,111,Lost Customers
16618,31,5,2647.59,2011-11-08 13:52:00,4,4,5,445,Champions
16619,264,1,226.21,2011-03-21 08:18:00,1,1,1,111,Lost Customers
16620,4,2,178.96,2011-12-06 12:19:00,5,2,1,521,Potential Loyalists
16621,52,4,813.48,2011-10-19 11:38:00,3,4,3,343,Loyal Customers
16623,246,1,129.45000000000002,2011-04-08 10:09:00,1,1,1,111,Lost Customers
16624,81,2,810.57,2011-09-20 12:39:00,2,2,3,223,Lost Customers
16625,275,1,333.08,2011-03-10 12:50:00,1,1,2,112,Lost Customers
16626,1,17,4413.1,2011-12-09 11:56:00,5,5,5,555,Champions
16627,79,1,322.8,2011-09-21 14:38:00,2,1,2,212,Lost Customers
16628,30,5,2188.05,2011-11-10 12:45:00,4,4,5,445,Champions
16629,74,2,408.63,2011-09-27 10:34:00,2,2,2,222,Lost Customers
16633,17,6,2883.1,2011-11-22 13:41:00,4,4,5,445,Champions
16634,223,2,217.9,2011-05-01 12:09:00,1,2,1,121,Lost Customers
16637,32,4,1154.47,2011-11-07 13:17:00,4,4,4,444,Champions
16638,23,10,1680.72,2011-11-17 11:09:00,4,5,4,454,Champions
16639,31,3,1257.51,2011-11-08 13:20:00,4,3,4,434,Potential Loyalists
16641,106,1,231.1,2011-08-26 12:49:00,2,1,1,211,Lost Customers
16642,5,2,688.33,2011-12-05 11:31:00,5,2,3,523,Potential Loyalists
16643,246,1,487.51,2011-04-08 08:24:00,1,1,3,113,Lost Customers
16644,178,2,833.78,2011-06-15 12:39:00,2,2,3,223,Lost Customers
16647,170,2,214.06,2011-06-23 11:47:00,2,2,1,221,Lost Customers
16648,43,1,290.66,2011-10-28 08:58:00,3,1,2,312,Other
16650,72,1,518.42,2011-09-29 09:51:00,2,1,3,213,Lost Customers
16652,59,7,6773.97,2011-10-12 09:38:00,3,5,5,355,Loyal Customers
16653,16,2,1212.66,2011-11-23 14:51:00,4,2,4,424,Potential Loyalists
16654,141,4,601.27,2011-07-21 15:23:00,2,4,3,243,At Risk
16655,18,6,3789.52,2011-11-22 11:25:00,4,4,5,445,Champions
16656,22,15,8625.8,2011-11-17 14:43:00,4,5,5,455,Champions
16657,10,4,874.43,2011-11-30 11:48:00,5,4,3,543,Loyal Customers
16658,368,1,123.24,2010-12-06 13:47:00,1,1,1,111,Lost Customers
16659,189,1,39.12,2011-06-03 15:03:00,1,1,1,111,Lost Customers
16660,16,4,1267.65,2011-11-23 14:53:00,4,4,4,444,Champions
16665,362,1,135.4,2010-12-12 14:03:00,1,1,1,111,Lost Customers
16666,19,1,118.98,2011-11-20 14:01:00,4,1,1,411,New Customers
16667,68,2,567.1800000000001,2011-10-02 15:26:00,3,2,3,323,Other
16668,15,6,306.72,2011-11-24 17:43:00,4,4,2,442,Loyal Customers
16669,24,3,1348.88,2011-11-16 12:26:00,4,3,4,434,Potential Loyalists
16670,17,11,4095.9,2011-11-23 09:34:00,4,5,5,455,Champions
16671,28,3,1692.27,2011-11-11 13:40:00,4,3,4,434,Potential Loyalists
16672,2,20,8134.9400000000005,2011-12-07 16:29:00,5,5,5,555,Champions
16674,55,2,304.24,2011-10-16 11:31:00,3,2,2,322,Other
16676,34,4,1592.12,2011-11-06 12:01:00,3,4,4,344,Loyal Customers
16678,3,12,3109.99,2011-12-07 12:17:00,5,5,5,555,Champions
16679,366,1,129.75,2010-12-08 13:51:00,1,1,1,111,Lost Customers
16680,43,1,183.7,2011-10-27 17:35:00,3,1,1,311,Other
16681,73,6,1770.3400000000001,2011-09-28 11:11:00,2,4,4,244,At Risk
16682,5,5,1028.0,2011-12-05 12:13:00,5,4,4,544,Champions
16684,4,28,66653.56,2011-12-05 14:06:00,5,5,5,555,Champions
16685,61,2,324.24,2011-10-09 13:58:00,3,2,2,322,Other
16686,47,7,2959.88,2011-10-23 13:49:00,3,5,5,355,Loyal Customers
16688,1,4,1260.8600000000001,2011-12-08 15:24:00,5,4,4,544,Champions
16689,76,2,422.6,2011-09-25 11:39:00,2,2,2,222,Lost Customers
16690,72,2,225.58,2011-09-28 15:02:00,2,2,1,221,Lost Customers
16692,256,2,1276.0,2011-03-28 14:46:00,1,2,4,124,At Risk
16693,69,2,477.86,2011-10-02 11:10:00,3,2,2,322,Other
16696,135,4,657.9,2011-07-27 14:23:00,2,4,3,243,At Risk
16697,241,1,112.75,2011-04-12 17:12:00,1,1,1,111,Lost Customers
16698,227,2,1998.0,2011-04-27 10:52:00,1,2,4,124,At Risk
16700,9,13,5076.55,2011-12-01 11:00:00,5,5,5,555,Champions
16701,9,13,5398.3,2011-12-01 11:10:00,5,5,5,555,Champions
16705,1,20,14034.99,2011-12-09 12:08:00,5,5,5,555,Champions
16706,37,3,531.35,2011-11-02 13:50:00,3,3,3,333,Other
16708,46,1,656.63,2011-10-25 12:20:00,3,1,3,313,Other
16709,85,5,3029.87,2011-09-16 10:56:00,2,4,5,245,At Risk
16710,19,10,2467.9900000000002,2011-11-20 14:50:00,4,5,5,455,Champions
16711,3,5,1651.03,2011-12-06 16:32:00,5,4,4,544,Champions
16712,9,11,3611.31,2011-11-30 13:48:00,5,5,5,555,Champions
16713,19,15,6910.78,2011-11-21 12:36:00,4,5,5,455,Champions
16714,219,3,1129.06,2011-05-05 11:09:00,1,3,4,134,At Risk
16715,78,1,301.71999999999997,2011-09-22 18:15:00,2,1,2,212,Lost Customers
16716,267,2,901.2,2011-03-18 10:03:00,1,2,3,123,Lost Customers
16717,24,6,3843.08,2011-11-16 12:16:00,4,4,5,445,Champions
16718,369,1,606.0500000000001,2010-12-05 13:03:00,1,1,3,113,Lost Customers
16719,15,7,1770.22,2011-11-25 09:27:00,4,5,4,454,Champions
16720,26,1,152.95,2011-11-13 16:22:00,4,1,1,411,New Customers
16721,262,1,292.47,2011-03-22 16:08:00,1,1,2,112,Lost Customers
16722,17,13,4730.81,2011-11-22 13:28:00,4,5,5,455,Champions
16723,91,2,576.4,2011-09-09 13:01:00,2,2,3,223,Lost Customers
16725,302,7,758.27,2011-02-10 16:52:00,1,5,3,153,At Risk
16726,26,5,1358.74,2011-11-13 14:53:00,4,4,4,444,Champions
16727,364,1,256.32,2010-12-10 13:48:00,1,1,2,112,Lost Customers
16728,46,4,1048.28,2011-10-24 14:36:00,3,4,4,344,Loyal Customers
16729,38,21,7205.33,2011-11-01 14:29:00,3,5,5,355,Loyal Customers
16730,52,3,743.11,2011-10-18 14:11:00,3,3,3,333,Other
16732,32,1,603.75,2011-11-08 09:54:00,4,1,3,413,New Customers
16734,52,3,646.76,2011-10-18 13:44:00,3,3,3,333,Other
16735,79,5,2247.41,2011-09-22 11:49:00,2,4,5,245,At Risk
16737,53,1,417.6,2011-10-17 13:03:00,3,1,2,312,Other
16738,298,1,3.75,2011-02-15 09:46:00,1,1,1,111,Lost Customers
16739,177,1,323.0,2011-06-16 09:17:00,2,1,2,212,Lost Customers
16742,47,1,464.9,2011-10-24 12:02:00,3,1,2,312,Other
16743,29,7,2213.13,2011-11-10 13:13:00,4,5,5,455,Champions
16744,11,7,1291.91,2011-11-28 13:06:00,5,5,4,554,Champions
16745,87,17,7180.7,2011-09-14 11:58:00,2,5,5,255,At Risk
16746,5,18,6680.11,2011-12-05 12:33:00,5,5,5,555,Champions
16747,38,2,836.0600000000001,2011-11-02 11:37:00,3,2,3,323,Other
16748,18,5,1515.9,2011-11-22 10:17:00,4,4,4,444,Champions
16750,45,5,623.93,2011-10-26 12:48:00,3,4,3,343,Loyal Customers
16751,31,1,1764.72,2011-11-09 10:48:00,4,1,4,414,New Customers
16752,373,1,207.5,2010-12-02 12:18:00,1,1,1,111,Lost Customers
16753,58,1,223.92000000000002,2011-10-12 13:14:00,3,1,1,311,Other
16754,372,1,2002.4,2010-12-02 17:38:00,1,1,4,114,At Risk
16755,114,3,1475.43,2011-08-17 13:21:00,2,3,4,234,At Risk
16756,215,1,239.4,2011-05-09 09:33:00,1,1,1,111,Lost Customers
16757,319,1,106.83000000000001,2011-01-25 11:59:00,1,1,1,111,Lost Customers
16758,65,1,369.34000000000003,2011-10-05 14:47:00,3,1,2,312,Other
16759,8,3,789.79,2011-12-02 12:42:00,5,3,3,533,Potential Loyalists
16761,97,1,316.62,2011-09-04 11:15:00,2,1,2,212,Lost Customers
16762,20,3,1207.24,2011-11-20 11:43:00,4,3,4,434,Potential Loyalists
16763,199,1,611.8499999999999,2011-05-25 11:52:00,1,1,3,113,Lost Customers
16764,4,13,2790.9500000000003,2011-12-06 11:41:00,5,5,5,555,Champions
16765,294,1,34.0,2011-02-18 15:41:00,1,1,1,111,Lost Customers
16766,273,2,1145.6,2011-03-11 15:22:00,1,2,4,124,At Risk
16767,31,11,5575.56,2011-11-09 09:42:00,4,5,5,455,Champions
16768,48,3,478.09000000000003,2011-10-23 10:38:00,3,3,2,332,Other
16769,260,1,361.54,2011-03-24 13:41:00,1,1,2,112,Lost Customers
16770,58,5,757.1,2011-10-13 12:21:00,3,4,3,343,Loyal Customers
16771,33,5,2242.61,2011-11-06 13:28:00,3,4,5,345,Loyal Customers
16773,57,1,171.59,2011-10-13 14:37:00,3,1,1,311,Other
16774,68,4,661.52,2011-10-03 12:41:00,3,4,3,343,Loyal Customers
16775,10,11,1691.51,2011-11-29 15:22:00,5,5,4,554,Champions
16776,60,1,371.54,2011-10-10 13:04:00,3,1,2,312,Other
16777,80,2,222.62,2011-09-20 13:41:00,2,2,1,221,Lost Customers
16778,74,2,245.94,2011-09-26 13:48:00,2,2,1,221,Lost Customers
16779,2,22,10611.72,2011-12-07 14:54:00,5,5,5,555,Champions
16780,100,2,422.24,2011-08-31 16:09:00,2,2,2,222,Lost Customers
16781,372,1,311.25,2010-12-02 14:26:00,1,1,2,112,Lost Customers
16782,10,13,2267.9500000000003,2011-11-29 13:20:00,5,5,5,555,Champions
16784,20,1,107.6,2011-11-20 12:20:00,4,1,1,411,New Customers
16788,123,2,594.39,2011-08-08 14:53:00,2,2,3,223,Lost Customers
16789,8,1,80.80000000000001,2011-12-01 15:12:00,5,1,1,511,New Customers
16790,4,6,1545.6200000000001,2011-12-06 11:53:00,5,4,4,544,Champions
16791,29,7,1705.78,2011-11-10 19:12:00,4,5,4,454,Champions
16792,282,2,110.38,2011-03-02 14:41:00,1,2,1,121,Lost Customers
16793,57,1,243.84,2011-10-13 15:08:00,3,1,1,311,Other
16794,1,10,1196.5,2011-12-08 17:54:00,5,5,4,554,Champions
16795,365,1,414.88,2010-12-09 14:08:00,1,1,2,112,Lost Customers
16796,89,1,305.62,2011-09-11 14:01:00,2,1,2,212,Lost Customers
16800,11,1,1162.65,2011-11-28 14:06:00,5,1,4,514,New Customers
16801,163,4,1594.23,2011-06-29 15:33:00,2,4,4,244,At Risk
16803,65,1,332.3,2011-10-05 14:28:00,3,1,2,312,Other
16804,23,3,536.99,2011-11-16 16:43:00,4,3,3,433,Potential Loyalists
16805,174,2,460.59000000000003,2011-06-19 11:23:00,2,2,2,222,Lost Customers
16806,103,4,762.16,2011-08-28 15:27:00,2,4,3,243,At Risk
16807,143,3,1121.59,2011-07-20 12:00:00,2,3,4,234,At Risk
16808,99,2,288.42,2011-09-01 19:34:00,2,2,2,222,Lost Customers
16809,23,5,914.69,2011-11-16 15:45:00,4,4,3,443,Loyal Customers
16810,192,1,309.54,2011-05-31 15:32:00,1,1,2,112,Lost Customers
16811,5,2,547.07,2011-12-05 11:39:00,5,2,3,523,Potential Loyalists
16812,361,1,479.35,2010-12-14 12:35:00,1,1,2,112,Lost Customers
16813,8,10,1652.18,2011-12-01 14:03:00,5,5,4,554,Champions
16814,14,21,6416.7,2011-11-25 13:27:00,4,5,5,455,Champions
16816,103,4,417.06,2011-08-28 14:16:00,2,4,2,242,At Risk
16817,3,9,1604.75,2011-12-07 11:03:00,5,5,4,554,Champions
16818,11,11,3349.57,2011-11-29 10:41:00,5,5,5,555,Champions
16820,96,1,497.61,2011-09-05 12:06:00,2,1,3,213,Lost Customers
16823,227,1,358.38,2011-04-26 15:00:00,1,1,2,112,Lost Customers
16824,16,2,460.64,2011-11-24 12:38:00,4,2,2,422,Potential Loyalists
16825,39,2,775.18,2011-11-01 11:51:00,3,2,3,323,Other
16826,51,1,341.7,2011-10-19 14:05:00,3,1,2,312,Other
16828,93,2,128.5,2011-09-07 15:10:00,2,2,1,221,Lost Customers
16829,157,1,197.22,2011-07-06 10:48:00,2,1,1,211,Lost Customers
16830,39,1,325.91,2011-11-01 11:35:00,3,1,2,312,Other
16832,184,3,199.15,2011-06-08 15:36:00,1,3,1,131,At Risk
16833,1,4,1106.53,2011-12-08 14:39:00,5,4,4,544,Champions
16834,228,1,413.46,2011-04-26 09:37:00,1,1,2,112,Lost Customers
16835,128,2,180.85,2011-08-03 13:50:00,2,2,1,221,Lost Customers
16836,40,2,251.87,2011-10-31 10:05:00,3,2,2,322,Other
16837,31,11,3170.98,2011-11-08 14:27:00,4,5,5,455,Champions
16838,197,2,588.85,2011-05-26 13:13:00,1,2,3,123,Lost Customers
16839,9,34,16594.35,2011-12-01 09:03:00,5,5,5,555,Champions
16841,37,6,1869.82,2011-11-03 11:51:00,3,4,4,344,Loyal Customers
16842,101,3,1264.19,2011-08-31 10:42:00,2,3,4,234,At Risk
16843,43,16,10196.57,2011-10-28 09:06:00,3,5,5,355,Loyal Customers
16846,50,1,214.32,2011-10-20 13:55:00,3,1,1,311,Other
16847,43,1,193.44,2011-10-27 13:29:00,3,1,1,311,Other
16848,53,1,281.42,2011-10-18 08:42:00,3,1,2,312,Other
16849,187,1,124.57,2011-06-06 09:16:00,1,1,1,111,Lost Customers
16850,334,1,332.41,2011-01-10 11:09:00,1,1,2,112,Lost Customers
16851,4,3,342.45,2011-12-05 13:32:00,5,3,2,532,Potential Loyalists
16852,10,2,144.91,2011-11-29 13:22:00,5,2,1,521,Potential Loyalists
16855,24,2,328.40000000000003,2011-11-16 12:03:00,4,2,2,422,Potential Loyalists
16856,15,1,35.400000000000006,2011-11-25 08:59:00,4,1,1,411,New Customers
16858,369,1,375.69000000000005,2010-12-06 09:52:00,1,1,2,112,Lost Customers
16859,145,2,747.81,2011-07-18 12:19:00,2,2,3,223,Lost Customers
16861,60,2,173.76,2011-10-11 09:05:00,3,2,1,321,Other
16863,31,2,502.8,2011-11-08 15:26:00,4,2,3,423,Potential Loyalists
16866,141,3,207.74,2011-07-22 10:06:00,2,3,1,231,At Risk
16869,23,4,817.12,2011-11-17 12:02:00,4,4,3,443,Loyal Customers
16871,22,6,2812.34,2011-11-17 19:27:00,4,4,5,445,Champions
16872,77,3,680.02,2011-09-23 16:05:00,2,3,3,233,At Risk
16873,5,6,7123.62,2011-12-05 12:05:00,5,4,5,545,Champions
16875,67,5,2095.53,2011-10-03 13:39:00,3,4,5,345,Loyal Customers
16877,12,6,846.62,2011-11-27 13:47:00,5,4,3,543,Loyal Customers
16878,84,1,13.3,2011-09-16 17:39:00,2,1,1,211,Lost Customers
16880,31,7,1491.43,2011-11-09 11:33:00,4,5,4,454,Champions
16881,67,1,432.0,2011-10-04 10:33:00,3,1,2,312,Other
16882,67,3,705.12,2011-10-04 10:42:00,3,3,3,333,Other
16883,187,2,272.48,2011-06-05 12:51:00,1,2,2,122,Lost Customers
16884,38,2,429.84,2011-11-02 11:52:00,3,2,2,322,Other
16885,15,3,450.41,2011-11-24 13:40:00,4,3,2,432,Potential Loyalists
16887,35,1,192.32999999999998,2011-11-04 14:07:00,3,1,1,311,Other
16889,195,3,1578.67,2011-05-29 11:05:00,1,3,4,134,At Risk
16891,2,5,742.43,2011-12-08 11:15:00,5,4,3,543,Loyal Customers
16892,1,5,518.19,2011-12-08 13:18:00,5,4,3,543,Loyal Customers
16893,367,1,145.93,2010-12-08 12:06:00,1,1,1,111,Lost Customers
16895,65,1,202.27,2011-10-06 12:15:00,3,1,1,311,Other
16897,299,2,289.78,2011-02-13 15:02:00,1,2,2,122,Lost Customers
16898,26,3,501.03000000000003,2011-11-13 15:44:00,4,3,3,433,Potential Loyalists
16899,8,6,1271.06,2011-12-02 12:03:00,5,4,4,544,Champions
16900,17,3,887.11,2011-11-23 10:32:00,4,3,3,433,Potential Loyalists
16902,116,1,1706.88,2011-08-15 14:17:00,2,1,4,214,At Risk
16903,29,1,363.2,2011-11-10 15:32:00,4,1,2,412,New Customers
16904,4,16,3653.75,2011-12-05 13:10:00,5,5,5,555,Champions
16905,5,7,3037.6,2011-12-04 14:01:00,5,5,5,555,Champions
16906,82,4,559.59,2011-09-19 11:49:00,2,4,3,243,At Risk
16907,29,5,928.76,2011-11-10 18:04:00,4,4,3,443,Loyal Customers
16909,72,1,379.14,2011-09-28 16:45:00,2,1,2,212,Lost Customers
16910,4,8,1508.96,2011-12-05 12:51:00,5,5,4,554,Champions
16912,29,11,2555.58,2011-11-11 12:18:00,4,5,5,455,Champions
16913,290,1,113.44,2011-02-22 12:56:00,1,1,1,111,Lost Customers
16914,36,1,183.76,2011-11-03 15:27:00,3,1,1,311,Other
16915,9,6,621.6800000000001,2011-11-30 16:39:00,5,4,3,543,Loyal Customers
16916,24,2,562.41,2011-11-16 12:08:00,4,2,3,423,Potential Loyalists
16917,277,1,391.52,2011-03-08 11:55:00,1,1,2,112,Lost Customers
16918,50,6,1068.82,2011-10-21 12:50:00,3,4,4,344,Loyal Customers
16919,156,11,2592.25,2011-07-06 13:35:00,2,5,5,255,At Risk
16921,61,1,154.18,2011-10-09 16:22:00,3,1,1,311,Other
16923,12,19,7069.08,2011-11-27 13:00:00,5,5,5,555,Champions
16924,21,3,829.89,2011-11-18 12:53:00,4,3,3,433,Potential Loyalists
16926,371,1,230.25,2010-12-03 13:42:00,1,1,1,111,Lost Customers
16927,116,3,543.05,2011-08-16 11:10:00,2,3,3,233,At Risk
16928,80,17,2814.7,2011-09-20 15:10:00,2,5,5,255,At Risk
16929,4,7,1295.39,2011-12-06 08:37:00,5,5,4,554,Champions
16930,26,3,378.89,2011-11-13 16:13:00,4,3,2,432,Potential Loyalists
16931,5,21,4554.87,2011-12-04 13:15:00,5,5,5,555,Champions
16932,53,1,150.23000000000002,2011-10-17 14:12:00,3,1,1,311,Other
16933,1,2,563.23,2011-12-08 12:54:00,5,2,3,523,Potential Loyalists
16934,55,2,931.03,2011-10-16 12:40:00,3,2,3,323,Other
16936,26,1,261.9,2011-11-14 11:04:00,4,1,2,412,New Customers
16938,9,4,2711.6800000000003,2011-12-01 10:20:00,5,4,5,545,Champions
16940,52,3,3049.88,2011-10-18 13:15:00,3,3,5,335,Other
16942,13,9,1904.99,2011-11-27 12:40:00,5,5,4,554,Champions
16943,212,3,816.73,2011-05-12 11:57:00,1,3,3,133,At Risk
16945,22,19,4345.5,2011-11-18 11:39:00,4,5,5,455,Champions
16947,236,1,406.48,2011-04-18 09:38:00,1,1,2,112,Lost Customers
16948,139,3,435.02,2011-07-24 12:46:00,2,3,2,232,At Risk
16949,4,6,1286.27,2011-12-06 11:07:00,5,4,4,544,Champions
16950,57,3,1178.56,2011-10-14 09:06:00,3,3,4,334,Other
16951,135,3,1277.75,2011-07-28 12:05:00,2,3,4,234,At Risk
16952,109,2,167.61,2011-08-22 13:03:00,2,2,1,221,Lost Customers
16953,30,1,20.8,2011-11-09 15:54:00,4,1,1,411,New Customers
16954,1,9,2085.08,2011-12-09 09:46:00,5,5,5,555,Champions
16955,185,4,518.67,2011-06-08 10:36:00,1,4,3,143,At Risk
16956,18,1,308.74,2011-11-22 08:56:00,4,1,2,412,New Customers
16957,239,2,416.64,2011-04-14 13:56:00,1,2,2,122,Lost Customers
16959,87,1,117.35000000000001,2011-09-13 15:03:00,2,1,1,211,Lost Customers
16960,39,3,507.05,2011-11-01 11:35:00,3,3,3,333,Other
16961,116,1,234.17000000000002,2011-08-15 13:46:00,2,1,1,211,Lost Customers
16963,187,1,110.55000000000001,2011-06-05 13:48:00,1,1,1,111,Lost Customers
16965,227,1,201.19,2011-04-27 12:08:00,1,1,1,111,Lost Customers
16966,8,7,2154.97,2011-12-01 13:40:00,5,5,5,555,Champions
16967,189,1,319.02,2011-06-03 14:24:00,1,1,2,112,Lost Customers
16968,4,2,439.43,2011-12-05 15:02:00,5,2,2,522,Potential Loyalists
16969,39,3,650.41,2011-10-31 13:12:00,3,3,3,333,Other
16971,38,1,357.21,2011-11-01 15:06:00,3,1,2,312,Other
16976,267,1,251.51999999999998,2011-03-17 16:33:00,1,1,2,112,Lost Customers
16978,78,1,344.33,2011-09-23 12:50:00,2,1,2,212,Lost Customers
16979,4,6,1852.0,2011-12-06 12:21:00,5,4,4,544,Champions
16980,255,2,1028.46,2011-03-29 16:36:00,1,2,4,124,At Risk
16982,61,1,384.06,2011-10-10 12:28:00,3,1,2,312,Other
16983,13,7,1905.87,2011-11-27 12:10:00,5,5,4,554,Champions
16984,88,2,4459.52,2011-09-12 13:43:00,2,2,5,225,At Risk
16985,17,10,5464.12,2011-11-22 13:33:00,4,5,5,455,Champions
16986,30,2,1873.2,2011-11-10 11:55:00,4,2,4,424,Potential Loyalists
16987,3,7,1616.8,2011-12-06 17:26:00,5,5,4,554,Champions
16988,5,1,126.12,2011-12-04 16:02:00,5,1,1,511,New Customers
16989,7,6,1133.25,2011-12-02 16:39:00,5,4,4,544,Champions
16990,219,1,179.0,2011-05-05 08:30:00,1,1,1,111,Lost Customers
16992,11,5,1614.31,2011-11-29 11:50:00,5,4,4,544,Champions
16996,30,6,1456.96,2011-11-09 16:43:00,4,4,4,444,Champions
16997,288,3,702.0,2011-02-24 17:28:00,1,3,3,133,At Risk
16998,150,4,295.0,2011-07-13 09:44:00,2,4,2,242,At Risk
16999,23,2,484.82,2011-11-16 13:53:00,4,2,2,422,Potential Loyalists
17001,1,11,3989.57,2011-12-09 09:38:00,5,5,5,555,Champions
17002,86,3,1493.73,2011-09-15 12:40:00,2,3,4,234,At Risk
17004,46,2,1312.1399999999999,2011-10-24 14:25:00,3,2,4,324,Other
17006,5,4,781.78,2011-12-05 12:09:00,5,4,3,543,Loyal Customers
17007,51,6,889.9300000000001,2011-10-20 10:47:00,3,4,3,343,Loyal Customers
17010,18,1,195.36,2011-11-21 14:49:00,4,1,1,411,New Customers
17011,30,1,270.9,2011-11-09 13:30:00,4,1,2,412,New Customers
17014,8,3,583.4300000000001,2011-12-01 14:09:00,5,3,3,533,Potential Loyalists
17015,29,3,1838.61,2011-11-11 10:45:00,4,3,4,434,Potential Loyalists
17017,3,20,8694.26,2011-12-07 09:32:00,5,5,5,555,Champions
17018,41,2,920.1,2011-10-30 11:42:00,3,2,3,323,Other
17019,11,4,1258.08,2011-11-28 13:06:00,5,4,4,544,Champions
17022,31,1,71.0,2011-11-08 17:09:00,4,1,1,411,New Customers
17024,45,3,95.85,2011-10-25 13:47:00,3,3,1,331,Other
17025,61,3,357.77,2011-10-10 09:06:00,3,3,2,332,Other
17026,185,2,154.83,2011-06-07 14:28:00,1,2,1,121,Lost Customers
17027,79,6,877.5600000000001,2011-09-22 12:24:00,2,4,3,243,At Risk
17029,111,2,716.0,2011-08-21 11:06:00,2,2,3,223,Lost Customers
17030,64,1,146.87,2011-10-07 08:49:00,3,1,1,311,Other
17031,12,2,380.35,2011-11-28 10:23:00,5,2,2,522,Potential Loyalists
17033,86,3,1030.14,2011-09-14 14:34:00,2,3,4,234,At Risk
17034,16,3,745.52,2011-11-23 15:14:00,4,3,3,433,Potential Loyalists
17035,246,2,433.53000000000003,2011-04-08 11:23:00,1,2,2,122,Lost Customers
17037,88,1,1267.32,2011-09-13 12:49:00,2,1,4,214,At Risk
17038,30,1,112.4,2011-11-09 13:50:00,4,1,1,411,New Customers
17040,138,1,449.73,2011-07-25 10:19:00,2,1,2,212,Lost Customers
17041,27,3,1071.49,2011-11-13 11:21:00,4,3,4,434,Potential Loyalists
17042,3,5,1036.58,2011-12-07 12:26:00,5,4,4,544,Champions
17043,32,4,1735.18,2011-11-07 15:33:00,4,4,4,444,Champions
17044,25,1,948.48,2011-11-14 14:28:00,4,1,4,414,New Customers
17045,113,3,339.44,2011-08-18 17:09:00,2,3,2,232,At Risk
17046,157,1,642.02,2011-07-05 14:24:00,2,1,3,213,Lost Customers
17047,85,3,1100.9,2011-09-15 13:27:00,2,3,4,234,At Risk
17048,118,3,925.35,2011-08-14 11:49:00,2,3,3,233,At Risk
17049,3,9,5655.03,2011-12-07 10:48:00,5,5,5,555,Champions
17050,96,6,3185.64,2011-09-04 13:48:00,2,4,5,245,At Risk
17051,194,1,240.89,2011-05-29 14:13:00,1,1,1,111,Lost Customers
17052,28,1,399.09,2011-11-11 14:50:00,4,1,2,412,New Customers
17053,131,1,498.48,2011-08-01 10:23:00,2,1,3,213,Lost Customers
17054,28,5,1356.33,2011-11-11 12:56:00,4,4,4,444,Champions
17058,82,3,1179.89,2011-09-19 10:13:00,2,3,4,234,At Risk
17059,30,5,3080.39,2011-11-10 12:27:00,4,4,5,445,Champions
17060,266,1,234.24,2011-03-18 13:27:00,1,1,1,111,Lost Customers
17061,74,11,5232.2300000000005,2011-09-27 11:24:00,2,5,5,255,At Risk
17062,314,4,533.33,2011-01-30 11:01:00,1,4,3,143,At Risk
17063,21,7,1461.14,2011-11-18 16:19:00,4,5,4,454,Champions
17064,59,3,855.45,2011-10-12 10:18:00,3,3,3,333,Other
17068,12,21,4552.14,2011-11-27 13:14:00,5,5,5,555,Champions
17069,28,9,2709.7000000000003,2011-11-11 17:13:00,4,5,5,455,Champions
17070,114,1,304.24,2011-08-17 17:01:00,2,1,2,212,Lost Customers
17071,28,9,2429.03,2011-11-11 16:31:00,4,5,5,455,Champions
17073,18,4,1446.09,2011-11-22 11:47:00,4,4,4,444,Champions
17075,18,4,834.12,2011-11-22 11:58:00,4,4,3,443,Loyal Customers
17076,36,3,841.0799999999999,2011-11-03 17:53:00,3,3,3,333,Other
17078,36,2,378.2,2011-11-03 19:17:00,3,2,2,322,Other
17079,78,1,118.80000000000001,2011-09-22 15:34:00,2,1,1,211,Lost Customers
17080,22,2,287.62,2011-11-17 12:59:00,4,2,2,422,Potential Loyalists
17081,25,2,288.91,2011-11-14 12:56:00,4,2,2,422,Potential Loyalists
17082,33,2,2003.8500000000001,2011-11-06 15:17:00,3,2,4,324,Other
17083,109,3,1405.78,2011-08-22 15:43:00,2,3,4,234,At Risk
17084,35,2,2747.9900000000002,2011-11-04 14:54:00,3,2,5,325,Other
17085,123,5,1562.4,2011-08-08 14:15:00,2,4,4,244,At Risk
17086,7,6,2050.08,2011-12-02 13:54:00,5,4,4,544,Champions
17088,28,4,1991.01,2011-11-11 14:23:00,4,4,4,444,Champions
17090,4,7,1974.65,2011-12-05 13:44:00,5,5,4,554,Champions
17091,3,9,3827.76,2011-12-07 10:43:00,5,5,5,555,Champions
17092,50,4,1774.03,2011-10-20 19:51:00,3,4,4,344,Loyal Customers
17094,322,1,302.0,2011-01-21 13:09:00,1,1,2,112,Lost Customers
17095,23,3,1324.16,2011-11-17 12:21:00,4,3,4,434,Potential Loyalists
17096,15,4,1022.13,2011-11-24 15:01:00,4,4,4,444,Champions
17097,2,8,954.42,2011-12-07 17:05:00,5,5,4,554,Champions
17100,18,2,971.74,2011-11-21 16:36:00,4,2,4,424,Potential Loyalists
17101,10,4,1621.73,2011-11-29 13:57:00,5,4,4,544,Champions
17102,262,1,25.5,2011-03-23 10:08:00,1,1,1,111,Lost Customers
17105,159,2,665.78,2011-07-03 15:53:00,2,2,3,223,Lost Customers
17107,33,6,10797.48,2011-11-06 14:14:00,3,4,5,345,Loyal Customers
17109,29,6,881.29,2011-11-10 16:59:00,4,4,3,443,Loyal Customers
17110,165,1,163.29999999999998,2011-06-27 12:58:00,2,1,1,211,Lost Customers
17111,47,1,231.61,2011-10-23 15:59:00,3,1,1,311,Other
17114,6,8,801.12,2011-12-04 12:17:00,5,5,3,553,Loyal Customers
17115,8,3,837.5,2011-12-01 14:30:00,5,3,3,533,Potential Loyalists
17117,288,1,116.2,2011-02-24 13:54:00,1,1,1,111,Lost Customers
17118,318,1,157.02,2011-01-26 12:19:00,1,1,1,111,Lost Customers
17119,3,2,606.91,2011-12-06 14:40:00,5,2,3,523,Potential Loyalists
17120,233,1,307.46,2011-04-20 15:21:00,1,1,2,112,Lost Customers
17122,119,1,138.32,2011-08-12 14:33:00,2,1,1,211,Lost Customers
17123,162,1,345.3,2011-07-01 10:47:00,2,1,2,212,Lost Customers
17124,185,1,294.24,2011-06-07 14:02:00,1,1,2,112,Lost Customers
17125,50,1,230.5,2011-10-20 14:41:00,3,1,1,311,Other
17126,152,5,989.45,2011-07-10 13:52:00,2,4,4,244,At Risk
17128,335,1,157.09,2011-01-09 12:02:00,1,1,1,111,Lost Customers
17131,5,5,2463.17,2011-12-04 12:52:00,5,4,5,545,Champions
17133,16,7,4892.240000000001,2011-11-24 12:27:00,4,5,5,455,Champions
17134,107,2,413.2,2011-08-25 09:53:00,2,2,2,222,Lost Customers
17135,16,7,1139.73,2011-11-23 16:48:00,4,5,4,454,Champions
17138,276,1,380.5,2011-03-09 11:54:00,1,1,2,112,Lost Customers
17139,16,12,10650.77,2011-11-24 10:12:00,4,5,5,455,Champions
17140,247,1,454.12,2011-04-06 13:33:00,1,1,2,112,Lost Customers
17142,239,1,579.0,2011-04-14 18:22:00,1,1,3,113,Lost Customers
17144,1,2,984.57,2011-12-08 17:57:00,5,2,4,524,Potential Loyalists
17146,106,3,749.78,2011-08-26 12:44:00,2,3,3,233,At Risk
17147,23,4,1714.59,2011-11-17 12:32:00,4,4,4,444,Champions
17148,52,1,124.88,2011-10-19 09:59:00,3,1,1,311,Other
17152,195,3,1689.5,2011-05-29 12:19:00,1,3,4,134,At Risk
17153,24,1,213.78,2011-11-15 13:42:00,4,1,1,411,New Customers
17154,75,1,329.34,2011-09-25 13:42:00,2,1,2,212,Lost Customers
17155,18,2,251.7,2011-11-22 12:38:00,4,2,2,422,Potential Loyalists
17157,8,2,319.0,2011-12-02 09:10:00,5,2,2,522,Potential Loyalists
17158,32,3,1266.97,2011-11-07 15:15:00,4,3,4,434,Potential Loyalists
17159,22,3,1538.88,2011-11-18 10:52:00,4,3,4,434,Potential Loyalists
17160,31,6,3518.03,2011-11-08 14:05:00,4,4,5,445,Champions
17162,29,10,1715.46,2011-11-11 11:34:00,4,5,4,454,Champions
17163,22,2,293.1,2011-11-18 08:57:00,4,2,2,422,Potential Loyalists
17164,33,7,2467.35,2011-11-07 09:14:00,3,5,5,355,Loyal Customers
17165,284,1,158.68,2011-02-28 16:39:00,1,1,1,111,Lost Customers
17166,39,2,206.34,2011-11-01 09:46:00,3,2,1,321,Other
17169,58,2,835.78,2011-10-13 10:25:00,3,2,3,323,Other
17171,289,1,224.91,2011-02-23 16:37:00,1,1,1,111,Lost Customers
17172,79,1,317.76,2011-09-22 09:36:00,2,1,2,212,Lost Customers
17173,5,8,3766.6,2011-12-04 14:40:00,5,5,5,555,Champions
17174,218,1,59.9,2011-05-06 11:47:00,1,1,1,111,Lost Customers
17175,44,4,1443.69,2011-10-26 15:31:00,3,4,4,344,Loyal Customers
17176,202,1,306.13,2011-05-22 12:41:00,1,1,2,112,Lost Customers
17179,178,3,711.79,2011-06-14 16:48:00,2,3,3,233,At Risk
17180,56,4,783.97,2011-10-14 15:46:00,3,4,3,343,Loyal Customers
17181,57,2,239.92000000000002,2011-10-13 14:48:00,3,2,1,321,Other
17183,8,6,3347.31,2011-12-02 10:07:00,5,4,5,545,Champions
17186,47,2,144.0,2011-10-24 10:20:00,3,2,1,321,Other
17187,227,1,203.95,2011-04-27 12:39:00,1,1,1,111,Lost Customers
17188,11,7,2474.23,2011-11-28 13:53:00,5,5,5,555,Champions
17189,106,2,383.75,2011-08-25 19:39:00,2,2,2,222,Lost Customers
17190,59,2,444.74,2011-10-12 11:33:00,3,2,2,322,Other
17191,28,7,2093.68,2011-11-11 16:58:00,4,5,5,455,Champions
17193,36,7,1699.3,2011-11-04 12:47:00,3,5,4,354,Loyal Customers
17194,274,2,262.62,2011-03-11 12:05:00,1,2,2,122,Lost Customers
17197,30,1,1013.01,2011-11-10 10:32:00,4,1,4,414,New Customers
17198,24,3,692.22,2011-11-16 10:39:00,4,3,3,433,Potential Loyalists
17201,54,1,289.78000000000003,2011-10-17 11:55:00,3,1,2,312,Other
17203,36,6,3560.08,2011-11-04 12:27:00,3,4,5,345,Loyal Customers
17204,175,4,1564.56,2011-06-17 14:46:00,2,4,4,244,At Risk
17205,54,1,384.08,2011-10-17 12:46:00,3,1,2,312,Other
17206,53,1,204.24,2011-10-17 13:25:00,3,1,1,311,Other
17211,27,8,2317.2200000000003,2011-11-13 12:03:00,4,5,5,455,Champions
17212,253,1,226.85,2011-03-31 19:42:00,1,1,1,111,Lost Customers
17213,40,7,2781.23,2011-10-30 14:53:00,3,5,5,355,Loyal Customers
17214,60,6,1059.1200000000001,2011-10-10 13:17:00,3,4,4,344,Loyal Customers
17217,234,1,113.5,2011-04-19 17:19:00,1,1,1,111,Lost Customers
17218,4,10,1951.97,2011-12-05 13:52:00,5,5,4,554,Champions
17219,32,1,114.23,2011-11-08 11:25:00,4,1,1,411,New Customers
17220,24,14,3187.55,2011-11-15 13:47:00,4,5,5,455,Champions
17221,7,2,334.48,2011-12-02 13:35:00,5,2,2,522,Potential Loyalists
17222,65,1,328.65,2011-10-05 13:58:00,3,1,2,312,Other
17223,310,2,416.89,2011-02-02 15:57:00,1,2,2,122,Lost Customers
17226,309,1,393.49,2011-02-04 11:52:00,1,1,2,112,Lost Customers
17227,19,6,939.32,2011-11-21 10:51:00,4,4,4,444,Champions
17228,16,8,1906.09,2011-11-24 10:24:00,4,5,4,454,Champions
17229,96,2,318.76,2011-09-04 13:56:00,2,2,2,222,Lost Customers
17230,264,8,3638.41,2011-03-20 16:12:00,1,5,5,155,At Risk
17231,12,10,3124.72,2011-11-27 15:18:00,5,5,5,555,Champions
17232,3,2,417.77,2011-12-07 12:21:00,5,2,2,522,Potential Loyalists
17233,35,1,190.88,2011-11-04 14:06:00,3,1,1,311,Other
17234,183,1,149.89,2011-06-10 11:20:00,1,1,1,111,Lost Customers
17235,25,2,550.0600000000001,2011-11-14 15:51:00,4,2,3,423,Potential Loyalists
17236,13,6,916.13,2011-11-27 12:00:00,5,4,3,543,Loyal Customers
17237,11,2,314.69,2011-11-28 15:02:00,5,2,2,522,Potential Loyalists
17238,3,17,3719.1,2011-12-07 11:35:00,5,5,5,555,Champions
17239,313,1,382.5,2011-01-31 09:41:00,1,1,2,112,Lost Customers
17242,108,2,1135.04,2011-08-23 14:55:00,2,2,4,224,At Risk
17243,1,26,8540.05,2011-12-08 13:26:00,5,5,5,555,Champions
17244,53,1,954.9,2011-10-17 15:19:00,3,1,4,314,Other
17245,205,1,171.45000000000002,2011-05-19 10:43:00,1,1,1,111,Lost Customers
17247,15,1,280.09000000000003,2011-11-24 15:21:00,4,1,2,412,New Customers
17248,120,1,318.65,2011-08-11 13:34:00,2,1,2,212,Lost Customers
17250,4,2,381.97,2011-12-06 12:15:00,5,2,2,522,Potential Loyalists
17251,363,1,269.83,2010-12-12 11:06:00,1,1,2,112,Lost Customers
17252,117,2,348.90999999999997,2011-08-15 09:45:00,2,2,2,222,Lost Customers
17253,18,1,178.26,2011-11-21 12:59:00,4,1,1,411,New Customers
17254,5,2,271.19,2011-12-05 12:46:00,5,2,2,522,Potential Loyalists
17255,41,2,291.48,2011-10-30 12:18:00,3,2,2,322,Other
17256,107,2,240.0,2011-08-24 13:30:00,2,2,1,221,Lost Customers
17259,148,2,581.23,2011-07-14 15:01:00,2,2,3,223,Lost Customers
17262,52,5,1253.3600000000001,2011-10-18 12:56:00,3,4,4,344,Loyal Customers
17263,208,1,63.440000000000005,2011-05-15 14:32:00,1,1,1,111,Lost Customers
17265,139,2,550.01,2011-07-24 10:49:00,2,2,3,223,Lost Customers
17266,2,3,296.58,2011-12-07 14:12:00,5,3,2,532,Potential Loyalists
17267,127,2,317.2,2011-08-04 17:22:00,2,2,2,222,Lost Customers
17268,108,4,763.64,2011-08-24 10:06:00,2,4,3,243,At Risk
17272,42,4,2148.63,2011-10-28 16:37:00,3,4,5,345,Loyal Customers
17274,35,1,107.82,2011-11-04 13:16:00,3,1,1,311,Other
17277,228,2,1065.3500000000001,2011-04-26 12:47:00,1,2,4,124,At Risk
17278,241,1,246.04000000000002,2011-04-12 13:10:00,1,1,1,111,Lost Customers
17279,58,1,187.82999999999998,2011-10-13 11:58:00,3,1,1,311,Other
17282,130,3,1685.46,2011-08-01 14:29:00,2,3,4,234,At Risk
17284,60,6,1647.48,2011-10-10 14:38:00,3,4,4,344,Loyal Customers
17286,22,1,151.37,2011-11-18 12:47:00,4,1,1,411,New Customers
17287,26,7,1049.06,2011-11-13 13:27:00,4,5,4,454,Champions
17288,9,7,1417.6299999999999,2011-11-30 16:09:00,5,5,4,554,Champions
17289,32,3,931.02,2011-11-08 12:01:00,4,3,3,433,Potential Loyalists
17290,4,2,513.01,2011-12-06 12:38:00,5,2,3,523,Potential Loyalists
17291,308,1,550.8000000000001,2011-02-04 13:04:00,1,1,3,113,Lost Customers
17293,8,9,1854.06,2011-12-01 14:37:00,5,5,4,554,Champions
17295,29,3,547.0,2011-11-11 10:49:00,4,3,3,433,Potential Loyalists
17297,17,1,128.18,2011-11-22 14:43:00,4,1,1,411,New Customers
17298,101,2,498.42,2011-08-30 16:43:00,2,2,3,223,Lost Customers
17299,12,4,656.61,2011-11-28 12:01:00,5,4,3,543,Loyal Customers
17301,21,1,163.24,2011-11-18 13:43:00,4,1,1,411,New Customers
17302,15,5,1135.63,2011-11-25 09:36:00,4,4,4,444,Champions
17303,361,1,250.04,2010-12-13 13:32:00,1,1,2,112,Lost Customers
17306,11,19,8631.31,2011-11-29 12:14:00,5,5,5,555,Champions
17309,95,1,82.75,2011-09-05 15:20:00,2,1,1,211,Lost Customers
17311,78,2,1384.85,2011-09-22 14:11:00,2,2,4,224,At Risk
17312,139,3,644.3,2011-07-24 11:52:00,2,3,3,233,At Risk
17313,31,1,2328.84,2011-11-08 15:45:00,4,1,5,415,New Customers
17314,25,8,2527.92,2011-11-15 09:41:00,4,5,5,455,Champions
17315,2,38,6281.2300000000005,2011-12-08 12:15:00,5,5,5,555,Champions
17317,46,3,2600.34,2011-10-24 17:19:00,3,3,5,335,Other
17320,100,3,1200.6200000000001,2011-08-31 13:31:00,2,3,4,234,At Risk
17321,8,2,657.16,2011-12-01 13:41:00,5,2,3,523,Potential Loyalists
17323,15,7,906.52,2011-11-24 17:29:00,4,5,3,453,Loyal Customers
17324,18,4,986.48,2011-11-22 10:34:00,4,4,4,444,Champions
17325,280,1,96.8,2011-03-04 13:09:00,1,1,1,111,Lost Customers
17329,14,2,523.11,2011-11-25 14:24:00,4,2,3,423,Potential Loyalists
17330,23,2,363.9,2011-11-17 08:56:00,4,2,2,422,Potential Loyalists
17331,124,1,175.2,2011-08-08 11:55:00,2,1,1,211,Lost Customers
17333,86,1,494.25,2011-09-15 10:11:00,2,1,3,213,Lost Customers
17334,302,2,307.02000000000004,2011-02-10 14:59:00,1,2,2,122,Lost Customers
17337,151,4,1981.06,2011-07-11 14:55:00,2,4,4,244,At Risk
17338,17,8,6493.54,2011-11-22 14:23:00,4,5,5,455,Champions
17339,94,2,243.36,2011-09-06 13:29:00,2,2,1,221,Lost Customers
17340,30,11,12353.29,2011-11-10 10:45:00,4,5,5,455,Champions
17341,157,3,682.29,2011-07-06 12:33:00,2,3,3,233,At Risk
17343,355,1,193.64,2010-12-19 15:07:00,1,1,1,111,Lost Customers
17344,46,1,157.62,2011-10-24 12:56:00,3,1,1,311,Other
17345,15,4,519.6899999999999,2011-11-24 15:03:00,4,4,3,443,Loyal Customers
17346,4,15,2622.88,2011-12-06 12:18:00,5,5,5,555,Champions
17347,86,1,228.96,2011-09-14 13:12:00,2,1,1,211,Lost Customers
17348,15,5,1156.6,2011-11-25 11:25:00,4,4,4,444,Champions
17349,179,1,98.25,2011-06-13 14:29:00,1,1,1,111,Lost Customers
17350,8,4,1281.32,2011-12-01 15:47:00,5,4,4,544,Champions
17351,36,3,587.15,2011-11-03 18:45:00,3,3,3,333,Other
17353,129,2,1740.0,2011-08-02 17:19:00,2,2,4,224,At Risk
17354,51,1,1393.06,2011-10-20 10:34:00,3,1,4,314,Other
17356,312,1,178.22,2011-02-01 11:07:00,1,1,1,111,Lost Customers
17357,24,2,384.39,2011-11-15 16:30:00,4,2,2,422,Potential Loyalists
17358,303,2,360.81,2011-02-09 16:57:00,1,2,2,122,Lost Customers
17359,11,1,127.86,2011-11-28 14:37:00,5,1,1,511,New Customers
17360,17,3,568.24,2011-11-22 13:11:00,4,3,3,433,Potential Loyalists
17361,49,3,488.2,2011-10-21 15:43:00,3,3,3,333,Other
17362,239,2,312.23,2011-04-14 14:43:00,1,2,2,122,Lost Customers
17364,1,11,4462.68,2011-12-09 09:00:00,5,5,5,555,Champions
17365,13,8,4767.36,2011-11-27 12:13:00,5,5,5,555,Champions
17367,238,1,167.55,2011-04-15 14:21:00,1,1,1,111,Lost Customers
17368,23,8,1878.87,2011-11-16 15:26:00,4,5,4,454,Champions
17370,73,4,446.18,2011-09-28 10:14:00,2,4,2,242,At Risk
17371,17,3,418.4,2011-11-22 13:30:00,4,3,2,432,Potential Loyalists
17372,41,8,1337.18,2011-10-30 11:37:00,3,5,4,354,Loyal Customers
17373,40,4,646.92,2011-10-30 15:28:00,3,4,3,343,Loyal Customers
17374,219,2,495.77,2011-05-05 09:05:00,1,2,3,123,Lost Customers
17375,199,3,400.1,2011-05-24 15:45:00,1,3,2,132,At Risk
17376,71,2,203.2,2011-09-30 12:36:00,3,2,1,321,Other
17377,24,20,4058.32,2011-11-16 11:17:00,4,5,5,455,Champions
17379,11,1,389.71999999999997,2011-11-28 13:56:00,5,1,2,512,New Customers
17381,9,29,20275.61,2011-12-01 11:59:00,5,5,5,555,Champions
17382,65,1,65.4,2011-10-05 13:05:00,3,1,1,311,Other
17383,4,1,193.39000000000001,2011-12-05 17:36:00,5,1,1,511,New Customers
17384,19,2,336.4,2011-11-20 15:48:00,4,2,2,422,Potential Loyalists
17385,15,1,256.11,2011-11-25 11:02:00,4,1,2,412,New Customers
17386,8,6,2686.42,2011-12-02 11:28:00,5,4,5,545,Champions
17387,20,2,746.81,2011-11-20 11:00:00,4,2,3,423,Potential Loyalists
17388,78,4,1259.56,2011-09-23 10:31:00,2,4,4,244,At Risk
17389,1,34,31833.68,2011-12-09 09:38:00,5,5,5,555,Champions
17391,164,2,508.8,2011-06-29 09:58:00,2,2,3,223,Lost Customers
17392,307,2,417.27,2011-02-06 12:48:00,1,2,2,122,Lost Customers
17394,219,1,203.86999999999998,2011-05-04 13:22:00,1,1,1,111,Lost Customers
17396,39,8,7330.8,2011-10-31 14:12:00,3,5,5,355,Loyal Customers
17397,22,2,681.41,2011-11-17 14:08:00,4,2,3,423,Potential Loyalists
17398,115,3,653.38,2011-08-17 09:48:00,2,3,3,233,At Risk
17400,126,5,2097.84,2011-08-05 15:38:00,2,4,5,245,At Risk
17402,5,13,2633.85,2011-12-05 10:15:00,5,5,5,555,Champions
17403,36,1,263.92,2011-11-03 15:18:00,3,1,2,312,Other
17404,4,15,31906.82,2011-12-05 16:26:00,5,5,5,555,Champions
17405,1,3,1031.41,2011-12-08 17:12:00,5,3,4,534,Potential Loyalists
17406,333,3,2184.42,2011-01-10 15:07:00,1,3,5,135,At Risk
17408,163,1,32.65,2011-06-29 12:53:00,2,1,1,211,Lost Customers
17409,185,2,771.85,2011-06-08 10:36:00,1,2,3,123,Lost Customers
17410,16,5,1214.72,2011-11-23 15:46:00,4,4,4,444,Champions
17411,12,3,778.94,2011-11-27 14:25:00,5,3,3,533,Potential Loyalists
17412,3,7,1258.06,2011-12-07 11:36:00,5,5,4,554,Champions
17414,44,2,778.0,2011-10-27 12:13:00,3,2,3,323,Other
17415,80,1,507.84,2011-09-21 12:50:00,2,1,3,213,Lost Customers
17416,30,7,6893.42,2011-11-10 12:47:00,4,5,5,455,Champions
17418,42,2,463.46000000000004,2011-10-28 13:00:00,3,2,2,322,Other
17419,11,12,4226.57,2011-11-28 13:47:00,5,5,5,555,Champions
17420,50,3,598.83,2011-10-20 14:52:00,3,3,3,333,Other
17422,16,6,1979.37,2011-11-23 13:27:00,4,4,4,444,Champions
17423,46,2,698.41,2011-10-24 13:36:00,3,2,3,323,Other
17425,19,2,759.1700000000001,2011-11-20 15:30:00,4,2,3,423,Potential Loyalists
17426,8,6,5037.26,2011-12-01 18:07:00,5,4,5,545,Champions
17427,72,1,100.8,2011-09-29 11:29:00,2,1,1,211,Lost Customers
17428,1,28,17256.85,2011-12-09 09:45:00,5,5,5,555,Champions
17429,128,3,524.9200000000001,2011-08-03 13:22:00,2,3,3,233,At Risk
17430,33,2,265.76,2011-11-07 09:24:00,3,2,2,322,Other
17431,313,1,403.3,2011-01-30 14:36:00,1,1,2,112,Lost Customers
17432,18,2,365.76,2011-11-21 17:33:00,4,2,2,422,Potential Loyalists
17433,88,1,303.16,2011-09-12 14:24:00,2,1,2,212,Lost Customers
17434,2,7,2373.82,2011-12-07 13:16:00,5,5,5,555,Champions
17436,2,2,216.3,2011-12-08 12:30:00,5,2,1,521,Potential Loyalists
17438,254,1,388.45000000000005,2011-03-31 10:26:00,1,1,2,112,Lost Customers
17440,157,3,186.42000000000002,2011-07-06 11:54:00,2,3,1,231,At Risk
17442,37,6,2248.56,2011-11-03 09:17:00,3,4,5,345,Loyal Customers
17443,220,1,534.24,2011-05-04 10:47:00,1,1,3,113,Lost Customers
17444,148,3,2940.04,2011-07-15 12:05:00,2,3,5,235,At Risk
17446,177,2,120.89999999999999,2011-06-16 10:42:00,2,2,1,221,Lost Customers
17447,40,2,541.53,2011-10-30 14:18:00,3,2,3,323,Other
17449,2,7,2519.21,2011-12-07 16:56:00,5,5,5,555,Champions
17450,8,46,194390.79,2011-12-01 13:29:00,5,5,5,555,Champions
17451,1,7,1721.4,2011-12-08 15:02:00,5,5,4,554,Champions
17453,18,2,486.72,2011-11-22 09:42:00,4,2,2,422,Potential Loyalists
17454,192,4,517.53,2011-05-31 13:58:00,1,4,3,143,At Risk
17455,204,1,131.7,2011-05-20 12:31:00,1,1,1,111,Lost Customers
17456,365,1,249.86,2010-12-09 15:23:00,1,1,2,112,Lost Customers
17457,127,5,1737.7,2011-08-05 12:48:00,2,4,4,244,At Risk
17458,15,1,316.5,2011-11-24 13:01:00,4,1,2,412,New Customers
17459,43,2,657.3,2011-10-27 13:25:00,3,2,3,323,Other
17460,94,6,622.4300000000001,2011-09-06 15:04:00,2,4,3,243,At Risk
17461,23,3,735.82,2011-11-17 10:21:00,4,3,3,433,Potential Loyalists
17462,60,2,675.69,2011-10-10 13:56:00,3,2,3,323,Other
17463,16,5,1875.8600000000001,2011-11-23 13:40:00,4,4,4,444,Champions
17464,158,1,289.96000000000004,2011-07-04 13:19:00,2,1,2,212,Lost Customers
17466,10,2,763.28,2011-11-29 13:15:00,5,2,3,523,Potential Loyalists
17468,10,2,137.0,2011-11-29 15:33:00,5,2,1,521,Potential Loyalists
17469,16,5,1870.97,2011-11-23 13:15:00,4,4,4,444,Champions
17470,45,5,1125.07,2011-10-26 12:42:00,3,4,4,344,Loyal Customers
17472,191,3,697.54,2011-06-01 14:57:00,1,3,3,133,At Risk
17475,79,1,194.37,2011-09-21 14:55:00,2,1,1,211,Lost Customers
17480,78,1,511.82,2011-09-23 11:39:00,2,1,3,213,Lost Customers
17481,4,4,1255.59,2011-12-06 12:28:00,5,4,4,544,Champions
17483,65,3,414.04,2011-10-05 13:10:00,3,3,2,332,Other
17486,261,1,396.87,2011-03-23 14:00:00,1,1,2,112,Lost Customers
17489,59,2,376.64,2011-10-12 08:56:00,3,2,2,322,Other
17490,1,7,2092.32,2011-12-09 09:08:00,5,5,5,555,Champions
17491,1,10,3558.87,2011-12-08 16:18:00,5,5,5,555,Champions
17492,248,1,374.57,2011-04-05 15:21:00,1,1,2,112,Lost Customers
17495,8,2,497.56,2011-12-02 12:08:00,5,2,3,523,Potential Loyalists
17496,359,1,271.05,2010-12-16 08:39:00,1,1,2,112,Lost Customers
17498,76,1,272.21999999999997,2011-09-25 12:25:00,2,1,2,212,Lost Customers
17499,290,1,622.88,2011-02-23 09:14:00,1,1,3,113,Lost Customers
17500,17,3,1138.0,2011-11-22 14:25:00,4,3,4,434,Potential Loyalists
17501,221,2,288.6,2011-05-03 09:47:00,1,2,2,122,Lost Customers
17502,9,4,689.1,2011-11-30 13:13:00,5,4,3,543,Loyal Customers
17503,3,2,558.96,2011-12-07 09:18:00,5,2,3,523,Potential Loyalists
17504,206,9,2997.03,2011-05-17 12:59:00,1,5,5,155,At Risk
17505,162,2,1145.8400000000001,2011-07-01 12:50:00,2,2,4,224,At Risk
17506,76,1,302.2,2011-09-25 11:39:00,2,1,2,212,Lost Customers
17507,262,2,605.58,2011-03-23 11:48:00,1,2,3,123,Lost Customers
17508,281,1,387.31,2011-03-04 08:10:00,1,1,2,112,Lost Customers
17509,58,8,6083.64,2011-10-13 10:26:00,3,5,5,355,Loyal Customers
17510,25,1,308.48,2011-11-15 10:00:00,4,1,2,412,New Customers
17511,3,31,91062.38,2011-12-07 10:12:00,5,5,5,555,Champions
17512,29,10,2924.9900000000002,2011-11-11 12:11:00,4,5,5,455,Champions
17513,72,1,513.2,2011-09-28 16:42:00,2,1,3,213,Lost Customers
17514,128,1,208.65,2011-08-03 15:45:00,2,1,1,211,Lost Customers
17515,31,4,639.02,2011-11-08 14:04:00,4,4,3,443,Loyal Customers
17516,15,5,764.88,2011-11-24 16:51:00,4,4,3,443,Loyal Customers
17517,309,1,153.94,2011-02-04 11:48:00,1,1,1,111,Lost Customers
17519,17,6,1844.02,2011-11-22 16:43:00,4,4,4,444,Champions
17520,54,1,546.81,2011-10-17 12:04:00,3,1,3,313,Other
17521,30,3,723.21,2011-11-10 11:22:00,4,3,3,433,Potential Loyalists
17522,2,5,1070.71,2011-12-08 12:31:00,5,4,4,544,Champions
17523,11,4,652.74,2011-11-28 13:20:00,5,4,3,543,Loyal Customers
17524,361,1,145.0,2010-12-13 14:32:00,1,1,1,111,Lost Customers
17525,360,1,422.7,2010-12-15 12:05:00,1,1,2,112,Lost Customers
17526,5,4,1195.8999999999999,2011-12-05 11:05:00,5,4,4,544,Champions
17527,54,4,939.37,2011-10-17 12:32:00,3,4,4,344,Loyal Customers
17528,1,8,3628.5,2011-12-08 13:27:00,5,5,5,555,Champions
17530,1,10,2367.12,2011-12-08 18:42:00,5,5,5,555,Champions
17531,190,1,296.7,2011-06-02 19:17:00,1,1,2,112,Lost Customers
17534,54,1,223.36,2011-10-17 12:47:00,3,1,1,311,Other
17535,280,1,164.4,2011-03-04 15:20:00,1,1,1,111,Lost Customers
17536,177,1,76.5,2011-06-15 13:23:00,2,1,1,211,Lost Customers
17537,30,2,887.6700000000001,2011-11-10 10:56:00,4,2,3,423,Potential Loyalists
17538,26,1,98.42,2011-11-14 12:12:00,4,1,1,411,New Customers
17540,25,2,578.9,2011-11-15 11:56:00,4,2,3,423,Potential Loyalists
17542,270,1,170.75,2011-03-15 11:45:00,1,1,1,111,Lost Customers
17545,43,3,642.32,2011-10-27 14:04:00,3,3,3,333,Other
17548,234,1,103.3,2011-04-20 12:01:00,1,1,1,111,Lost Customers
17549,24,2,148.86,2011-11-16 09:59:00,4,2,1,421,Potential Loyalists
17550,197,3,267.16,2011-05-26 14:09:00,1,3,2,132,At Risk
17551,359,1,290.34,2010-12-15 14:12:00,1,1,2,112,Lost Customers
17552,60,4,930.41,2011-10-10 17:00:00,3,4,3,343,Loyal Customers
17553,130,1,1487.6,2011-08-02 10:00:00,2,1,4,214,At Risk
17554,1,5,1952.45,2011-12-08 14:15:00,5,4,4,544,Champions
17555,20,2,480.31,2011-11-20 12:22:00,4,2,2,422,Potential Loyalists
17556,206,1,157.9,2011-05-18 10:48:00,1,1,1,111,Lost Customers
17557,14,3,541.46,2011-11-25 12:57:00,4,3,3,433,Potential Loyalists
17560,95,4,854.95,2011-09-06 09:18:00,2,4,3,243,At Risk
17561,19,1,165.12,2011-11-20 12:53:00,4,1,1,411,New Customers
17562,14,7,1122.38,2011-11-25 14:21:00,4,5,4,454,Champions
17564,24,3,454.01,2011-11-15 13:27:00,4,3,2,432,Potential Loyalists
17566,8,2,869.77,2011-12-01 19:54:00,5,2,3,523,Potential Loyalists
17567,7,8,4331.48,2011-12-02 15:48:00,5,5,5,555,Champions
17569,332,1,344.14,2011-01-11 14:15:00,1,1,2,112,Lost Customers
17571,50,4,1425.67,2011-10-20 15:57:00,3,4,4,344,Loyal Customers
17572,71,4,226.75000000000003,2011-09-29 17:53:00,3,4,1,341,Loyal Customers
17573,29,3,380.6,2011-11-10 13:01:00,4,3,2,432,Potential Loyalists
17574,243,1,185.65,2011-04-11 09:47:00,1,1,1,111,Lost Customers
17576,8,19,3564.83,2011-12-01 17:56:00,5,5,5,555,Champions
17578,218,1,143.45999999999998,2011-05-05 18:38:00,1,1,1,111,Lost Customers
17579,5,3,448.90000000000003,2011-12-05 12:28:00,5,3,2,532,Potential Loyalists
17580,253,3,215.72,2011-04-01 12:41:00,1,3,1,131,At Risk
17581,1,25,11025.24,2011-12-09 12:21:00,5,5,5,555,Champions
17582,236,1,175.27,2011-04-17 13:18:00,1,1,1,111,Lost Customers
17584,7,2,1242.3,2011-12-02 17:12:00,5,2,4,524,Potential Loyalists
17585,109,4,1116.68,2011-08-22 13:30:00,2,4,4,244,At Risk
17588,100,3,1240.2,2011-08-31 13:37:00,2,3,4,234,At Risk
17589,60,4,2404.17,2011-10-10 16:58:00,3,4,5,345,Loyal Customers
17590,2,3,1468.02,2011-12-07 12:55:00,5,3,4,534,Potential Loyalists
17591,73,7,2203.67,2011-09-27 13:42:00,2,5,5,255,At Risk
17593,4,5,3923.86,2011-12-06 10:30:00,5,4,5,545,Champions
17594,85,2,993.1800000000001,2011-09-15 16:34:00,2,2,4,224,At Risk
17595,12,2,386.69,2011-11-27 16:08:00,5,2,2,522,Potential Loyalists
17596,23,7,2806.69,2011-11-16 14:11:00,4,5,5,455,Champions
17597,214,1,2044.3700000000001,2011-05-10 11:54:00,1,1,4,114,At Risk
17600,18,1,161.67000000000002,2011-11-22 09:43:00,4,1,1,411,New Customers
17601,239,1,116.00999999999999,2011-04-14 18:02:00,1,1,1,111,Lost Customers
17602,2,6,5054.42,2011-12-07 13:53:00,5,4,5,545,Champions
17603,78,1,394.72,2011-09-22 14:18:00,2,1,2,212,Lost Customers
17604,217,2,309.36,2011-05-06 13:43:00,1,2,2,122,Lost Customers
17608,33,2,191.99,2011-11-06 13:06:00,3,2,1,321,Other
17609,41,5,1105.78,2011-10-30 12:28:00,3,4,4,344,Loyal Customers
17611,7,15,3961.12,2011-12-02 13:29:00,5,5,5,555,Champions
17612,53,6,2048.45,2011-10-17 14:59:00,3,4,4,344,Loyal Customers
17613,23,14,4544.55,2011-11-17 10:51:00,4,5,5,455,Champions
17614,57,1,386.32,2011-10-13 16:01:00,3,1,2,312,Other
17615,130,3,329.6,2011-08-01 14:06:00,2,3,2,232,At Risk
17616,174,3,571.1999999999999,2011-06-19 10:11:00,2,3,3,233,At Risk
17618,6,3,930.28,2011-12-04 11:50:00,5,3,3,533,Potential Loyalists
17619,312,1,214.37,2011-01-31 14:18:00,1,1,1,111,Lost Customers
17620,60,1,81.44,2011-10-11 12:08:00,3,1,1,311,Other
17621,21,3,1379.9,2011-11-18 17:11:00,4,3,4,434,Potential Loyalists
17623,33,1,527.05,2011-11-07 11:32:00,3,1,3,313,Other
17624,15,2,843.48,2011-11-25 10:52:00,4,2,3,423,Potential Loyalists
17625,18,4,2020.4,2011-11-21 13:36:00,4,4,4,444,Champions
17628,81,1,75.75,2011-09-19 15:21:00,2,1,1,211,Lost Customers
17629,6,8,1814.1200000000001,2011-12-04 10:56:00,5,5,4,554,Champions
17630,170,2,503.6,2011-06-23 11:58:00,2,2,3,223,Lost Customers
17631,2,3,528.33,2011-12-08 09:47:00,5,3,3,533,Potential Loyalists
17633,31,4,1324.84,2011-11-08 13:25:00,4,4,4,444,Champions
17634,36,9,2358.59,2011-11-03 13:09:00,3,5,5,355,Loyal Customers
17636,19,1,285.56,2011-11-20 14:40:00,4,1,2,412,New Customers
17637,31,2,547.0600000000001,2011-11-08 12:51:00,4,2,3,423,Potential Loyalists
17639,276,1,108.5,2011-03-08 15:22:00,1,1,1,111,Lost Customers
17640,87,1,621.66,2011-09-14 09:13:00,2,1,3,213,Lost Customers
17642,120,2,712.29,2011-08-12 09:11:00,2,2,3,223,Lost Customers
17643,373,1,101.55,2010-12-01 14:38:00,1,1,1,111,Lost Customers
17644,1,11,2895.64,2011-12-08 13:43:00,5,5,5,555,Champions
17646,219,3,1008.39,2011-05-04 13:17:00,1,3,4,134,At Risk
17647,65,1,133.06,2011-10-05 15:38:00,3,1,1,311,Other
17648,61,4,1797.5,2011-10-10 09:41:00,3,4,4,344,Loyal Customers
17649,138,1,868.49,2011-07-24 15:53:00,2,1,3,213,Lost Customers
17650,21,1,166.07999999999998,2011-11-18 14:52:00,4,1,1,411,New Customers
17651,12,10,3945.0,2011-11-28 10:29:00,5,5,5,555,Champions
17652,25,12,4867.72,2011-11-14 12:55:00,4,5,5,455,Champions
17653,37,4,1207.56,2011-11-03 12:46:00,3,4,4,344,Loyal Customers
17654,277,1,117.55,2011-03-07 13:17:00,1,1,1,111,Lost Customers
17655,11,7,2638.94,2011-11-29 11:34:00,5,5,5,555,Champions
17656,73,5,1674.69,2011-09-27 13:04:00,2,4,4,244,At Risk
17658,26,2,595.42,2011-11-14 12:07:00,4,2,3,423,Potential Loyalists
17659,17,12,2999.46,2011-11-22 13:29:00,4,5,5,455,Champions
17660,141,1,178.75,2011-07-21 13:37:00,2,1,1,211,Lost Customers
17663,26,7,1802.91,2011-11-14 08:56:00,4,5,4,454,Champions
17664,19,2,604.64,2011-11-21 11:29:00,4,2,3,423,Potential Loyalists
17666,4,2,728.16,2011-12-06 09:06:00,5,2,3,523,Potential Loyalists
17667,66,5,2055.51,2011-10-04 14:32:00,3,4,5,345,Loyal Customers
17668,1,2,347.75,2011-12-08 13:25:00,5,2,2,522,Potential Loyalists
17669,43,7,3406.7200000000003,2011-10-28 08:53:00,3,5,5,355,Loyal Customers
17670,228,1,205.7,2011-04-26 09:12:00,1,1,1,111,Lost Customers
17671,16,4,1572.71,2011-11-24 12:21:00,4,4,4,444,Champions
17672,50,2,3178.17,2011-10-20 14:18:00,3,2,5,325,Other
17673,2,6,1594.97,2011-12-08 12:50:00,5,4,4,544,Champions
17674,74,2,551.04,2011-09-26 13:35:00,2,2,3,223,Lost Customers
17675,1,31,20374.28,2011-12-08 18:03:00,5,5,5,555,Champions
17676,4,6,1371.18,2011-12-05 15:16:00,5,4,4,544,Champions
17677,2,30,16345.38,2011-12-08 09:56:00,5,5,5,555,Champions
17678,264,1,298.11,2011-03-21 11:52:00,1,1,2,112,Lost Customers
17679,53,2,1992.1100000000001,2011-10-18 07:43:00,3,2,4,324,Other
17680,24,1,184.4,2011-11-16 12:42:00,4,1,1,411,New Customers
17682,10,6,2474.33,2011-11-29 15:59:00,5,4,5,545,Champions
17684,44,1,239.41,2011-10-27 11:10:00,3,1,1,311,Other
17685,17,7,3155.83,2011-11-23 11:36:00,4,5,5,455,Champions
17686,7,7,5739.46,2011-12-02 15:39:00,5,5,5,555,Champions
17690,30,15,4726.8,2011-11-09 15:17:00,4,5,5,455,Champions
17691,358,2,290.40000000000003,2010-12-16 17:20:00,1,2,2,122,Lost Customers
17692,127,4,740.94,2011-08-04 14:01:00,2,4,3,243,At Risk
17693,137,1,200.47,2011-07-25 15:48:00,2,1,1,211,Lost Customers
17694,142,1,283.12,2011-07-21 12:00:00,2,1,2,212,Lost Customers
17695,132,2,765.34,2011-07-31 10:40:00,2,2,3,223,Lost Customers
17696,38,8,2285.71,2011-11-01 13:43:00,3,5,5,355,Loyal Customers
17697,236,1,338.95,2011-04-17 15:40:00,1,1,2,112,Lost Customers
17698,261,1,154.95,2011-03-24 11:34:00,1,1,1,111,Lost Customers
17700,17,4,2534.64,2011-11-23 11:51:00,4,4,5,445,Champions
17701,253,1,417.95,2011-04-01 12:25:00,1,1,2,112,Lost Customers
17702,30,4,1824.37,2011-11-09 16:03:00,4,4,4,444,Champions
17703,35,3,798.74,2011-11-04 15:51:00,3,3,3,333,Other
17704,169,2,885.19,2011-06-24 09:40:00,2,2,3,223,Lost Customers
17705,3,9,1823.52,2011-12-06 13:45:00,5,5,4,554,Champions
17706,4,17,10504.49,2011-12-05 13:34:00,5,5,5,555,Champions
17707,185,2,152.4,2011-06-07 15:03:00,1,2,1,121,Lost Customers
17708,188,2,263.33,2011-06-05 10:12:00,1,2,2,122,Lost Customers
17709,170,1,137.45,2011-06-23 11:55:00,2,1,1,211,Lost Customers
17711,11,2,385.1,2011-11-29 11:40:00,5,2,2,522,Potential Loyalists
17712,45,1,522.91,2011-10-26 12:28:00,3,1,3,313,Other
17714,321,1,153.0,2011-01-23 10:32:00,1,1,1,111,Lost Customers
17715,201,1,326.4,2011-05-23 12:32:00,1,1,2,112,Lost Customers
17716,23,11,5655.99,2011-11-17 12:00:00,4,5,5,455,Champions
17718,232,1,139.35,2011-04-21 13:39:00,1,1,1,111,Lost Customers
17719,38,15,5396.04,2011-11-02 10:36:00,3,5,5,355,Loyal Customers
17720,26,4,1195.94,2011-11-13 15:04:00,4,4,4,444,Champions
17722,96,4,2424.04,2011-09-04 15:22:00,2,4,5,245,At Risk
17723,127,6,3276.4000000000005,2011-08-04 18:37:00,2,4,5,245,At Risk
17724,71,3,1033.0,2011-09-29 15:26:00,3,3,4,334,Other
17725,16,11,3439.08,2011-11-23 16:34:00,4,5,5,455,Champions
17727,15,1,1060.25,2011-11-24 17:06:00,4,1,4,414,New Customers
17728,4,3,2876.01,2011-12-06 08:52:00,5,3,5,535,Potential Loyalists
17730,3,13,5298.4800000000005,2011-12-06 15:43:00,5,5,5,555,Champions
17731,79,4,1240.11,2011-09-21 15:02:00,2,4,4,244,At Risk
17732,373,1,303.97,2010-12-02 09:29:00,1,1,2,112,Lost Customers
17733,39,2,692.19,2011-11-01 08:16:00,3,2,3,323,Other
17734,54,3,700.63,2011-10-17 12:33:00,3,3,3,333,Other
17735,2,19,13110.02,2011-12-07 16:47:00,5,5,5,555,Champions
17736,9,3,377.44,2011-11-30 15:36:00,5,3,2,532,Potential Loyalists
17737,9,2,168.24,2011-11-30 15:16:00,5,2,1,521,Potential Loyalists
17738,19,4,1879.05,2011-11-20 15:05:00,4,4,4,444,Champions
17739,12,7,2791.35,2011-11-28 09:12:00,5,5,5,555,Champions
17742,113,2,355.11,2011-08-18 15:28:00,2,2,2,222,Lost Customers
17744,4,6,2322.4,2011-12-06 12:11:00,5,4,5,545,Champions
17746,240,1,110.25,2011-04-13 14:31:00,1,1,1,111,Lost Customers
17747,113,1,71.4,2011-08-19 08:13:00,2,1,1,211,Lost Customers
17749,178,2,674.52,2011-06-14 15:45:00,2,2,3,223,Lost Customers
17750,5,9,1710.45,2011-12-04 14:09:00,5,5,4,554,Champions
17752,359,1,80.64,2010-12-15 16:19:00,1,1,1,111,Lost Customers
17754,1,5,1664.6499999999999,2011-12-09 11:20:00,5,4,4,544,Champions
17757,1,30,5593.39,2011-12-08 15:31:00,5,5,5,555,Champions
17758,19,8,3408.2,2011-11-20 14:45:00,4,5,5,455,Champions
17759,17,3,819.96,2011-11-22 16:02:00,4,3,3,433,Potential Loyalists
17760,22,2,287.59,2011-11-18 10:56:00,4,2,2,422,Potential Loyalists
17761,33,1,712.78,2011-11-07 10:23:00,3,1,3,313,Other
17763,263,1,15.0,2011-03-21 14:25:00,1,1,1,111,Lost Customers
17764,51,2,772.55,2011-10-20 11:03:00,3,2,3,323,Other
17765,159,3,367.63,2011-07-04 12:41:00,2,3,2,232,At Risk
17767,15,1,271.2,2011-11-24 14:42:00,4,1,2,412,New Customers
17768,8,3,2081.9,2011-12-01 13:22:00,5,3,5,535,Potential Loyalists
17769,13,10,3957.43,2011-11-27 11:18:00,5,5,5,555,Champions
17770,199,5,1143.27,2011-05-25 12:34:00,1,4,4,144,At Risk
17771,57,2,245.81,2011-10-14 11:43:00,3,2,1,321,Other
17772,11,2,173.45,2011-11-29 11:05:00,5,2,1,521,Potential Loyalists
17774,97,4,1213.73,2011-09-04 12:49:00,2,4,4,244,At Risk
17775,255,1,56.4,2011-03-30 10:50:00,1,1,1,111,Lost Customers
17777,25,3,647.56,2011-11-15 12:02:00,4,3,3,433,Potential Loyalists
17779,21,3,650.32,2011-11-18 14:15:00,4,3,3,433,Potential Loyalists
17781,159,2,188.02,2011-07-03 16:00:00,2,2,1,221,Lost Customers
17783,72,2,283.47,2011-09-28 16:07:00,2,2,2,222,Lost Customers
17785,53,1,131.94,2011-10-17 13:43:00,3,1,1,311,Other
17786,85,2,266.85,2011-09-15 12:51:00,2,2,2,222,Lost Customers
17787,153,4,1817.54,2011-07-10 11:24:00,2,4,4,244,At Risk
17788,74,2,1117.9,2011-09-27 10:09:00,2,2,4,224,At Risk
17789,281,1,225.9,2011-03-03 13:14:00,1,1,1,111,Lost Customers
17790,27,14,1964.3,2011-11-13 11:30:00,4,5,4,454,Champions
17791,30,1,106.1,2011-11-10 12:09:00,4,1,1,411,New Customers
17793,25,1,300.34,2011-11-14 14:24:00,4,1,2,412,New Customers
17795,180,2,342.83,2011-06-13 12:36:00,1,2,2,122,Lost Customers
17796,40,4,690.0,2011-10-30 15:38:00,3,4,3,343,Loyal Customers
17797,22,3,780.43,2011-11-17 13:21:00,4,3,3,433,Potential Loyalists
17799,22,10,3039.17,2011-11-17 15:16:00,4,5,5,455,Champions
17800,37,9,1187.21,2011-11-02 12:57:00,3,5,4,354,Loyal Customers
17802,82,3,1285.04,2011-09-18 14:56:00,2,3,4,234,At Risk
17805,74,1,512.31,2011-09-27 11:49:00,2,1,3,213,Lost Customers
17806,11,1,546.04,2011-11-28 14:12:00,5,1,3,513,New Customers
17809,16,12,5411.91,2011-11-23 12:59:00,4,5,5,455,Champions
17811,4,39,7761.82,2011-12-05 13:46:00,5,5,5,555,Champions
17812,13,4,699.81,2011-11-27 11:47:00,5,4,3,543,Loyal Customers
17813,14,5,1698.07,2011-11-25 16:13:00,4,4,4,444,Champions
17816,37,4,36.56,2011-11-03 11:34:00,3,4,1,341,Loyal Customers
17817,4,3,387.68,2011-12-05 14:39:00,5,3,2,532,Potential Loyalists
17819,72,7,3704.87,2011-09-29 10:52:00,2,5,5,255,At Risk
17824,51,1,298.4,2011-10-19 14:14:00,3,1,2,312,Other
17827,5,5,1987.33,2011-12-04 15:00:00,5,4,4,544,Champions
17828,23,4,1820.09,2011-11-17 08:41:00,4,4,4,444,Champions
17829,299,1,889.24,2011-02-14 12:46:00,1,1,3,113,Lost Customers
17830,2,3,398.7,2011-12-08 12:28:00,5,3,2,532,Potential Loyalists
17831,33,1,35.400000000000006,2011-11-06 15:09:00,3,1,1,311,Other
17832,50,1,155.37,2011-10-21 11:43:00,3,1,1,311,Other
17835,3,3,342.24,2011-12-07 11:48:00,5,3,2,532,Potential Loyalists
17836,47,1,110.21000000000001,2011-10-23 16:13:00,3,1,1,311,Other
17837,42,8,1541.23,2011-10-28 16:13:00,3,5,4,354,Loyal Customers
17838,27,5,2720.8,2011-11-13 11:20:00,4,4,5,445,Champions
17839,42,1,318.15,2011-10-28 17:27:00,3,1,2,312,Other
17841,2,124,40519.84,2011-12-08 12:07:00,5,5,5,555,Champions
17843,303,1,205.48,2011-02-09 15:33:00,1,1,1,111,Lost Customers
17844,107,1,51.559999999999995,2011-08-25 11:27:00,2,1,1,211,Lost Customers
17846,85,1,2033.1,2011-09-15 15:20:00,2,1,4,214,At Risk
17848,81,9,901.2,2011-09-19 16:49:00,2,5,3,253,At Risk
17849,218,4,605.8000000000001,2011-05-05 13:46:00,1,4,3,143,At Risk
17850,372,34,5391.21,2010-12-02 15:27:00,1,5,5,155,At Risk
17852,12,2,114.34,2011-11-28 12:36:00,5,2,1,521,Potential Loyalists
17854,185,2,311.26,2011-06-07 16:21:00,1,2,2,122,Lost Customers
17855,373,1,208.97,2010-12-02 09:44:00,1,1,1,111,Lost Customers
17856,2,4,1418.03,2011-12-08 09:40:00,5,4,4,544,Champions
17857,4,23,26879.04,2011-12-05 13:13:00,5,5,5,555,Champions
17858,6,12,5140.66,2011-12-04 11:56:00,5,5,5,555,Champions
17859,305,1,141.92,2011-02-08 10:32:00,1,1,1,111,Lost Customers
17860,369,1,226.45000000000002,2010-12-06 12:41:00,1,1,1,111,Lost Customers
17861,3,8,2097.88,2011-12-06 16:21:00,5,5,5,555,Champions
17862,324,1,330.9,2011-01-20 12:23:00,1,1,2,112,Lost Customers
17863,59,6,3160.0,2011-10-11 13:45:00,3,4,5,345,Loyal Customers
17864,13,3,554.85,2011-11-27 11:15:00,5,3,3,533,Potential Loyalists
17865,31,20,10526.32,2011-11-09 12:08:00,4,5,5,455,Champions
17866,143,1,329.65000000000003,2011-07-20 11:07:00,2,1,2,212,Lost Customers
17867,30,6,1157.8700000000001,2011-11-09 14:15:00,4,4,4,444,Champions
17869,107,5,428.18,2011-08-24 16:16:00,2,4,2,242,At Risk
17870,2,12,1865.8899999999999,2011-12-07 15:07:00,5,5,4,554,Champions
17871,205,1,155.9,2011-05-19 11:32:00,1,1,1,111,Lost Customers
17873,80,5,1848.96,2011-09-20 16:41:00,2,4,4,244,At Risk
17874,185,6,683.46,2011-06-07 12:54:00,1,4,3,143,At Risk
17877,170,1,237.61,2011-06-22 13:00:00,2,1,1,211,Lost Customers
17878,44,1,379.45,2011-10-27 11:24:00,3,1,2,312,Other
17879,174,1,178.52,2011-06-19 12:36:00,2,1,1,211,Lost Customers
17880,365,1,458.92,2010-12-10 10:21:00,1,1,2,112,Lost Customers
17881,304,1,133.35,2011-02-08 17:16:00,1,1,1,111,Lost Customers
17883,3,4,664.34,2011-12-06 17:49:00,5,4,3,543,Loyal Customers
17884,4,4,695.07,2011-12-06 11:33:00,5,4,3,543,Loyal Customers
17885,12,1,156.34,2011-11-27 14:40:00,5,1,1,511,New Customers
17886,32,3,869.28,2011-11-08 10:09:00,4,3,3,433,Potential Loyalists
17887,129,1,111.35,2011-08-02 17:29:00,2,1,1,211,Lost Customers
17888,21,8,716.0,2011-11-18 13:45:00,4,5,3,453,Loyal Customers
17889,212,2,201.37,2011-05-11 16:26:00,1,2,1,121,Lost Customers
17890,323,2,586.89,2011-01-21 11:19:00,1,2,3,123,Lost Customers
17891,162,1,203.85999999999999,2011-06-30 20:08:00,2,1,1,211,Lost Customers
17892,56,3,244.1,2011-10-14 16:49:00,3,3,1,331,Other
17893,225,1,107.21,2011-04-28 13:50:00,1,1,1,111,Lost Customers
17894,72,8,1118.96,2011-09-29 09:23:00,2,5,4,254,At Risk
17895,44,1,95.45,2011-10-26 17:00:00,3,1,1,311,Other
17896,23,1,256.32,2011-11-16 13:59:00,4,1,2,412,New Customers
17897,173,3,541.81,2011-06-20 11:23:00,2,3,3,233,At Risk
17898,85,2,152.06,2011-09-15 14:56:00,2,2,1,221,Lost Customers
17899,159,1,154.55,2011-07-03 14:58:00,2,1,1,211,Lost Customers
17900,190,2,112.19999999999999,2011-06-02 14:38:00,1,2,1,121,Lost Customers
17901,29,1,110.38,2011-11-10 17:29:00,4,1,1,411,New Customers
17904,21,1,181.07,2011-11-18 12:57:00,4,1,1,411,New Customers
17905,71,4,798.99,2011-09-29 17:33:00,3,4,3,343,Loyal Customers
17906,247,1,72.9,2011-04-06 17:25:00,1,1,1,111,Lost Customers
17908,374,1,232.03,2010-12-01 11:45:00,1,1,1,111,Lost Customers
17911,9,1,366.23,2011-11-30 14:52:00,5,1,2,512,New Customers
17912,310,5,310.06,2011-02-02 14:25:00,1,4,2,142,At Risk
17913,59,2,408.65,2011-10-12 10:45:00,3,2,2,322,Other
17914,4,1,329.36,2011-12-06 11:58:00,5,1,2,512,New Customers
17917,45,3,335.03,2011-10-25 13:20:00,3,3,2,332,Other
17919,88,1,1304.04,2011-09-12 13:41:00,2,1,4,214,At Risk
17920,4,17,4119.5,2011-12-05 14:29:00,5,5,5,555,Champions
17921,64,4,820.23,2011-10-06 18:56:00,3,4,3,343,Loyal Customers
17923,282,1,207.50000000000003,2011-03-02 15:15:00,1,1,1,111,Lost Customers
17924,12,7,2962.5,2011-11-28 09:11:00,5,5,5,555,Champions
17925,373,1,244.08,2010-12-02 10:10:00,1,1,1,111,Lost Customers
17926,133,2,397.29,2011-07-29 14:39:00,2,2,2,222,Lost Customers
17928,45,2,212.54,2011-10-25 13:52:00,3,2,1,321,Other
17929,11,4,843.0,2011-11-28 16:01:00,5,4,3,543,Loyal Customers
17930,36,5,1740.48,2011-11-04 10:23:00,3,4,4,344,Loyal Customers
17931,134,2,408.36,2011-07-28 18:33:00,2,2,2,222,Lost Customers
17932,29,3,1331.57,2011-11-10 19:49:00,4,3,4,434,Potential Loyalists
17934,52,2,704.25,2011-10-19 11:16:00,3,2,3,323,Other
17935,138,2,145.79,2011-07-24 13:18:00,2,2,1,221,Lost Customers
17936,5,1,380.13,2011-12-04 13:32:00,5,1,2,512,New Customers
17937,9,7,4301.22,2011-12-01 11:45:00,5,5,5,555,Champions
17939,160,1,99.14,2011-07-03 12:27:00,2,1,1,211,Lost Customers
17940,49,10,4020.04,2011-10-21 13:27:00,3,5,5,355,Loyal Customers
17941,131,1,304.56,2011-08-01 08:30:00,2,1,2,212,Lost Customers
17942,8,1,77.50000000000001,2011-12-02 10:45:00,5,1,1,511,New Customers
17946,233,2,149.57999999999998,2011-04-20 17:00:00,1,2,1,121,Lost Customers
17947,37,1,176.68,2011-11-02 13:05:00,3,1,1,311,Other
17948,147,1,358.56000000000006,2011-07-15 12:58:00,2,1,2,212,Lost Customers
17949,1,45,58510.48,2011-12-08 18:46:00,5,5,5,555,Champions
17950,72,3,482.2,2011-09-28 15:18:00,2,3,2,232,At Risk
17951,40,3,1008.5400000000001,2011-10-31 12:30:00,3,3,4,334,Other
17954,5,12,2314.13,2011-12-04 14:15:00,5,5,5,555,Champions
17955,199,4,557.3,2011-05-25 12:00:00,1,4,3,143,At Risk
17956,249,1,12.75,2011-04-04 13:47:00,1,1,1,111,Lost Customers
17957,66,1,111.68,2011-10-04 14:58:00,3,1,1,311,Other
17958,117,1,508.46000000000004,2011-08-15 12:19:00,2,1,3,213,Lost Customers
17960,171,1,73.78,2011-06-21 14:15:00,2,1,1,211,Lost Customers
17961,21,39,1296.44,2011-11-18 16:55:00,4,5,4,454,Champions
17962,142,1,102.41,2011-07-20 14:16:00,2,1,1,211,Lost Customers
17964,32,2,463.21,2011-11-08 10:44:00,4,2,2,422,Potential Loyalists
17965,38,14,2599.19,2011-11-02 09:31:00,3,5,5,355,Loyal Customers
17966,38,5,1098.43,2011-11-02 10:26:00,3,4,4,344,Loyal Customers
17967,372,1,112.27,2010-12-03 11:19:00,1,1,1,111,Lost Customers
17968,374,1,265.1,2010-12-01 12:23:00,1,1,2,112,Lost Customers
17969,166,2,228.2,2011-06-26 13:00:00,2,2,1,221,Lost Customers
17970,211,1,562.79,2011-05-12 20:03:00,1,1,3,113,Lost Customers
17972,242,1,135.19,2011-04-12 12:16:00,1,1,1,111,Lost Customers
17973,52,1,337.04,2011-10-19 10:34:00,3,1,2,312,Other
17974,25,3,703.99,2011-11-15 11:37:00,4,3,3,433,Potential Loyalists
17975,15,13,4483.26,2011-11-24 13:27:00,4,5,5,455,Champions
17976,372,1,321.79,2010-12-02 13:49:00,1,1,2,112,Lost Customers
17977,29,1,288.14,2011-11-10 13:28:00,4,1,2,412,New Customers
17978,365,1,300.91999999999996,2010-12-09 14:05:00,1,1,2,112,Lost Customers
17979,36,4,732.41,2011-11-04 12:05:00,3,4,3,343,Loyal Customers
17980,166,3,811.45,2011-06-27 12:01:00,2,3,3,233,At Risk
17984,145,1,152.68,2011-07-17 15:59:00,2,1,1,211,Lost Customers
17985,22,1,631.35,2011-11-17 14:24:00,4,1,3,413,New Customers
17986,56,1,20.8,2011-10-14 14:22:00,3,1,1,311,Other
17987,185,1,198.57,2011-06-07 14:22:00,1,1,1,111,Lost Customers
17988,12,7,201.12,2011-11-28 11:00:00,5,5,1,551,Loyal Customers
17990,237,3,630.84,2011-04-17 11:44:00,1,3,3,133,At Risk
17991,225,2,93.35,2011-04-28 15:58:00,1,2,1,121,Lost Customers
17994,122,4,674.89,2011-08-10 11:41:00,2,4,3,243,At Risk
17995,282,1,76.1,2011-03-03 12:30:00,1,1,1,111,Lost Customers
17997,74,8,1962.46,2011-09-26 16:13:00,2,5,4,254,At Risk
17999,37,2,380.39,2011-11-02 15:56:00,3,2,2,322,Other
18001,12,2,415.13,2011-11-27 16:02:00,5,2,2,522,Potential Loyalists
18004,362,1,157.92,2010-12-12 13:47:00,1,1,1,111,Lost Customers
18005,4,2,226.47,2011-12-06 11:51:00,5,2,1,521,Potential Loyalists
18006,23,1,444.68,2011-11-16 16:52:00,4,1,2,412,New Customers
18008,70,9,2116.19,2011-09-30 15:17:00,3,5,5,355,Loyal Customers
18009,235,1,247.39,2011-04-18 13:36:00,1,1,1,111,Lost Customers
18010,257,1,174.8,2011-03-28 12:27:00,1,1,1,111,Lost Customers
18011,373,1,102.78999999999999,2010-12-01 17:35:00,1,1,1,111,Lost Customers
18013,155,2,187.29,2011-07-07 14:11:00,2,2,1,221,Lost Customers
18014,28,1,162.22,2011-11-11 15:28:00,4,1,1,411,New Customers
18015,4,1,120.03,2011-12-05 14:49:00,5,1,1,511,New Customers
18016,32,5,1477.66,2011-11-07 13:25:00,4,4,4,444,Champions
18017,81,3,523.0,2011-09-19 16:15:00,2,3,3,233,At Risk
18018,108,2,122.14,2011-08-23 17:37:00,2,2,1,221,Lost Customers
18019,52,1,38.45,2011-10-19 12:10:00,3,1,1,311,Other
18022,36,1,612.72,2011-11-04 12:45:00,3,1,3,313,Other
18024,153,2,389.78,2011-07-10 12:40:00,2,2,2,222,Lost Customers
18027,99,1,115.31,2011-09-02 10:38:00,2,1,1,211,Lost Customers
18030,4,2,230.64999999999998,2011-12-05 16:37:00,5,2,1,521,Potential Loyalists
18032,334,1,73.5,2011-01-09 15:32:00,1,1,1,111,Lost Customers
18033,65,1,93.82000000000001,2011-10-05 17:28:00,3,1,1,311,Other
18034,22,2,418.68,2011-11-18 12:22:00,4,2,2,422,Potential Loyalists
18035,36,3,713.89,2011-11-04 12:39:00,3,3,3,333,Other
18036,32,3,403.12,2011-11-07 14:40:00,4,3,2,432,Potential Loyalists
18037,154,6,70.02,2011-07-08 13:39:00,2,4,1,241,At Risk
18040,19,2,357.20000000000005,2011-11-20 14:20:00,4,2,2,422,Potential Loyalists
18041,12,21,4097.37,2011-11-28 11:39:00,5,5,5,555,Champions
18042,54,1,165.04999999999998,2011-10-17 11:49:00,3,1,1,311,Other
18043,25,3,529.29,2011-11-15 12:48:00,4,3,3,433,Potential Loyalists
18044,4,10,2088.6,2011-12-05 14:26:00,5,5,5,555,Champions
18045,45,1,178.34,2011-10-25 13:07:00,3,1,1,311,Other
18048,203,2,172.29000000000002,2011-05-20 14:58:00,1,2,1,121,Lost Customers
18050,359,1,74.4,2010-12-15 14:25:00,1,1,1,111,Lost Customers
18053,71,1,300.02,2011-09-30 09:05:00,3,1,2,312,Other
18055,7,10,6761.34,2011-12-02 14:25:00,5,5,5,555,Champions
18056,288,1,363.65,2011-02-24 14:27:00,1,1,2,112,Lost Customers
18058,10,1,170.16,2011-11-30 08:38:00,5,1,1,511,New Customers
18059,23,3,306.46,2011-11-16 16:49:00,4,3,2,432,Potential Loyalists
18061,22,10,2119.41,2011-11-18 11:20:00,4,5,5,455,Champions
18062,173,3,720.52,2011-06-19 14:47:00,2,3,3,233,At Risk
18064,133,2,814.0,2011-07-29 16:39:00,2,2,3,223,Lost Customers
18065,6,14,2392.83,2011-12-04 10:30:00,5,5,5,555,Champions
18066,75,1,318.0,2011-09-25 15:30:00,2,1,2,212,Lost Customers
18067,40,1,396.33,2011-10-30 15:58:00,3,1,2,312,Other
18068,289,1,101.7,2011-02-23 14:50:00,1,1,1,111,Lost Customers
18069,26,5,2009.24,2011-11-13 16:03:00,4,4,4,444,Champions
18071,258,2,453.0,2011-03-27 11:59:00,1,2,2,122,Lost Customers
18072,186,1,247.44,2011-06-07 10:44:00,1,1,1,111,Lost Customers
18073,114,12,3859.82,2011-08-17 14:02:00,2,5,5,255,At Risk
18074,374,1,489.6,2010-12-01 09:53:00,1,1,3,113,Lost Customers
18075,23,10,2611.75,2011-11-16 15:21:00,4,5,5,455,Champions
18077,8,11,2584.41,2011-12-01 13:32:00,5,5,5,555,Champions
18078,217,2,336.13,2011-05-06 14:32:00,1,2,2,122,Lost Customers
18079,45,4,3613.15,2011-10-25 15:27:00,3,4,5,345,Loyal Customers
18080,19,2,1231.5,2011-11-21 08:02:00,4,2,4,424,Potential Loyalists
18081,36,3,343.45,2011-11-03 16:30:00,3,3,2,332,Other
18082,26,1,680.84,2011-11-14 12:45:00,4,1,3,413,New Customers
18084,16,1,90.48,2011-11-23 13:57:00,4,1,1,411,New Customers
18085,330,2,689.95,2011-01-13 15:17:00,1,2,3,123,Lost Customers
18086,274,1,101.34,2011-03-10 13:34:00,1,1,1,111,Lost Customers
18087,98,2,4055.7200000000003,2011-09-02 15:12:00,2,2,5,225,At Risk
18088,61,1,166.03,2011-10-09 13:41:00,3,1,1,311,Other
18092,2,11,9068.26,2011-12-07 13:14:00,5,5,5,555,Champions
18093,93,4,2106.52,2011-09-07 15:43:00,2,4,5,245,At Risk
18094,82,7,3017.3,2011-09-19 09:28:00,2,5,5,255,At Risk
18095,313,2,580.05,2011-01-31 12:50:00,1,2,3,123,Lost Customers
18096,12,3,849.06,2011-11-28 12:44:00,5,3,3,533,Potential Loyalists
18097,8,6,2662.4,2011-12-02 11:16:00,5,4,5,545,Champions
18099,127,1,168.31,2011-08-04 15:52:00,2,1,1,211,Lost Customers
18101,11,2,222.4,2011-11-28 13:37:00,5,2,1,521,Potential Loyalists
18102,1,60,259657.3,2011-12-09 11:50:00,5,5,5,555,Champions
18104,37,1,754.64,2011-11-02 14:07:00,3,1,3,313,Other
18105,38,1,113.48000000000002,2011-11-02 12:04:00,3,1,1,311,Other
18106,330,1,421.9,2011-01-14 12:23:00,1,1,2,112,Lost Customers
18108,254,1,271.0,2011-03-30 13:56:00,1,1,2,112,Lost Customers
18109,2,26,8004.92,2011-12-08 11:36:00,5,5,5,555,Champions
18110,20,1,198.8,2011-11-20 12:34:00,4,1,1,411,New Customers
18112,12,2,352.69,2011-11-27 14:43:00,5,2,2,522,Potential Loyalists
18113,369,1,76.32000000000001,2010-12-06 12:31:00,1,1,1,111,Lost Customers
18114,290,1,220.1,2011-02-22 13:20:00,1,1,1,111,Lost Customers
18116,68,8,1403.1100000000001,2011-10-03 11:00:00,3,5,4,354,Loyal Customers
18117,26,1,315.65,2011-11-14 12:47:00,4,1,2,412,New Customers
18118,11,26,5625.08,2011-11-29 11:32:00,5,5,5,555,Champions
18119,368,1,180.7,2010-12-07 11:59:00,1,1,1,111,Lost Customers
18120,214,1,111.15,2011-05-09 13:45:00,1,1,1,111,Lost Customers
18121,149,2,653.3000000000001,2011-07-13 12:53:00,2,2,3,223,Lost Customers
18122,8,6,1793.06,2011-12-01 13:08:00,5,4,4,544,Champions
18123,24,2,574.4399999999999,2011-11-15 14:23:00,4,2,3,423,Potential Loyalists
18125,30,4,1131.75,2011-11-10 12:29:00,4,4,4,444,Champions
18126,61,1,200.92,2011-10-10 12:19:00,3,1,1,311,Other
18127,19,3,347.08,2011-11-20 14:05:00,4,3,2,432,Potential Loyalists
18129,243,1,112.55000000000001,2011-04-10 14:16:00,1,1,1,111,Lost Customers
18130,15,3,1059.39,2011-11-24 14:40:00,4,3,4,434,Potential Loyalists
18133,212,1,931.5,2011-05-11 14:14:00,1,1,3,113,Lost Customers
18135,29,5,681.91,2011-11-10 19:32:00,4,4,3,443,Loyal Customers
18136,63,3,784.33,2011-10-07 15:40:00,3,3,3,333,Other
18138,295,1,152.65,2011-02-17 14:51:00,1,1,1,111,Lost Customers
18139,18,6,8438.34,2011-11-22 10:44:00,4,4,5,445,Champions
18142,157,2,1019.52,2011-07-05 13:19:00,2,2,4,224,At Risk
18143,117,2,1000.16,2011-08-15 12:07:00,2,2,4,224,At Risk
18144,8,12,2888.75,2011-12-02 12:46:00,5,5,5,555,Champions
18145,13,4,2861.55,2011-11-27 11:22:00,5,4,5,545,Champions
18146,141,2,160.35,2011-07-22 12:08:00,2,2,1,221,Lost Customers
18147,46,2,179.34,2011-10-25 11:46:00,3,2,1,321,Other
18149,51,3,612.0799999999999,2011-10-20 12:04:00,3,3,3,333,Other
18150,32,3,566.58,2011-11-07 16:49:00,4,3,3,433,Potential Loyalists
18151,135,2,653.35,2011-07-28 11:35:00,2,2,3,223,Lost Customers
18154,3,2,399.19,2011-12-06 16:41:00,5,2,2,522,Potential Loyalists
18155,75,3,371.62,2011-09-25 13:32:00,2,3,2,232,At Risk
18156,13,2,675.64,2011-11-27 12:24:00,5,2,3,523,Potential Loyalists
18158,9,2,453.4,2011-11-30 16:19:00,5,2,2,522,Potential Loyalists
18159,301,1,530.15,2011-02-11 14:26:00,1,1,3,113,Lost Customers
18160,57,2,638.0600000000001,2011-10-13 15:50:00,3,2,3,323,Other
18161,15,5,1618.69,2011-11-24 16:40:00,4,4,4,444,Champions
18164,37,1,399.65,2011-11-02 12:56:00,3,1,2,312,Other
18165,177,1,302.46,2011-06-15 13:23:00,2,1,2,212,Lost Customers
18167,23,3,1384.8600000000001,2011-11-16 15:56:00,4,3,4,434,Potential Loyalists
18168,176,6,1160.04,2011-06-16 19:21:00,2,4,4,244,At Risk
18169,61,1,202.65,2011-10-10 12:18:00,3,1,1,311,Other
18170,33,3,980.3100000000001,2011-11-06 14:35:00,3,3,4,334,Other
18171,59,5,1231.31,2011-10-12 09:13:00,3,4,4,344,Loyal Customers
18172,15,20,7561.68,2011-11-25 11:12:00,4,5,5,455,Champions
18173,87,4,2106.84,2011-09-14 11:26:00,2,4,5,245,At Risk
18174,7,1,104.0,2011-12-02 16:56:00,5,1,1,511,New Customers
18176,358,1,476.35,2010-12-16 15:45:00,1,1,2,112,Lost Customers
18177,31,6,1340.8700000000001,2011-11-08 14:44:00,4,4,4,444,Champions
18178,129,4,1590.81,2011-08-03 09:30:00,2,4,4,244,At Risk
18179,9,6,1793.17,2011-11-30 16:23:00,5,4,4,544,Champions
18180,5,6,1843.75,2011-12-05 08:39:00,5,4,4,544,Champions
18181,24,1,366.85,2011-11-15 15:08:00,4,1,2,412,New Customers
18183,227,2,632.07,2011-04-26 15:26:00,1,2,3,123,Lost Customers
18184,15,1,49.8,2011-11-24 15:28:00,4,1,1,411,New Customers
18185,249,1,304.25,2011-04-04 13:42:00,1,1,2,112,Lost Customers
18188,15,3,2001.04,2011-11-24 16:46:00,4,3,4,434,Potential Loyalists
18189,78,2,1090.24,2011-09-23 12:40:00,2,2,4,224,At Risk
18190,192,2,284.46000000000004,2011-05-31 14:48:00,1,2,2,122,Lost Customers
18191,262,1,207.8,2011-03-23 12:08:00,1,1,1,111,Lost Customers
18192,72,1,957.97,2011-09-29 09:53:00,2,1,4,214,At Risk
18193,165,1,243.76,2011-06-27 13:58:00,2,1,1,211,Lost Customers
18194,82,1,973.84,2011-09-18 13:29:00,2,1,4,214,At Risk
18196,95,2,686.63,2011-09-05 16:22:00,2,2,3,223,Lost Customers
18198,4,17,5425.56,2011-12-05 14:49:00,5,5,5,555,Champions
18200,106,1,150.35,2011-08-25 18:45:00,2,1,1,211,Lost Customers
18202,200,3,1396.99,2011-05-24 12:12:00,1,3,4,134,At Risk
18203,157,1,160.42000000000002,2011-07-05 13:07:00,2,1,1,211,Lost Customers
18204,71,3,1975.3500000000001,2011-09-29 16:44:00,3,3,4,334,Other
18205,36,2,517.36,2011-11-03 13:22:00,3,2,3,323,Other
18209,29,1,139.10000000000002,2011-11-11 12:07:00,4,1,1,411,New Customers
18210,2,6,2621.38,2011-12-08 11:02:00,5,4,5,545,Champions
18211,26,5,600.07,2011-11-14 08:10:00,4,4,3,443,Loyal Customers
18212,326,1,216.07,2011-01-17 16:14:00,1,1,1,111,Lost Customers
18213,237,1,232.48000000000002,2011-04-17 10:21:00,1,1,1,111,Lost Customers
18215,89,1,299.34000000000003,2011-09-11 16:05:00,2,1,2,212,Lost Customers
18216,31,1,481.75,2011-11-08 16:55:00,4,1,2,412,New Customers
18217,29,2,621.75,2011-11-10 13:18:00,4,2,3,423,Potential Loyalists
18218,211,2,641.92,2011-05-12 12:53:00,1,2,3,123,Lost Customers
18219,3,10,2069.77,2011-12-07 11:43:00,5,5,5,555,Champions
18220,227,1,305.28,2011-04-27 09:03:00,1,1,2,112,Lost Customers
18221,22,5,1041.61,2011-11-17 14:40:00,4,4,4,444,Champions
18222,93,1,443.0,2011-09-08 10:45:00,2,1,2,212,Lost Customers
18223,5,14,6484.54,2011-12-05 09:11:00,5,5,5,555,Champions
18224,264,1,158.95000000000002,2011-03-21 10:30:00,1,1,1,111,Lost Customers
18225,3,12,5504.96,2011-12-06 13:27:00,5,5,5,555,Champions
18226,44,11,5228.05,2011-10-26 13:36:00,3,5,5,355,Loyal Customers
18227,218,1,93.75,2011-05-06 12:23:00,1,1,1,111,Lost Customers
18228,57,2,779.9,2011-10-14 09:21:00,3,2,3,323,Other
18229,12,20,7276.9,2011-11-28 09:48:00,5,5,5,555,Champions
18230,9,7,2810.2000000000003,2011-11-30 13:22:00,5,5,5,555,Champions
18231,192,5,2071.77,2011-05-31 14:18:00,1,4,5,145,At Risk
18232,82,4,592.97,2011-09-19 11:49:00,2,4,3,243,At Risk
18233,326,1,440.0,2011-01-18 08:44:00,1,1,2,112,Lost Customers
18235,72,3,1796.48,2011-09-29 08:27:00,2,3,4,234,At Risk
18236,30,6,882.24,2011-11-10 08:06:00,4,4,3,443,Loyal Customers
18237,3,5,987.1,2011-12-07 12:49:00,5,4,4,544,Champions
18239,219,5,1561.6100000000001,2011-05-05 12:38:00,1,4,4,144,At Risk
18240,46,1,422.58,2011-10-24 13:06:00,3,1,2,312,Other
18241,10,17,2073.09,2011-11-30 12:10:00,5,5,5,555,Champions
18242,72,4,2232.4900000000002,2011-09-28 13:43:00,2,4,5,245,At Risk
18245,7,7,2567.06,2011-12-02 14:48:00,5,5,5,555,Champions
18246,24,2,596.1,2011-11-16 11:49:00,4,2,3,423,Potential Loyalists
18248,123,2,804.02,2011-08-09 10:19:00,2,2,3,223,Lost Customers
18249,17,1,95.34,2011-11-22 15:07:00,4,1,1,411,New Customers
18250,310,1,349.27,2011-02-02 13:16:00,1,1,2,112,Lost Customers
18251,87,1,4314.72,2011-09-13 15:03:00,2,1,5,215,At Risk
18252,51,2,518.27,2011-10-20 12:43:00,3,2,3,323,Other
18255,89,1,103.30000000000001,2011-09-11 13:16:00,2,1,1,211,Lost Customers
18257,39,8,2337.63,2011-10-31 14:48:00,3,5,5,355,Loyal Customers
18259,25,3,2338.6,2011-11-15 12:34:00,4,3,5,435,Potential Loyalists
18260,173,6,2628.35,2011-06-20 12:37:00,2,4,5,245,At Risk
18261,43,2,324.24,2011-10-27 15:36:00,3,2,2,322,Other
18262,140,1,149.48,2011-07-22 16:04:00,2,1,1,211,Lost Customers
18263,26,3,1213.16,2011-11-14 09:00:00,4,3,4,434,Potential Loyalists
18265,72,2,801.51,2011-09-28 14:10:00,2,2,3,223,Lost Customers
18268,134,1,25.5,2011-07-28 19:13:00,2,1,1,211,Lost Customers
18269,366,1,168.60000000000002,2010-12-08 13:53:00,1,1,1,111,Lost Customers
18270,38,2,283.15000000000003,2011-11-01 13:57:00,3,2,2,322,Other
18272,3,6,3078.58,2011-12-07 12:43:00,5,4,5,545,Champions
18273,2,3,204.0,2011-12-07 13:16:00,5,3,1,531,Potential Loyalists
18274,30,1,175.92,2011-11-09 17:03:00,4,1,1,411,New Customers
18276,44,1,335.86,2011-10-27 10:54:00,3,1,2,312,Other
18277,58,1,110.38,2011-10-12 15:22:00,3,1,1,311,Other
18278,74,1,173.9,2011-09-27 11:58:00,2,1,1,211,Lost Customers
18280,278,1,180.60000000000002,2011-03-07 09:52:00,1,1,1,111,Lost Customers
18281,181,1,80.82,2011-06-12 10:53:00,1,1,1,111,Lost Customers
18282,8,2,178.05,2011-12-02 11:43:00,5,2,1,521,Potential Loyalists
18283,4,16,2045.53,2011-12-06 12:02:00,5,5,4,554,Champions
18287,43,3,1837.28,2011-10-28 09:29:00,3,3,4,334,Other
